# Blender 4.3.2
# www.blender.org
mtllib Redbull.mtl
o Redbull
v 0.345959 2.073211 -0.123195
v 0.345959 0.347450 -0.123194
v 0.315277 2.073211 -0.188321
v 0.315277 0.347450 -0.188320
v 0.272479 2.073211 -0.246210
v 0.272480 0.347450 -0.246209
v 0.219211 2.073211 -0.294637
v 0.219211 0.347450 -0.294636
v 0.157518 2.073211 -0.331742
v 0.157518 0.347450 -0.331741
v 0.089772 2.073211 -0.356097
v 0.089772 0.347450 -0.356097
v 0.018576 2.073211 -0.366769
v 0.018576 0.347450 -0.366768
v -0.053334 2.073211 -0.363345
v -0.053334 0.347450 -0.363345
v -0.123195 2.073211 -0.345958
v -0.123194 0.347450 -0.345958
v -0.188321 2.073211 -0.315277
v -0.188321 0.347450 -0.315276
v -0.246210 2.073211 -0.272479
v -0.246209 0.347450 -0.272479
v -0.294637 2.073211 -0.219211
v -0.294637 0.347450 -0.219210
v -0.331741 2.073211 -0.157518
v -0.331741 0.347450 -0.157517
v -0.356097 2.073211 -0.089771
v -0.356097 0.347450 -0.089771
v -0.366768 2.073211 -0.018575
v -0.366768 0.347450 -0.018575
v -0.363345 2.073211 0.053335
v -0.363345 0.347450 0.053335
v -0.345958 2.073211 0.123195
v -0.345958 0.347450 0.123195
v -0.315277 2.073211 0.188321
v -0.315276 0.347451 0.188321
v -0.272479 2.073211 0.246210
v -0.272479 0.347451 0.246210
v -0.219210 2.073211 0.294637
v -0.219210 0.347451 0.294637
v -0.157517 2.073211 0.331741
v -0.157517 0.347451 0.331742
v -0.089771 2.073211 0.356097
v -0.089771 0.347450 0.356098
v -0.018575 2.073211 0.366769
v -0.018575 0.347451 0.366769
v 0.053335 2.073211 0.363345
v 0.053335 0.347451 0.363346
v 0.123195 2.073211 0.345958
v 0.123195 0.347451 0.345959
v 0.188321 2.073211 0.315277
v 0.188321 0.347451 0.315277
v 0.246210 2.073211 0.272479
v 0.246210 0.347451 0.272480
v 0.294637 2.073211 0.219210
v 0.294637 0.347451 0.219211
v 0.331742 2.073211 0.157518
v 0.331742 0.347451 0.157518
v 0.356097 2.073211 0.089771
v 0.356098 0.347451 0.089772
v 0.366769 2.073211 0.018575
v 0.366769 0.347450 0.018576
v 0.363345 2.073211 -0.053335
v 0.363345 0.347450 -0.053334
v 0.320966 2.163265 -0.114295
v 0.292501 2.163265 -0.174716
v 0.252795 2.163265 -0.228423
v 0.203374 2.163265 -0.273352
v 0.146138 2.163265 -0.307776
v 0.083286 2.163265 -0.330372
v 0.017234 2.163265 -0.340272
v -0.049481 2.163265 -0.337096
v -0.114295 2.163265 -0.320966
v -0.174716 2.163265 -0.292500
v -0.228423 2.163265 -0.252795
v -0.273352 2.163265 -0.203374
v -0.307775 2.163265 -0.146138
v -0.330372 2.163265 -0.083286
v -0.340272 2.163265 -0.017234
v -0.337096 2.163265 0.049481
v -0.320965 2.163265 0.114295
v -0.292500 2.163265 0.174716
v -0.252795 2.163265 0.228423
v -0.203374 2.163265 0.273352
v -0.146138 2.163265 0.307776
v -0.083286 2.163265 0.330372
v -0.017233 2.163265 0.340272
v 0.049482 2.163265 0.337096
v 0.114295 2.163265 0.320965
v 0.174716 2.163265 0.292500
v 0.228423 2.163265 0.252795
v 0.273352 2.163265 0.203374
v 0.307776 2.163265 0.146138
v 0.330372 2.163265 0.083286
v 0.340272 2.163265 0.017233
v 0.337096 2.163265 -0.049482
v 0.320966 2.206152 -0.114295
v 0.292501 2.206152 -0.174716
v 0.252795 2.206153 -0.228423
v 0.203374 2.206152 -0.273352
v 0.146138 2.206153 -0.307776
v 0.083286 2.206153 -0.330372
v 0.017234 2.206153 -0.340272
v -0.049481 2.206153 -0.337096
v -0.114295 2.206153 -0.320966
v -0.174716 2.206152 -0.292500
v -0.228423 2.206152 -0.252795
v -0.273352 2.206153 -0.203374
v -0.307775 2.206152 -0.146138
v -0.330372 2.206152 -0.083286
v -0.340272 2.206152 -0.017234
v -0.337096 2.206153 0.049481
v -0.320965 2.206153 0.114295
v -0.292500 2.206153 0.174716
v -0.252795 2.206153 0.228423
v -0.203374 2.206153 0.273352
v -0.146138 2.206153 0.307776
v -0.083286 2.206153 0.330372
v -0.017233 2.206153 0.340272
v 0.049482 2.206153 0.337096
v 0.114295 2.206153 0.320965
v 0.174716 2.206153 0.292500
v 0.228423 2.206153 0.252795
v 0.273352 2.206153 0.203374
v 0.307776 2.206153 0.146138
v 0.330372 2.206153 0.083286
v 0.340272 2.206153 0.017233
v 0.337096 2.206152 -0.049482
v 0.327348 2.164071 -0.116568
v 0.298317 2.164071 -0.178190
v 0.257822 2.164072 -0.232965
v 0.207419 2.164071 -0.278787
v 0.149044 2.164071 -0.313896
v 0.084942 2.164071 -0.336942
v 0.017576 2.164071 -0.347039
v -0.050465 2.164071 -0.343800
v -0.116568 2.164072 -0.327348
v -0.178190 2.164071 -0.298317
v -0.232965 2.164071 -0.257822
v -0.278787 2.164072 -0.207419
v -0.313896 2.164071 -0.149044
v -0.336941 2.164071 -0.084942
v -0.347039 2.164071 -0.017576
v -0.343799 2.164071 0.050465
v -0.327348 2.164071 0.116568
v -0.298317 2.164072 0.178190
v -0.257822 2.164072 0.232965
v -0.207418 2.164072 0.278787
v -0.149044 2.164072 0.313896
v -0.084942 2.164072 0.336941
v -0.017576 2.164072 0.347039
v 0.050466 2.164072 0.343799
v 0.116568 2.164072 0.327348
v 0.178191 2.164072 0.298317
v 0.232965 2.164072 0.257822
v 0.278788 2.164072 0.207418
v 0.313896 2.164072 0.149044
v 0.336942 2.164072 0.084942
v 0.347039 2.164072 0.017576
v 0.343800 2.164071 -0.050466
v 0.327348 2.205346 -0.116568
v 0.298317 2.205346 -0.178190
v 0.257822 2.205347 -0.232965
v 0.207419 2.205346 -0.278787
v 0.149044 2.205347 -0.313896
v 0.084942 2.205347 -0.336942
v 0.017576 2.205347 -0.347039
v -0.050465 2.205347 -0.343800
v -0.116568 2.205347 -0.327348
v -0.178190 2.205346 -0.298317
v -0.232965 2.205346 -0.257822
v -0.278787 2.205347 -0.207419
v -0.313896 2.205346 -0.149044
v -0.336941 2.205346 -0.084942
v -0.347039 2.205346 -0.017576
v -0.343799 2.205347 0.050465
v -0.327348 2.205347 0.116568
v -0.298317 2.205347 0.178190
v -0.257822 2.205347 0.232965
v -0.207418 2.205347 0.278787
v -0.149044 2.205347 0.313896
v -0.084942 2.205347 0.336941
v -0.017576 2.205347 0.347039
v 0.050466 2.205347 0.343799
v 0.116568 2.205347 0.327348
v 0.178191 2.205347 0.298317
v 0.232965 2.205347 0.257822
v 0.278788 2.205347 0.207418
v 0.313896 2.205347 0.149044
v 0.336942 2.205347 0.084942
v 0.347039 2.205347 0.017576
v 0.343800 2.205346 -0.050466
v 0.304362 2.146189 -0.108383
v 0.277370 2.146189 -0.165678
v 0.239718 2.146189 -0.216607
v 0.192854 2.146189 -0.259211
v 0.138579 2.146189 -0.291855
v 0.078978 2.146189 -0.313282
v 0.016342 2.146189 -0.322670
v -0.046922 2.146189 -0.319658
v -0.108382 2.146189 -0.304362
v -0.165678 2.146189 -0.277369
v -0.216607 2.146189 -0.239718
v -0.259211 2.146189 -0.192854
v -0.291854 2.146189 -0.138579
v -0.313282 2.146189 -0.078978
v -0.322670 2.146189 -0.016342
v -0.319658 2.146189 0.046922
v -0.304362 2.146189 0.108382
v -0.277369 2.146189 0.165678
v -0.239718 2.146189 0.216607
v -0.192854 2.146189 0.259211
v -0.138578 2.146189 0.291854
v -0.078978 2.146189 0.313282
v -0.016342 2.146189 0.322670
v 0.046922 2.146189 0.319658
v 0.108383 2.146189 0.304362
v 0.165678 2.146189 0.277369
v 0.216607 2.146189 0.239718
v 0.259211 2.146189 0.192854
v 0.291855 2.146189 0.138578
v 0.313282 2.146189 0.078978
v 0.322670 2.146189 0.016342
v 0.319658 2.146189 -0.046922
v 0.309294 2.173079 -0.106002
v 0.313454 2.187523 -0.107747
v 0.311088 2.180446 -0.106235
v 0.284949 2.187385 -0.166472
v 0.281164 2.173047 -0.163992
v 0.282718 2.180396 -0.164521
v 0.245505 2.187273 -0.218792
v 0.242234 2.173030 -0.215678
v 0.243488 2.180358 -0.216481
v 0.196649 2.187206 -0.262715
v 0.193997 2.173023 -0.259074
v 0.194909 2.180337 -0.260124
v 0.140259 2.187197 -0.296571
v 0.138306 2.173022 -0.292514
v 0.138846 2.180334 -0.293780
v 0.078494 2.187247 -0.319065
v 0.077299 2.173027 -0.314714
v 0.077452 2.180350 -0.316156
v 0.013716 2.187346 -0.329326
v 0.013321 2.173040 -0.324820
v 0.013082 2.180383 -0.326392
v -0.051599 2.187479 -0.326943
v -0.051174 2.173068 -0.322445
v -0.051795 2.180430 -0.324088
v -0.114951 2.187621 -0.311988
v -0.113707 2.173110 -0.307682
v -0.114689 2.180484 -0.309328
v -0.173907 2.187745 -0.285017
v -0.171875 2.173162 -0.281098
v -0.173183 2.180536 -0.282675
v -0.226196 2.187836 -0.247061
v -0.223440 2.173211 -0.243712
v -0.225027 2.180576 -0.245149
v -0.269797 2.187886 -0.199584
v -0.266416 2.173242 -0.196959
v -0.268224 2.180600 -0.198193
v -0.303026 2.187892 -0.144422
v -0.299147 2.173247 -0.142632
v -0.301110 2.180604 -0.143616
v -0.324598 2.187856 -0.083710
v -0.320375 2.173223 -0.082820
v -0.322419 2.180586 -0.083518
v -0.333676 2.187778 -0.019794
v -0.329286 2.173178 -0.019824
v -0.331330 2.180550 -0.020215
v -0.329911 2.187662 0.044854
v -0.325543 2.173126 0.043934
v -0.327503 2.180501 0.043858
v -0.313453 2.187523 0.107746
v -0.309294 2.173079 0.106001
v -0.311087 2.180446 0.106235
v -0.284948 2.187386 0.166472
v -0.281164 2.173047 0.163992
v -0.282718 2.180397 0.164520
v -0.245505 2.187273 0.218792
v -0.242234 2.173030 0.215678
v -0.243488 2.180358 0.216480
v -0.196649 2.187207 0.262715
v -0.193997 2.173023 0.259074
v -0.194909 2.180337 0.260124
v -0.140259 2.187197 0.296571
v -0.138306 2.173022 0.292514
v -0.138846 2.180334 0.293780
v -0.078494 2.187247 0.319065
v -0.077299 2.173027 0.314713
v -0.077451 2.180350 0.316156
v -0.013716 2.187346 0.329326
v -0.013320 2.173040 0.324819
v -0.013081 2.180383 0.326392
v 0.051599 2.187479 0.326943
v 0.051174 2.173068 0.322445
v 0.051795 2.180430 0.324088
v 0.114951 2.187621 0.311988
v 0.113707 2.173110 0.307682
v 0.114689 2.180484 0.309328
v 0.173908 2.187746 0.285017
v 0.171875 2.173162 0.281098
v 0.173183 2.180536 0.282674
v 0.226196 2.187837 0.247061
v 0.223441 2.173211 0.243712
v 0.225027 2.180577 0.245148
v 0.269797 2.187886 0.199584
v 0.266417 2.173242 0.196958
v 0.268224 2.180600 0.198193
v 0.303026 2.187892 0.144422
v 0.299147 2.173247 0.142632
v 0.301110 2.180604 0.143616
v 0.324598 2.187857 0.083709
v 0.320375 2.173223 0.082820
v 0.322419 2.180586 0.083518
v 0.333676 2.187778 0.019794
v 0.329286 2.173179 0.019823
v 0.331331 2.180550 0.020214
v 0.325543 2.173126 -0.043935
v 0.329911 2.187662 -0.044854
v 0.327503 2.180501 -0.043858
v 0.296224 2.146189 -0.105484
v 0.269953 2.146189 -0.161248
v 0.233308 2.146189 -0.210815
v 0.187697 2.146189 -0.252280
v 0.134873 2.146189 -0.284050
v 0.076866 2.146189 -0.304905
v 0.015905 2.146189 -0.314042
v -0.045667 2.146189 -0.311111
v -0.105484 2.146189 -0.296223
v -0.161248 2.146189 -0.269953
v -0.210814 2.146189 -0.233308
v -0.252280 2.146189 -0.187697
v -0.284050 2.146189 -0.134873
v -0.304905 2.146189 -0.076866
v -0.314042 2.146189 -0.015905
v -0.311110 2.146189 0.045667
v -0.296223 2.146189 0.105484
v -0.269952 2.146189 0.161248
v -0.233307 2.146189 0.210815
v -0.187697 2.146189 0.252280
v -0.134873 2.146189 0.284050
v -0.076866 2.146189 0.304905
v -0.015905 2.146189 0.314042
v 0.045667 2.146189 0.311110
v 0.105485 2.146189 0.296223
v 0.161248 2.146189 0.269953
v 0.210815 2.146189 0.233308
v 0.252280 2.146189 0.187697
v 0.284050 2.146189 0.134873
v 0.304905 2.146189 0.076866
v 0.314042 2.146189 0.015905
v 0.311111 2.146189 -0.045667
v 0.293010 2.152820 -0.104340
v 0.267024 2.152820 -0.159499
v 0.230777 2.152820 -0.208528
v 0.185661 2.152820 -0.249543
v 0.133410 2.152820 -0.280969
v 0.076032 2.152820 -0.301597
v 0.015733 2.152820 -0.310635
v -0.045172 2.152820 -0.307736
v -0.104340 2.152820 -0.293010
v -0.159499 2.152820 -0.267024
v -0.208528 2.152820 -0.230777
v -0.249543 2.152820 -0.185661
v -0.280969 2.152820 -0.133410
v -0.301597 2.152820 -0.076032
v -0.310635 2.152820 -0.015733
v -0.307736 2.152820 0.045172
v -0.293010 2.152820 0.104340
v -0.267024 2.152820 0.159499
v -0.230777 2.152820 0.208528
v -0.185661 2.152820 0.249543
v -0.133410 2.152820 0.280969
v -0.076032 2.152820 0.301597
v -0.015732 2.152821 0.310635
v 0.045172 2.152821 0.307736
v 0.104340 2.152820 0.293010
v 0.159499 2.152820 0.267024
v 0.208528 2.152820 0.230777
v 0.249544 2.152820 0.185661
v 0.280969 2.152820 0.133410
v 0.301598 2.152820 0.076032
v 0.310636 2.152820 0.015732
v 0.307736 2.152820 -0.045172
v -0.119531 2.135685 0.302066
v -0.119531 2.141222 -0.024203
v -0.119531 2.081152 0.138931
v 0.003164 2.081152 0.138931
v -0.159971 2.141624 0.138931
v 0.003164 2.135685 0.302066
v 0.003164 2.141222 -0.024203
v 0.166299 2.140083 0.138931
v 0.166299 2.141222 -0.024203
v -0.159971 2.141624 -0.024203
v 0.166299 2.140083 0.302066
v -0.159971 2.141624 0.302066
v 0.135990 2.142709 0.052427
v 0.135990 2.142709 0.161813
v 0.103620 2.142709 0.233249
v 0.031068 2.142710 0.275664
v -0.011347 2.142709 0.279012
v -0.077202 2.142709 0.243294
v -0.114036 2.142709 0.170742
v -0.112919 2.142709 0.051311
v -0.146833 2.142709 -0.180466
v -0.013887 2.142710 0.297326
v 0.032185 2.142710 0.295755
v 0.117014 2.142709 0.252224
v 0.160546 2.142709 0.172975
v 0.160546 2.142709 -0.178623
v 0.127060 2.142709 -0.242246
v 0.038882 2.142709 -0.279080
v -0.032554 2.142709 -0.279080
v -0.086131 2.142709 -0.242246
v -0.147521 2.142709 0.189718
v -0.109571 2.142709 0.264502
v 0.131568 2.081152 0.138931
v 0.131568 2.141222 -0.024203
v 0.131568 2.135685 0.302066
v -0.119531 2.081151 0.260280
v 0.003164 2.081151 0.260280
v 0.166299 2.140083 0.260280
v -0.159971 2.141624 0.260280
v 0.131568 2.081151 0.260280
v -0.119531 2.081151 0.010990
v 0.166299 2.140083 0.010990
v -0.159971 2.141624 0.010990
v 0.003164 2.081151 0.010990
v 0.131568 2.081151 0.010990
v -0.047841 2.152779 0.157825
v 0.054168 2.152779 0.157825
v 0.003164 2.152779 0.187079
v 0.002858 2.167998 0.043533
v 0.002858 2.137559 0.043533
v -0.000111 2.167998 0.043240
v -0.000111 2.137559 0.043240
v -0.002966 2.167998 0.042374
v -0.002966 2.137559 0.042374
v -0.005597 2.167998 0.040968
v -0.005597 2.137559 0.040968
v -0.007903 2.167998 0.039075
v -0.007903 2.137559 0.039075
v -0.009796 2.167998 0.036769
v -0.009796 2.137559 0.036769
v -0.011202 2.167998 0.034138
v -0.011202 2.137559 0.034138
v -0.012068 2.167998 0.031283
v -0.012068 2.137559 0.031283
v -0.012361 2.167998 0.028314
v -0.012361 2.137559 0.028314
v -0.012068 2.167998 0.025344
v -0.012068 2.137559 0.025344
v -0.011202 2.167998 0.022489
v -0.011202 2.137559 0.022489
v -0.009796 2.167998 0.019858
v -0.009796 2.137559 0.019858
v -0.007903 2.167998 0.017552
v -0.007903 2.137559 0.017552
v -0.005597 2.167998 0.015659
v -0.005597 2.137559 0.015659
v -0.002966 2.167998 0.014253
v -0.002966 2.137559 0.014253
v -0.000111 2.167998 0.013387
v -0.000111 2.137559 0.013387
v 0.002858 2.167998 0.013094
v 0.002858 2.137559 0.013094
v 0.005828 2.167998 0.013387
v 0.005828 2.137559 0.013387
v 0.008683 2.167998 0.014253
v 0.008683 2.137559 0.014253
v 0.011314 2.167998 0.015659
v 0.011314 2.137559 0.015659
v 0.013620 2.167998 0.017552
v 0.013620 2.137559 0.017552
v 0.015513 2.167998 0.019858
v 0.015513 2.137559 0.019858
v 0.016919 2.167998 0.022489
v 0.016919 2.137559 0.022489
v 0.017785 2.167998 0.025344
v 0.017785 2.137559 0.025344
v 0.018078 2.167998 0.028314
v 0.018078 2.137559 0.028314
v 0.017785 2.167998 0.031283
v 0.017785 2.137559 0.031283
v 0.016919 2.167998 0.034138
v 0.016919 2.137559 0.034138
v 0.015513 2.167998 0.036769
v 0.015513 2.137559 0.036769
v 0.013620 2.167998 0.039075
v 0.013620 2.137559 0.039075
v 0.011314 2.167998 0.040968
v 0.011314 2.137559 0.040968
v 0.008683 2.167998 0.042374
v 0.008683 2.137559 0.042374
v 0.005828 2.167998 0.043240
v 0.005828 2.137559 0.043240
v -0.035125 2.152779 0.157825
v 0.038480 2.152779 0.157825
v -0.055266 2.156295 0.097715
v 0.057713 2.156295 0.097715
v 0.060045 2.156295 0.002295
v 0.058507 2.156295 -0.011422
v 0.047711 2.156295 -0.017056
v -0.045642 2.156295 -0.017819
v -0.054980 2.156295 -0.010794
v -0.068349 2.164643 0.098673
v 0.075909 2.164643 0.098673
v -0.068349 2.184299 -0.044240
v 0.075909 2.184299 -0.044240
v -0.047841 2.152970 0.157744
v 0.054168 2.152970 0.157744
v -0.035125 2.152970 0.157744
v 0.038480 2.152970 0.157744
v -0.055266 2.164643 0.098673
v 0.057713 2.164643 0.098673
v 0.060045 2.177644 0.004144
v 0.058507 2.179513 -0.009446
v 0.047711 2.180281 -0.015027
v -0.045642 2.180385 -0.015783
v -0.054980 2.179428 -0.008824
v -0.032285 2.184299 -0.044240
v 0.003780 2.184299 -0.044240
v 0.039844 2.184299 -0.044240
v 0.001108 2.194877 -0.165487
v -0.069685 2.189588 -0.104863
v -0.069017 2.186943 -0.074551
v 0.075241 2.186943 -0.074551
v 0.074573 2.189588 -0.104863
v 0.073905 2.192233 -0.135175
v -0.038758 2.187063 -0.075917
v -0.057132 2.189511 -0.103984
v -0.040607 2.192005 -0.132566
v 0.003752 2.186093 -0.064807
v 0.012487 2.189130 -0.099610
v 0.001136 2.193083 -0.144920
v 0.045495 2.187171 -0.077161
v 0.062020 2.189665 -0.105742
v 0.043645 2.192113 -0.133809
v 0.026237 2.189130 -0.099610
v 0.023811 2.188001 -0.086669
v 0.040796 2.188635 -0.093948
v 0.048570 2.188527 -0.092700
v 0.044956 2.189484 -0.103667
v 0.039339 2.191076 -0.121922
v 0.032318 2.191672 -0.128748
v 0.021787 2.191876 -0.131088
v 0.013206 2.191502 -0.126798
v -0.007077 2.190515 -0.115486
v -0.013318 2.190583 -0.116266
v -0.025800 2.189902 -0.108465
v -0.031260 2.190140 -0.111195
v -0.021119 2.190991 -0.120947
v -0.022679 2.191604 -0.127968
v -0.028530 2.191229 -0.123677
v -0.028530 2.190753 -0.118216
v -0.038281 2.189970 -0.109245
v -0.028140 2.189222 -0.100664
v -0.023069 2.188711 -0.094813
v -0.030090 2.188235 -0.089352
v -0.030480 2.187622 -0.082332
v -0.022913 2.187605 -0.082136
v -0.011212 2.188871 -0.096646
v -0.002396 2.188915 -0.097154
v 0.003844 2.188643 -0.094033
v 0.002674 2.188167 -0.088572
v -0.003957 2.188167 -0.088572
v -0.004737 2.187622 -0.082332
v 0.005795 2.187520 -0.081161
v 0.011255 2.187973 -0.086349
v -0.068349 2.160852 0.098283
v 0.075909 2.160852 0.098283
v -0.068349 2.180508 -0.044630
v 0.075909 2.180508 -0.044630
v -0.047841 2.149179 0.157353
v 0.054168 2.149179 0.157353
v -0.035125 2.149179 0.157353
v 0.038480 2.149179 0.157353
v -0.055266 2.160852 0.098283
v 0.057713 2.160852 0.098283
v 0.060045 2.173853 0.003753
v 0.058507 2.175723 -0.009836
v 0.047711 2.176490 -0.015417
v -0.045642 2.176594 -0.016173
v -0.054980 2.175637 -0.009214
v -0.032285 2.180508 -0.044630
v 0.003780 2.180508 -0.044630
v 0.039844 2.180508 -0.044630
v -0.034956 2.191087 -0.165877
v 0.001108 2.191087 -0.165877
v 0.037173 2.191087 -0.165877
v -0.069685 2.185797 -0.105254
v -0.069017 2.183152 -0.074942
v 0.075241 2.183152 -0.074942
v 0.074573 2.185797 -0.105254
v 0.073905 2.188442 -0.135565
v -0.038758 2.183272 -0.076308
v -0.057132 2.185720 -0.104374
v -0.040607 2.188214 -0.132956
v 0.003752 2.182302 -0.065197
v 0.012487 2.185339 -0.100001
v 0.001136 2.189292 -0.145310
v 0.045495 2.183380 -0.077551
v 0.062020 2.185874 -0.106133
v 0.043645 2.188323 -0.134200
v 0.026237 2.185339 -0.100001
v 0.023811 2.184210 -0.087060
v 0.040796 2.184844 -0.094339
v 0.048570 2.184736 -0.093091
v 0.044956 2.185693 -0.104058
v 0.039339 2.187285 -0.122312
v 0.032318 2.187881 -0.129138
v 0.021787 2.188085 -0.131479
v 0.013206 2.187711 -0.127188
v -0.007077 2.186724 -0.115877
v -0.013318 2.186792 -0.116657
v -0.025800 2.186111 -0.108856
v -0.031260 2.186350 -0.111586
v -0.021119 2.187201 -0.121337
v -0.022679 2.187813 -0.128358
v -0.028530 2.187438 -0.124068
v -0.028530 2.186962 -0.118607
v -0.038281 2.186180 -0.109636
v -0.028140 2.185431 -0.101054
v -0.023069 2.184920 -0.095204
v -0.030090 2.184444 -0.089743
v -0.030480 2.183831 -0.082722
v -0.022913 2.183814 -0.082527
v -0.011212 2.185080 -0.097037
v -0.002396 2.185124 -0.097544
v 0.003844 2.184852 -0.094424
v 0.002674 2.184376 -0.088963
v -0.003957 2.184376 -0.088963
v -0.004737 2.183831 -0.082722
v 0.005795 2.183729 -0.081552
v 0.011255 2.184182 -0.086740
v -0.047841 2.149988 0.157770
v 0.054168 2.149988 0.157770
v 0.003164 2.149988 0.187024
v -0.035125 2.149988 0.157770
v 0.038480 2.149988 0.157770
v -0.055266 2.153504 0.097660
v 0.057713 2.153504 0.097660
v 0.060045 2.153504 0.002241
v 0.058507 2.153504 -0.011477
v 0.047711 2.153504 -0.017110
v -0.045642 2.153504 -0.017873
v -0.054980 2.153504 -0.010849
v -0.070353 2.192233 -0.135175
v -0.034956 2.194877 -0.165487
v -0.065855 2.193555 -0.150331
v -0.052899 2.194523 -0.161426
v 0.037173 2.194877 -0.165487
v 0.055294 2.194523 -0.161426
v 0.068739 2.193555 -0.150331
v -0.070353 2.188442 -0.135565
v -0.052899 2.190732 -0.161816
v -0.065855 2.189764 -0.150721
v 0.068739 2.189764 -0.150721
v 0.055294 2.190732 -0.161816
v 0.290722 0.271439 -0.173653
v 0.319015 0.271439 -0.113600
v 0.251258 0.271439 -0.227034
v 0.202138 0.271439 -0.271689
v 0.145250 0.271439 -0.305904
v 0.082780 0.271439 -0.328363
v 0.017129 0.271439 -0.338203
v -0.049180 0.271439 -0.335046
v -0.113600 0.271439 -0.319014
v -0.173654 0.271439 -0.290722
v -0.227034 0.271439 -0.251257
v -0.271689 0.271439 -0.202137
v -0.305904 0.271439 -0.145249
v -0.328363 0.271439 -0.082779
v -0.338203 0.271439 -0.017128
v -0.335046 0.271439 0.049181
v -0.319014 0.271439 0.113601
v -0.290722 0.271439 0.173654
v -0.251257 0.271439 0.227035
v -0.202137 0.271439 0.271690
v -0.145249 0.271439 0.305905
v -0.082779 0.271439 0.328364
v -0.017128 0.271439 0.338204
v 0.049181 0.271439 0.335047
v 0.113600 0.271439 0.319015
v 0.173654 0.271439 0.290723
v 0.227035 0.271439 0.251258
v 0.271690 0.271439 0.202138
v 0.305905 0.271439 0.145250
v 0.328364 0.271439 0.082780
v 0.338204 0.271439 0.017129
v 0.335047 0.271439 -0.049180
v 0.306742 0.299118 -0.183222
v 0.315277 0.331622 -0.188320
v 0.311010 0.308870 -0.185771
v 0.314134 0.320767 -0.187637
v 0.345959 0.331622 -0.123194
v 0.336593 0.299118 -0.119859
v 0.344704 0.320767 -0.122748
v 0.341276 0.308870 -0.121527
v 0.265103 0.299118 -0.239544
v 0.272480 0.331622 -0.246209
v 0.268791 0.308870 -0.242877
v 0.271491 0.320767 -0.245316
v 0.213277 0.299117 -0.286660
v 0.219211 0.331621 -0.294636
v 0.216244 0.308870 -0.290648
v 0.218416 0.320767 -0.293568
v 0.153254 0.299117 -0.322760
v 0.157518 0.331621 -0.331741
v 0.155386 0.308870 -0.327251
v 0.156947 0.320767 -0.330538
v 0.087342 0.299118 -0.346457
v 0.089772 0.331622 -0.356097
v 0.088557 0.308870 -0.351277
v 0.089446 0.320767 -0.354805
v 0.018073 0.299118 -0.356839
v 0.018576 0.331622 -0.366768
v 0.018324 0.308870 -0.361804
v 0.018508 0.320767 -0.365438
v -0.051890 0.299118 -0.353509
v -0.053334 0.331622 -0.363345
v -0.052612 0.308870 -0.358427
v -0.053141 0.320767 -0.362027
v -0.119859 0.299118 -0.336593
v -0.123194 0.331622 -0.345958
v -0.121527 0.308870 -0.341275
v -0.122748 0.320767 -0.344703
v -0.183222 0.299117 -0.306742
v -0.188321 0.331621 -0.315276
v -0.185771 0.308870 -0.311009
v -0.187637 0.320767 -0.314133
v -0.239544 0.299117 -0.265103
v -0.246209 0.331621 -0.272479
v -0.242877 0.308870 -0.268791
v -0.245316 0.320767 -0.271491
v -0.286661 0.299118 -0.213276
v -0.294637 0.331622 -0.219210
v -0.290649 0.308870 -0.216243
v -0.293568 0.320767 -0.218415
v -0.322761 0.299118 -0.153253
v -0.331741 0.331622 -0.157517
v -0.327251 0.308870 -0.155385
v -0.330538 0.320767 -0.156946
v -0.346457 0.299118 -0.087341
v -0.356097 0.331622 -0.089771
v -0.351277 0.308870 -0.088556
v -0.354805 0.320767 -0.089445
v -0.356839 0.299118 -0.018072
v -0.366768 0.331622 -0.018575
v -0.361804 0.308870 -0.018323
v -0.365438 0.320767 -0.018508
v -0.353509 0.299118 0.051891
v -0.363345 0.331622 0.053335
v -0.358427 0.308870 0.052613
v -0.362027 0.320767 0.053142
v -0.336593 0.299118 0.119860
v -0.345958 0.331622 0.123195
v -0.341275 0.308870 0.121528
v -0.344703 0.320767 0.122749
v -0.306742 0.299118 0.183223
v -0.315276 0.331622 0.188321
v -0.311009 0.308870 0.185772
v -0.314133 0.320767 0.187638
v -0.265103 0.299118 0.239545
v -0.272479 0.331622 0.246210
v -0.268791 0.308870 0.242878
v -0.271491 0.320767 0.245317
v -0.213276 0.299118 0.286661
v -0.219210 0.331622 0.294637
v -0.216243 0.308870 0.290649
v -0.218415 0.320767 0.293569
v -0.153253 0.299118 0.322761
v -0.157517 0.331622 0.331742
v -0.155385 0.308870 0.327252
v -0.156946 0.320767 0.330539
v -0.087341 0.299118 0.346458
v -0.089771 0.331622 0.356098
v -0.088556 0.308870 0.351278
v -0.089445 0.320767 0.354806
v -0.018072 0.299118 0.356840
v -0.018575 0.331622 0.366769
v -0.018324 0.308870 0.361805
v -0.018508 0.320767 0.365439
v 0.051891 0.299118 0.353509
v 0.053335 0.331622 0.363346
v 0.052613 0.308870 0.358428
v 0.053142 0.320767 0.362028
v 0.119860 0.299118 0.336594
v 0.123195 0.331622 0.345959
v 0.121528 0.308870 0.341276
v 0.122748 0.320767 0.344704
v 0.183223 0.299118 0.306742
v 0.188321 0.331622 0.315277
v 0.185772 0.308870 0.311010
v 0.187638 0.320767 0.314134
v 0.239545 0.299118 0.265104
v 0.246210 0.331622 0.272480
v 0.242878 0.308870 0.268792
v 0.245317 0.320767 0.271492
v 0.286661 0.299118 0.213277
v 0.294637 0.331622 0.219211
v 0.290649 0.308870 0.216244
v 0.293569 0.320767 0.218416
v 0.322761 0.299118 0.153254
v 0.331742 0.331622 0.157518
v 0.327252 0.308870 0.155386
v 0.330539 0.320767 0.156947
v 0.346458 0.299118 0.087342
v 0.356098 0.331622 0.089772
v 0.351278 0.308870 0.088557
v 0.354806 0.320767 0.089446
v 0.356840 0.299118 0.018073
v 0.366769 0.331622 0.018576
v 0.361805 0.308870 0.018324
v 0.365439 0.320767 0.018508
v 0.353509 0.299118 -0.051890
v 0.363345 0.331622 -0.053334
v 0.358427 0.308870 -0.052612
v 0.362028 0.320767 -0.053141
v 0.286781 0.252730 -0.171299
v 0.314689 0.252730 -0.112059
v 0.330504 0.252730 -0.048513
v 0.333618 0.252731 0.016897
v 0.323912 0.252731 0.081658
v 0.301757 0.252731 0.143281
v 0.268007 0.252731 0.199398
v 0.223956 0.252731 0.247852
v 0.171300 0.252731 0.286781
v 0.112060 0.252731 0.314689
v 0.048514 0.252731 0.330505
v -0.016896 0.252731 0.333619
v -0.081657 0.252730 0.323912
v -0.143280 0.252731 0.301757
v -0.199397 0.252731 0.268007
v -0.247851 0.252731 0.223957
v -0.286780 0.252731 0.171300
v -0.314689 0.252730 0.112060
v -0.330504 0.252730 0.048514
v -0.333618 0.252731 -0.016896
v -0.323911 0.252730 -0.081657
v -0.301757 0.252730 -0.143280
v -0.268006 0.252730 -0.199397
v -0.223956 0.252730 -0.247851
v -0.171299 0.252730 -0.286780
v -0.112059 0.252730 -0.314688
v -0.048514 0.252730 -0.330504
v 0.016897 0.252730 -0.333618
v 0.081658 0.252730 -0.323911
v 0.143281 0.252730 -0.301756
v 0.199397 0.252730 -0.268006
v 0.247852 0.252730 -0.223956
v 0.278652 0.244641 -0.166443
v 0.305769 0.244641 -0.108883
v 0.321136 0.244641 -0.047138
v 0.324162 0.244642 0.016418
v 0.314730 0.244642 0.079343
v 0.293204 0.244642 0.139219
v 0.260410 0.244642 0.193745
v 0.217608 0.244642 0.240826
v 0.166444 0.244642 0.278652
v 0.108884 0.244642 0.305769
v 0.047139 0.244642 0.321136
v -0.016417 0.244642 0.324162
v -0.079342 0.244641 0.314730
v -0.139219 0.244642 0.293204
v -0.193745 0.244642 0.260410
v -0.240825 0.244642 0.217608
v -0.278651 0.244642 0.166444
v -0.305768 0.244641 0.108884
v -0.321135 0.244641 0.047139
v -0.324161 0.244642 -0.016417
v -0.314729 0.244641 -0.079342
v -0.293203 0.244641 -0.139218
v -0.260409 0.244641 -0.193744
v -0.217607 0.244641 -0.240825
v -0.166443 0.244641 -0.278651
v -0.108883 0.244641 -0.305768
v -0.047138 0.244641 -0.321135
v 0.016418 0.244641 -0.324161
v 0.079343 0.244641 -0.314729
v 0.139219 0.244641 -0.293203
v 0.193745 0.244641 -0.260409
v 0.240826 0.244641 -0.217607
v 0.278652 0.283199 -0.166443
v 0.305769 0.283199 -0.108883
v 0.240826 0.283199 -0.217607
v 0.321136 0.283199 -0.047138
v 0.324162 0.283200 0.016418
v 0.314730 0.283200 0.079343
v 0.293204 0.283200 0.139219
v 0.260410 0.283200 0.193745
v 0.217608 0.283200 0.240826
v 0.166444 0.283200 0.278652
v 0.108884 0.283200 0.305769
v 0.047139 0.283200 0.321136
v -0.016417 0.283200 0.324162
v -0.079342 0.283199 0.314730
v -0.139219 0.283200 0.293204
v -0.193745 0.283200 0.260410
v -0.240825 0.283200 0.217608
v -0.278651 0.283200 0.166444
v -0.305768 0.283200 0.108884
v -0.321135 0.283200 0.047139
v -0.324161 0.283200 -0.016417
v -0.314729 0.283199 -0.079342
v -0.293203 0.283199 -0.139218
v -0.260409 0.283199 -0.193744
v -0.217607 0.283199 -0.240825
v -0.166443 0.283199 -0.278651
v -0.108883 0.283199 -0.305768
v -0.047138 0.283200 -0.321135
v 0.016418 0.283200 -0.324161
v 0.079343 0.283199 -0.314729
v 0.139219 0.283199 -0.293203
v 0.193745 0.283199 -0.260409
v 0.335047 0.257658 -0.049180
v 0.330148 0.252730 -0.048461
v 0.333612 0.254174 -0.048970
v 0.338204 0.257658 0.017129
v 0.333259 0.252731 0.016879
v 0.336755 0.254174 0.017056
v 0.323562 0.252731 0.081570
v 0.328364 0.257659 0.082780
v 0.326957 0.254174 0.082426
v 0.305905 0.257658 0.145250
v 0.301432 0.252731 0.143126
v 0.304595 0.254174 0.144628
v 0.271690 0.257658 0.202138
v 0.267717 0.252731 0.199183
v 0.270527 0.254174 0.201273
v 0.223715 0.252731 0.247584
v 0.227035 0.257658 0.251258
v 0.226062 0.254174 0.250182
v 0.173654 0.257658 0.290723
v 0.171115 0.252731 0.286472
v 0.172910 0.254174 0.289478
v 0.113600 0.257658 0.319015
v 0.111939 0.252731 0.314350
v 0.113114 0.254174 0.317648
v 0.048462 0.252731 0.330148
v 0.049181 0.257658 0.335047
v 0.048970 0.254174 0.333612
v -0.017128 0.257658 0.338204
v -0.016878 0.252731 0.333259
v -0.017055 0.254174 0.336756
v -0.082779 0.257658 0.328364
v -0.081569 0.252730 0.323562
v -0.082425 0.254174 0.326958
v -0.143125 0.252731 0.301432
v -0.145249 0.257658 0.305905
v -0.144627 0.254174 0.304595
v -0.202137 0.257658 0.271690
v -0.199182 0.252731 0.267718
v -0.201272 0.254174 0.270527
v -0.251257 0.257658 0.227035
v -0.247583 0.252731 0.223715
v -0.250181 0.254174 0.226062
v -0.286471 0.252731 0.171115
v -0.290722 0.257658 0.173654
v -0.289477 0.254174 0.172911
v -0.319014 0.257658 0.113601
v -0.314349 0.252730 0.111939
v -0.317648 0.254174 0.113114
v -0.335046 0.257658 0.049181
v -0.330147 0.252730 0.048462
v -0.333611 0.254174 0.048971
v -0.333258 0.252731 -0.016878
v -0.338203 0.257658 -0.017128
v -0.336755 0.254174 -0.017055
v -0.328363 0.257658 -0.082779
v -0.323562 0.252730 -0.081569
v -0.326957 0.254174 -0.082425
v -0.305904 0.257658 -0.145249
v -0.301431 0.252730 -0.143125
v -0.304594 0.254174 -0.144627
v -0.267717 0.252730 -0.199182
v -0.271689 0.257658 -0.202137
v -0.270526 0.254174 -0.201272
v -0.227034 0.257658 -0.251257
v -0.223714 0.252730 -0.247583
v -0.226062 0.254174 -0.250181
v -0.173654 0.257658 -0.290722
v -0.171114 0.252730 -0.286471
v -0.172910 0.254174 -0.289477
v -0.111939 0.252730 -0.314349
v -0.113600 0.257658 -0.319014
v -0.113113 0.254174 -0.317647
v -0.049180 0.257658 -0.335046
v -0.048461 0.252730 -0.330147
v -0.048970 0.254174 -0.333611
v 0.017129 0.257658 -0.338203
v 0.016879 0.252730 -0.333258
v 0.017056 0.254174 -0.336755
v 0.081570 0.252730 -0.323561
v 0.082780 0.257658 -0.328363
v 0.082426 0.254174 -0.326957
v 0.145250 0.257658 -0.305904
v 0.143126 0.252730 -0.301431
v 0.144628 0.254174 -0.304594
v 0.202138 0.257658 -0.271689
v 0.199182 0.252730 -0.267717
v 0.201272 0.254174 -0.270526
v 0.247584 0.252730 -0.223714
v 0.251258 0.257658 -0.227034
v 0.250182 0.254174 -0.226061
v 0.314350 0.252730 -0.111938
v 0.319015 0.257658 -0.113600
v 0.317648 0.254174 -0.113113
v 0.290722 0.257658 -0.173653
v 0.286471 0.252730 -0.171114
v 0.289477 0.254174 -0.172910
v 0.282530 0.244641 -0.168760
v 0.286781 0.249569 -0.171299
v 0.285536 0.246085 -0.170555
v 0.314689 0.249569 -0.112059
v 0.310024 0.244641 -0.110398
v 0.313323 0.246085 -0.111573
v 0.244178 0.244641 -0.220636
v 0.247852 0.249569 -0.223956
v 0.246775 0.246085 -0.222983
v 0.330504 0.249569 -0.048513
v 0.325605 0.244641 -0.047794
v 0.329069 0.246085 -0.048303
v 0.333618 0.249569 0.016897
v 0.328673 0.244642 0.016646
v 0.332170 0.246085 0.016824
v 0.323912 0.249570 0.081658
v 0.319110 0.244642 0.080447
v 0.322505 0.246085 0.081303
v 0.301757 0.249569 0.143281
v 0.297284 0.244642 0.141157
v 0.300447 0.246085 0.142659
v 0.268007 0.249569 0.199398
v 0.264034 0.244642 0.196442
v 0.266843 0.246085 0.198532
v 0.223956 0.249569 0.247852
v 0.220637 0.244642 0.244178
v 0.222984 0.246085 0.246776
v 0.171300 0.249569 0.286781
v 0.168761 0.244642 0.282530
v 0.170556 0.246085 0.285536
v 0.112060 0.249569 0.314689
v 0.110399 0.244642 0.310025
v 0.111574 0.246085 0.313323
v 0.048514 0.249569 0.330505
v 0.047795 0.244642 0.325605
v 0.048304 0.246085 0.329070
v -0.016896 0.249569 0.333619
v -0.016646 0.244642 0.328673
v -0.016823 0.246085 0.332170
v -0.081657 0.249569 0.323912
v -0.080447 0.244641 0.319110
v -0.081303 0.246085 0.322506
v -0.143280 0.249569 0.301757
v -0.141156 0.244642 0.297284
v -0.142658 0.246085 0.300447
v -0.199397 0.249569 0.268007
v -0.196441 0.244642 0.264034
v -0.198531 0.246085 0.266843
v -0.247851 0.249569 0.223957
v -0.244177 0.244642 0.220637
v -0.246775 0.246085 0.222984
v -0.286780 0.249569 0.171300
v -0.282529 0.244642 0.168761
v -0.285535 0.246085 0.170556
v -0.314689 0.249569 0.112060
v -0.310024 0.244641 0.110399
v -0.313322 0.246085 0.111574
v -0.330504 0.249569 0.048514
v -0.325604 0.244641 0.047795
v -0.329069 0.246085 0.048304
v -0.333618 0.249569 -0.016896
v -0.328672 0.244642 -0.016645
v -0.332169 0.246085 -0.016823
v -0.323911 0.249569 -0.081657
v -0.319110 0.244641 -0.080446
v -0.322505 0.246085 -0.081302
v -0.301757 0.249569 -0.143280
v -0.297284 0.244641 -0.141156
v -0.300446 0.246085 -0.142658
v -0.268006 0.249569 -0.199397
v -0.264033 0.244641 -0.196441
v -0.266842 0.246085 -0.198531
v -0.223956 0.249569 -0.247851
v -0.220636 0.244641 -0.244177
v -0.222983 0.246085 -0.246775
v -0.171299 0.249569 -0.286780
v -0.168760 0.244641 -0.282529
v -0.170555 0.246085 -0.285535
v -0.112059 0.249569 -0.314688
v -0.110398 0.244641 -0.310024
v -0.111573 0.246085 -0.313322
v -0.048514 0.249569 -0.330504
v -0.047794 0.244641 -0.325604
v -0.048303 0.246085 -0.329069
v 0.016897 0.249569 -0.333618
v 0.016646 0.244641 -0.328672
v 0.016823 0.246085 -0.332169
v 0.081658 0.249569 -0.323911
v 0.080447 0.244641 -0.319109
v 0.081303 0.246085 -0.322505
v 0.143281 0.249569 -0.301756
v 0.141157 0.244641 -0.297283
v 0.142659 0.246085 -0.300446
v 0.199397 0.249569 -0.268006
v 0.196442 0.244641 -0.264033
v 0.198532 0.246085 -0.266842
vn 0.9326 0.1415 -0.3321
vn 0.9421 -0.0000 -0.3355
vn 0.8585 -0.0000 -0.5128
vn 0.8499 0.1415 -0.5076
vn 0.7420 -0.0000 -0.6704
vn 0.7345 0.1415 -0.6637
vn 0.5969 -0.0000 -0.8023
vn 0.5909 0.1415 -0.7942
vn 0.4289 -0.0000 -0.9033
vn 0.4246 0.1415 -0.8942
vn 0.2445 -0.0000 -0.9697
vn 0.2420 0.1415 -0.9599
vn 0.0506 -0.0000 -0.9987
vn 0.0501 0.1415 -0.9887
vn -0.1452 -0.0000 -0.9894
vn -0.1438 0.1415 -0.9794
vn -0.3355 -0.0000 -0.9421
vn -0.3321 0.1415 -0.9326
vn -0.5128 -0.0000 -0.8585
vn -0.5076 0.1415 -0.8499
vn -0.6704 -0.0000 -0.7420
vn -0.6637 0.1415 -0.7345
vn -0.8023 -0.0000 -0.5969
vn -0.7942 0.1415 -0.5909
vn -0.9033 -0.0000 -0.4289
vn -0.8942 0.1415 -0.4246
vn -0.9697 -0.0000 -0.2445
vn -0.9599 0.1415 -0.2420
vn -0.9987 -0.0000 -0.0506
vn -0.9887 0.1415 -0.0501
vn -0.9894 -0.0000 0.1452
vn -0.9794 0.1415 0.1438
vn -0.9421 -0.0000 0.3355
vn -0.9326 0.1415 0.3321
vn -0.8585 -0.0000 0.5128
vn -0.8499 0.1415 0.5076
vn -0.7420 -0.0000 0.6704
vn -0.7345 0.1415 0.6637
vn -0.5969 -0.0000 0.8023
vn -0.5909 0.1415 0.7942
vn -0.4289 -0.0000 0.9033
vn -0.4246 0.1415 0.8942
vn -0.2445 -0.0000 0.9697
vn -0.2420 0.1415 0.9599
vn -0.0506 -0.0000 0.9987
vn -0.0501 0.1415 0.9887
vn 0.1452 -0.0000 0.9894
vn 0.1438 0.1415 0.9794
vn 0.3355 -0.0000 0.9421
vn 0.3321 0.1415 0.9326
vn 0.5128 -0.0000 0.8585
vn 0.5076 0.1415 0.8499
vn 0.6704 -0.0000 0.7420
vn 0.6637 0.1415 0.7345
vn 0.8023 -0.0000 0.5969
vn 0.7942 0.1415 0.5909
vn 0.9033 -0.0000 0.4289
vn 0.8942 0.1415 0.4246
vn 0.9697 -0.0000 0.2444
vn 0.9599 0.1415 0.2420
vn 0.9987 -0.0000 0.0506
vn 0.9887 0.1415 0.0501
vn 0.5958 -0.0608 -0.8008
vn 0.4281 -0.0608 -0.9017
vn 0.9894 -0.0000 -0.1452
vn 0.9794 0.1415 -0.1438
vn -0.4919 0.2826 -0.8235
vn -0.3218 0.2826 -0.9037
vn 0.1113 0.9930 -0.0396
vn 0.1169 0.9930 -0.0172
vn -0.7117 0.2826 0.6431
vn -0.8235 0.2826 0.4919
vn 0.7696 0.2826 0.5726
vn 0.6431 0.2826 0.7117
vn 0.2345 0.2826 -0.9301
vn 0.4114 0.2826 -0.8665
vn -0.9580 0.2826 -0.0485
vn -0.9301 0.2826 -0.2345
vn 0.1393 0.2826 0.9491
vn -0.0485 0.2826 0.9580
vn 0.8235 0.2826 -0.4919
vn 0.9037 0.2826 -0.3218
vn 0.9491 0.2826 -0.1393
vn -0.6431 0.2826 -0.7117
vn -0.5726 0.2826 0.7696
vn 0.8665 0.2826 0.4114
vn 0.0485 0.2826 -0.9580
vn -0.9491 0.2826 0.1393
vn 0.3218 0.2826 0.9037
vn 0.7117 0.2826 -0.6431
vn -0.7696 0.2826 -0.5726
vn -0.4114 0.2826 0.8665
vn 0.9301 0.2826 0.2345
vn -0.1393 0.2826 -0.9491
vn -0.9037 0.2826 0.3218
vn 0.4919 0.2826 0.8235
vn 0.5726 0.2826 -0.7696
vn -0.8665 0.2826 -0.4114
vn -0.2345 0.2826 0.9301
vn 0.9580 0.2826 0.0485
vn -0.0694 0.9974 0.0182
vn -0.0147 0.9999 0.0038
vn 0.0274 0.9996 -0.0072
vn -0.0347 0.9994 0.0091
vn 0.0030 1.0000 -0.0008
vn 0.0086 1.0000 -0.0023
vn -0.1113 -0.9930 0.0396
vn -0.1014 -0.9930 0.0606
vn 0.0289 0.9930 -0.1146
vn 0.0507 0.9930 -0.1067
vn 0.1180 0.9930 0.0060
vn -0.1169 -0.9930 0.0172
vn 0.0705 0.9930 -0.0948
vn 0.1146 0.9930 0.0289
vn -0.1180 -0.9930 -0.0060
vn 0.0877 0.9930 -0.0792
vn 0.1067 0.9930 0.0507
vn -0.1146 -0.9930 -0.0289
vn 0.1014 0.9930 -0.0606
vn 0.0948 0.9930 0.0705
vn -0.1067 -0.9930 -0.0507
vn 0.0792 0.9930 0.0877
vn -0.0948 -0.9930 -0.0705
vn 0.0606 0.9930 0.1015
vn -0.0792 -0.9930 -0.0877
vn 0.0396 0.9930 0.1113
vn -0.0606 -0.9930 -0.1014
vn 0.0172 0.9930 0.1169
vn -0.0396 -0.9930 -0.1113
vn -0.0060 0.9930 0.1180
vn -0.0172 -0.9930 -0.1169
vn -0.0289 0.9930 0.1146
vn 0.0060 -0.9930 -0.1180
vn -0.0507 0.9930 0.1067
vn 0.0289 -0.9930 -0.1146
vn 0.1169 -0.9930 -0.0172
vn 0.1113 -0.9930 -0.0396
vn -0.0705 0.9930 0.0948
vn 0.0507 -0.9930 -0.1067
vn 0.2444 -0.0000 -0.9697
vn -0.9697 -0.0000 -0.2444
vn 0.0060 0.9930 -0.1180
vn -0.0877 -0.9930 0.0792
vn -0.0172 0.9930 -0.1169
vn -0.0705 -0.9930 0.0948
vn -0.0396 0.9930 -0.1113
vn -0.0507 -0.9930 0.1067
vn -0.0606 0.9930 -0.1014
vn -0.0289 -0.9930 0.1146
vn -0.0792 0.9930 -0.0877
vn -0.0060 -0.9930 0.1180
vn -0.0948 0.9930 -0.0705
vn 0.0172 -0.9930 0.1169
vn -0.1067 0.9930 -0.0507
vn 0.0396 -0.9930 0.1113
vn -0.1146 0.9930 -0.0289
vn 0.0606 -0.9930 0.1014
vn -0.1180 0.9930 -0.0060
vn 0.0792 -0.9930 0.0877
vn -0.1169 0.9930 0.0172
vn 0.0948 -0.9930 0.0705
vn 0.1014 -0.9930 -0.0606
vn -0.1113 0.9930 0.0396
vn 0.1067 -0.9930 0.0507
vn 0.0877 -0.9930 -0.0792
vn -0.1014 0.9930 0.0606
vn 0.1146 -0.9930 0.0289
vn 0.0705 -0.9930 -0.0948
vn -0.0877 0.9930 0.0792
vn 0.1180 -0.9930 0.0060
vn -0.9631 0.2248 0.1477
vn -0.9230 0.1887 0.3354
vn -0.9279 0.1386 0.3462
vn -0.9687 0.1923 0.1569
vn -0.7336 0.1240 0.6681
vn -0.5922 0.1066 0.7987
vn -0.5937 0.0238 0.8043
vn -0.7350 0.0472 0.6764
vn -0.4274 0.1042 0.8981
vn -0.4307 0.0205 0.9023
vn -0.2459 0.1171 0.9622
vn -0.2516 0.0379 0.9671
vn -0.0551 0.1430 0.9882
vn -0.0624 0.0735 0.9953
vn 0.1368 0.1773 0.9746
vn 0.1297 0.1220 0.9840
vn 0.3217 0.2139 0.9224
vn 0.3162 0.1759 0.9323
vn 0.4921 0.2470 0.8348
vn 0.4884 0.2264 0.8428
vn 0.6422 0.2722 0.7166
vn 0.6396 0.2658 0.7213
vn 0.7677 0.2864 0.5732
vn 0.7659 0.2885 0.5746
vn 0.8653 0.2884 0.4099
vn 0.8649 0.2916 0.4085
vn 0.9323 0.2779 0.2316
vn 0.9341 0.2748 0.2278
vn 0.9657 0.2559 0.0437
vn 0.9700 0.2401 0.0372
vn 0.9631 0.2248 -0.1477
vn 0.9687 0.1923 -0.1569
vn 0.9230 0.1887 -0.3354
vn 0.9279 0.1386 -0.3462
vn 0.8455 0.1531 -0.5115
vn 0.8485 0.0876 -0.5219
vn 0.7336 0.1240 -0.6681
vn 0.7350 0.0472 -0.6764
vn 0.5922 0.1066 -0.7987
vn 0.5937 0.0238 -0.8043
vn 0.4274 0.1042 -0.8981
vn 0.4307 0.0205 -0.9023
vn 0.2459 0.1171 -0.9622
vn 0.2516 0.0379 -0.9671
vn 0.0551 0.1430 -0.9882
vn 0.0624 0.0735 -0.9953
vn -0.1368 0.1773 -0.9746
vn -0.1297 0.1220 -0.9840
vn -0.3217 0.2139 -0.9224
vn -0.3162 0.1759 -0.9323
vn -0.4921 0.2470 -0.8348
vn -0.4884 0.2264 -0.8428
vn -0.6422 0.2722 -0.7166
vn -0.6396 0.2658 -0.7213
vn -0.7677 0.2864 -0.5732
vn -0.7659 0.2885 -0.5746
vn -0.8653 0.2884 -0.4099
vn -0.8649 0.2916 -0.4085
vn -0.9323 0.2779 -0.2316
vn -0.9341 0.2748 -0.2278
vn -0.9657 0.2559 -0.0437
vn -0.9700 0.2401 -0.0372
vn -0.8373 0.4487 0.3124
vn -0.7394 0.4967 0.4545
vn -0.7684 0.4413 0.4636
vn -0.8604 0.4036 0.3112
vn -0.9080 0.3923 0.1473
vn -0.9221 0.3609 0.1397
vn -0.6236 0.5313 0.5735
vn -0.6534 0.4691 0.5942
vn -0.4960 0.5502 0.6718
vn -0.5212 0.4846 0.7025
vn -0.3589 0.5528 0.7521
vn -0.3753 0.4867 0.7888
vn -0.2118 0.5389 0.8153
vn -0.2174 0.4753 0.8525
vn -0.0535 0.5091 0.8591
vn -0.0488 0.4511 0.8911
vn 0.1159 0.4649 0.8778
vn 0.1277 0.4161 0.9003
vn 0.2928 0.4103 0.8637
vn 0.3069 0.3744 0.8750
vn 0.4687 0.3531 0.8097
vn 0.4804 0.3320 0.8118
vn 0.6318 0.3038 0.7132
vn 0.6382 0.2966 0.7104
vn 0.7694 0.2733 0.5774
vn 0.7706 0.2752 0.5748
vn 0.8710 0.2689 0.4112
vn 0.8695 0.2722 0.4122
vn 0.9294 0.2918 0.2262
vn 0.9291 0.2882 0.2319
vn 0.9411 0.3363 0.0356
vn 0.9464 0.3199 0.0444
vn 0.9080 0.3923 -0.1473
vn 0.9221 0.3609 -0.1397
vn 0.8373 0.4487 -0.3124
vn 0.8604 0.4036 -0.3112
vn 0.7394 0.4967 -0.4545
vn 0.7684 0.4413 -0.4636
vn 0.6236 0.5313 -0.5735
vn 0.6534 0.4691 -0.5942
vn 0.4960 0.5502 -0.6718
vn 0.5212 0.4846 -0.7025
vn 0.3589 0.5528 -0.7521
vn 0.3753 0.4867 -0.7888
vn 0.2118 0.5389 -0.8153
vn 0.2174 0.4753 -0.8525
vn 0.0535 0.5091 -0.8591
vn 0.0488 0.4511 -0.8911
vn -0.1159 0.4648 -0.8778
vn -0.1277 0.4161 -0.9003
vn -0.2928 0.4103 -0.8637
vn -0.3069 0.3744 -0.8750
vn -0.4687 0.3531 -0.8097
vn -0.4804 0.3320 -0.8118
vn -0.6318 0.3038 -0.7132
vn -0.6382 0.2966 -0.7104
vn -0.7694 0.2733 -0.5774
vn -0.7706 0.2752 -0.5748
vn -0.8710 0.2689 -0.4112
vn -0.8695 0.2722 -0.4122
vn -0.9294 0.2918 -0.2262
vn -0.9291 0.2882 -0.2319
vn -0.9411 0.3363 -0.0356
vn -0.9464 0.3199 -0.0444
vn -0.8455 0.1531 0.5115
vn -0.8485 0.0876 0.5219
vn -0.8151 0.3018 0.4946
vn -0.8966 0.2985 0.3272
vn -0.9447 0.2936 0.1460
vn -0.7038 0.3034 0.6423
vn -0.5671 0.3040 0.7655
vn -0.4096 0.3041 0.8601
vn -0.2367 0.3037 0.9229
vn -0.0543 0.3024 0.9516
vn 0.1313 0.2997 0.9450
vn 0.3135 0.2953 0.9025
vn 0.4853 0.2897 0.8250
vn 0.6394 0.2844 0.7143
vn 0.7689 0.2809 0.5744
vn 0.8675 0.2804 0.4108
vn 0.9309 0.2830 0.2309
vn 0.9567 0.2879 0.0425
vn 0.9447 0.2936 -0.1460
vn 0.8966 0.2985 -0.3272
vn 0.8151 0.3018 -0.4946
vn 0.7038 0.3034 -0.6423
vn 0.5671 0.3040 -0.7655
vn 0.4096 0.3041 -0.8601
vn 0.2367 0.3037 -0.9229
vn 0.0543 0.3024 -0.9516
vn -0.1313 0.2997 -0.9450
vn -0.3135 0.2953 -0.9025
vn -0.4853 0.2897 -0.8250
vn -0.6394 0.2844 -0.7143
vn -0.7689 0.2809 -0.5744
vn -0.8675 0.2804 -0.4108
vn -0.9309 0.2830 -0.2309
vn -0.9567 0.2879 -0.0425
vn -0.0000 1.0000 -0.0000
vn 0.8377 0.4574 -0.2983
vn 0.7634 0.4574 -0.4560
vn 0.6598 0.4574 -0.5962
vn 0.5308 0.4574 -0.7134
vn 0.3814 0.4574 -0.8033
vn 0.2174 0.4574 -0.8623
vn 0.0450 0.4574 -0.8881
vn -0.1291 0.4574 -0.8798
vn -0.2983 0.4574 -0.8377
vn -0.4560 0.4574 -0.7634
vn -0.5962 0.4574 -0.6598
vn -0.7135 0.4574 -0.5308
vn -0.8033 0.4574 -0.3814
vn -0.8623 0.4574 -0.2174
vn -0.8881 0.4574 -0.0450
vn -0.8798 0.4574 0.1291
vn -0.8377 0.4574 0.2983
vn -0.7634 0.4574 0.4560
vn -0.6598 0.4574 0.5962
vn -0.5308 0.4574 0.7135
vn -0.3814 0.4574 0.8033
vn -0.2174 0.4574 0.8623
vn -0.0450 0.4574 0.8881
vn 0.1291 0.4574 0.8798
vn 0.2983 0.4574 0.8377
vn 0.4560 0.4574 0.7634
vn 0.5962 0.4574 0.6598
vn 0.7135 0.4574 0.5308
vn 0.8033 0.4574 0.3814
vn 0.8623 0.4574 0.2174
vn 0.8881 0.4574 0.0450
vn 0.8798 0.4574 -0.1291
vn -0.8615 0.5077 -0.0000
vn 0.8313 0.5559 -0.0000
vn 0.4968 0.6601 0.5634
vn -0.5392 0.6355 0.5526
vn -0.0000 0.5055 0.8628
vn 0.0398 0.9992 -0.0104
vn 0.0796 0.9966 -0.0209
vn -0.0000 0.6082 -0.7938
vn 0.5666 0.6901 -0.4503
vn -0.6069 0.6656 -0.4343
vn -0.0000 -1.0000 -0.0000
vn 0.0980 -0.0000 -0.9952
vn 0.2903 -0.0000 -0.9569
vn 0.4714 -0.0000 -0.8819
vn 0.6344 -0.0000 -0.7730
vn 0.7730 -0.0000 -0.6344
vn 0.8819 -0.0000 -0.4714
vn 0.9569 -0.0000 -0.2903
vn 0.9952 -0.0000 -0.0980
vn 0.9952 -0.0000 0.0980
vn 0.9569 -0.0000 0.2903
vn 0.8819 -0.0000 0.4714
vn 0.7730 -0.0000 0.6344
vn 0.6344 -0.0000 0.7730
vn 0.4714 -0.0000 0.8819
vn 0.2903 -0.0000 0.9569
vn 0.0980 -0.0000 0.9952
vn -0.0980 -0.0000 0.9952
vn -0.2903 -0.0000 0.9569
vn -0.4714 -0.0000 0.8819
vn -0.6344 -0.0000 0.7730
vn -0.7730 -0.0000 0.6344
vn -0.8819 -0.0000 0.4714
vn -0.9569 -0.0000 0.2903
vn -0.9952 -0.0000 0.0980
vn -0.9952 -0.0000 -0.0980
vn -0.9569 -0.0000 -0.2903
vn -0.8819 -0.0000 -0.4714
vn -0.7730 -0.0000 -0.6344
vn -0.6344 -0.0000 -0.7730
vn -0.4714 -0.0000 -0.8819
vn -0.2903 -0.0000 -0.9569
vn -0.0980 -0.0000 -0.9952
vn -0.0000 -0.9983 -0.0584
vn -0.0000 -0.9907 -0.1363
vn -0.0000 -0.9810 -0.1939
vn -0.0000 -0.9962 -0.0869
vn -0.0000 0.9907 0.1363
vn -0.0000 0.9810 0.1939
vn -0.0000 0.9962 0.0869
vn -0.9780 0.0214 -0.2077
vn 1.0000 -0.0000 -0.0000
vn -0.0000 0.1025 -0.9947
vn 0.9998 0.0022 -0.0218
vn -0.9923 0.0127 -0.1229
vn -1.0000 -0.0000 -0.0000
vn -0.1108 -0.1018 0.9886
vn -0.9998 -0.0023 0.0218
vn 0.6901 -0.0742 0.7199
vn 0.9501 0.0320 -0.3103
vn 0.9957 -0.0094 0.0917
vn 0.9561 0.0300 -0.2916
vn -0.9998 -0.0022 0.0218
vn 0.9462 0.0332 -0.3219
vn 0.6984 0.0733 -0.7119
vn -0.9401 0.0349 -0.3391
vn 0.2177 0.1000 -0.9709
vn -0.4485 0.0916 -0.8891
vn -0.4884 0.0894 -0.8680
vn 0.9522 -0.0313 0.3038
vn 0.1245 0.1017 -0.9870
vn -0.9479 -0.0326 0.3168
vn -0.5314 0.0868 -0.8427
vn 0.9997 -0.0025 0.0243
vn 0.4485 0.0916 -0.8891
vn -0.1591 -0.1012 0.9821
vn 0.9938 0.0114 -0.1109
vn 0.6944 -0.0737 0.7158
vn 0.3951 -0.0941 0.9138
vn 0.4624 0.0909 -0.8820
vn 0.9764 0.0222 -0.2150
vn 0.0082 0.1025 -0.9947
vn -0.5928 0.0825 -0.8011
vn -0.6010 0.0819 -0.7951
vn -1.0000 0.0003 -0.0026
vn -0.6784 0.0753 -0.7308
vn -0.6473 -0.0781 0.7582
vn -0.7569 -0.0670 0.6501
vn -0.6153 0.0808 -0.7841
vn -0.9985 0.0057 -0.0550
vn -0.0259 -0.1024 0.9944
vn -0.9830 0.0188 -0.1827
vn 0.7795 -0.0642 0.6231
vn 0.0576 -0.1023 0.9931
vn -0.0000 -0.1025 0.9947
vn -0.4485 -0.0916 0.8891
vn -0.0000 0.9983 0.0584
vn -0.0082 -0.0195 0.9998
vn -0.9997 0.0005 -0.0244
vn -0.4975 0.0169 -0.8673
vn 0.6011 -0.0156 0.7990
vn -0.9938 -0.0022 0.1114
vn -0.9525 0.0059 -0.3044
vn -0.0000 -0.0195 0.9998
vn 1.0000 -0.0001 0.0026
vn -0.4626 -0.0173 0.8864
vn 0.4975 0.0169 -0.8673
vn 0.9483 0.0062 -0.3174
vn 0.2215 -0.0999 0.9700
vn 0.6518 -0.0777 0.7544
vn 0.9590 -0.0291 0.2821
vn -0.9469 -0.0329 0.3199
vn -0.6379 -0.0789 0.7661
vn -0.2194 -0.1000 0.9705
vn 0.2109 -0.5058 -0.8365
vn 0.3700 -0.5058 -0.7792
vn 0.3557 -0.5590 -0.7490
vn 0.2027 -0.5590 -0.8040
vn -0.8365 -0.5058 -0.2109
vn -0.7792 -0.5058 -0.3700
vn -0.7490 -0.5590 -0.3557
vn -0.8040 -0.5590 -0.2027
vn -0.0436 -0.5058 0.8615
vn -0.2109 -0.5058 0.8365
vn -0.2027 -0.5590 0.8040
vn -0.0419 -0.5590 0.8281
vn 0.8535 -0.5058 -0.1253
vn 0.8615 -0.5058 0.0436
vn 0.8281 -0.5590 0.0419
vn 0.8204 -0.5590 -0.1204
vn -0.4424 -0.5058 -0.7406
vn -0.2894 -0.5058 -0.8126
vn -0.2782 -0.5590 -0.7811
vn -0.4252 -0.5590 -0.7118
vn -0.6400 -0.5058 0.5783
vn -0.7406 -0.5058 0.4424
vn -0.7118 -0.5590 0.4252
vn -0.6152 -0.5590 0.5559
vn 0.6921 -0.5058 0.5149
vn 0.5783 -0.5058 0.6400
vn 0.5559 -0.5590 0.6152
vn 0.6652 -0.5590 0.4949
vn 0.5149 -0.5058 -0.6921
vn 0.4949 -0.5590 -0.6652
vn -0.8615 -0.5058 -0.0436
vn -0.8281 -0.5590 -0.0419
vn 0.1253 -0.5058 0.8535
vn 0.1204 -0.5590 0.8204
vn -0.5783 -0.5058 -0.6400
vn -0.5559 -0.5590 -0.6152
vn -0.5149 -0.5058 0.6921
vn -0.4949 -0.5590 0.6652
vn 0.7792 -0.5058 0.3700
vn 0.7490 -0.5590 0.3557
vn 0.0436 -0.5058 -0.8615
vn 0.0419 -0.5590 -0.8281
vn -0.8535 -0.5058 0.1253
vn -0.8204 -0.5590 0.1204
vn 0.2894 -0.5058 0.8126
vn 0.2782 -0.5590 0.7811
vn 0.6400 -0.5058 -0.5783
vn 0.7406 -0.5058 -0.4424
vn 0.7118 -0.5590 -0.4252
vn 0.6152 -0.5590 -0.5559
vn -0.6921 -0.5058 -0.5149
vn -0.6652 -0.5590 -0.4949
vn -0.3700 -0.5058 0.7792
vn -0.3557 -0.5590 0.7490
vn 0.8365 -0.5058 0.2109
vn 0.8040 -0.5590 0.2027
vn -0.1253 -0.5058 -0.8535
vn -0.1204 -0.5590 -0.8204
vn -0.8126 -0.5058 0.2894
vn -0.7811 -0.5590 0.2782
vn 0.4424 -0.5058 0.7406
vn 0.4252 -0.5590 0.7118
vn 0.9403 -0.0608 -0.3348
vn 0.8569 -0.0608 -0.5119
vn 0.9969 -0.0608 0.0505
vn 0.9876 -0.0608 -0.1450
vn -0.8569 -0.0608 0.5119
vn -0.7406 -0.0608 0.6692
vn 0.2440 -0.0608 -0.9679
vn -0.5958 -0.0608 0.8008
vn 0.0505 -0.0608 -0.9969
vn -0.4281 -0.0608 0.9017
vn -0.1450 -0.0608 -0.9876
vn -0.2440 -0.0608 0.9679
vn -0.3348 -0.0608 -0.9403
vn -0.0505 -0.0608 0.9969
vn -0.5119 -0.0608 -0.8569
vn 0.1450 -0.0608 0.9876
vn -0.6692 -0.0608 -0.7406
vn 0.3348 -0.0608 0.9403
vn -0.8008 -0.0608 -0.5958
vn 0.5119 -0.0608 0.8569
vn -0.9017 -0.0608 -0.4281
vn 0.6692 -0.0608 0.7406
vn -0.9679 -0.0608 -0.2440
vn 0.8008 -0.0608 0.5958
vn -0.9969 -0.0608 -0.0505
vn 0.7406 -0.0608 -0.6692
vn 0.9017 -0.0608 0.4281
vn -0.9876 -0.0608 0.1450
vn 0.8126 -0.5058 -0.2894
vn 0.7811 -0.5590 -0.2782
vn 0.9679 -0.0608 0.2440
vn -0.9403 -0.0608 0.3348
vn 0.9217 -0.2068 -0.3282
vn 0.8399 -0.2068 -0.5017
vn 0.8741 -0.3728 -0.3113
vn 0.7966 -0.3728 -0.4758
vn 0.7259 -0.2068 -0.6559
vn 0.6885 -0.3728 -0.6221
vn 0.5840 -0.2068 -0.7850
vn 0.5539 -0.3728 -0.7445
vn 0.4196 -0.2068 -0.8838
vn 0.3980 -0.3728 -0.8382
vn 0.2392 -0.2068 -0.9487
vn 0.2268 -0.3728 -0.8997
vn 0.0495 -0.2068 -0.9771
vn 0.0469 -0.3728 -0.9267
vn -0.1421 -0.2068 -0.9680
vn -0.1348 -0.3728 -0.9181
vn -0.3282 -0.2068 -0.9217
vn -0.3113 -0.3728 -0.8741
vn -0.5017 -0.2068 -0.8399
vn -0.4758 -0.3728 -0.7966
vn -0.6559 -0.2068 -0.7259
vn -0.6221 -0.3728 -0.6885
vn -0.7850 -0.2068 -0.5840
vn -0.7445 -0.3728 -0.5539
vn -0.8838 -0.2068 -0.4196
vn -0.8382 -0.3728 -0.3980
vn -0.9487 -0.2068 -0.2392
vn -0.8997 -0.3728 -0.2268
vn -0.9771 -0.2068 -0.0495
vn -0.9267 -0.3728 -0.0469
vn -0.9680 -0.2068 0.1421
vn -0.9181 -0.3728 0.1348
vn -0.9217 -0.2068 0.3282
vn -0.8741 -0.3728 0.3113
vn -0.8399 -0.2068 0.5017
vn -0.7966 -0.3728 0.4758
vn -0.7259 -0.2068 0.6559
vn -0.6885 -0.3728 0.6221
vn -0.5840 -0.2068 0.7850
vn -0.5539 -0.3728 0.7445
vn -0.4196 -0.2068 0.8838
vn -0.3980 -0.3728 0.8382
vn -0.2392 -0.2068 0.9487
vn -0.2268 -0.3728 0.8997
vn -0.0495 -0.2068 0.9771
vn -0.0469 -0.3728 0.9267
vn 0.1421 -0.2068 0.9680
vn 0.1348 -0.3728 0.9181
vn 0.3282 -0.2068 0.9217
vn 0.3113 -0.3728 0.8741
vn 0.5017 -0.2068 0.8399
vn 0.4758 -0.3728 0.7966
vn 0.6559 -0.2068 0.7259
vn 0.6221 -0.3728 0.6885
vn 0.7850 -0.2068 0.5840
vn 0.7445 -0.3728 0.5539
vn 0.8838 -0.2068 0.4196
vn 0.8382 -0.3728 0.3980
vn 0.9487 -0.2068 0.2392
vn 0.8997 -0.3728 0.2268
vn 0.9771 -0.2068 0.0495
vn 0.9267 -0.3728 0.0469
vn 0.9680 -0.2068 -0.1421
vn 0.9181 -0.3728 -0.1348
vn 0.7871 -0.1936 0.5856
vn 0.8862 -0.1936 0.4208
vn 0.8423 -0.1936 -0.5031
vn 0.7279 -0.1936 -0.6577
vn 0.9513 -0.1936 0.2398
vn 0.9798 -0.1936 0.0496
vn -0.0000 1.0000 -0.0001
vn -0.7279 -0.1936 0.6577
vn -0.5856 -0.1936 0.7871
vn 0.0496 -0.1936 -0.9798
vn -0.1425 -0.1936 -0.9707
vn -0.2398 -0.1936 0.9513
vn -0.0496 -0.1936 0.9798
vn -0.5031 -0.1936 -0.8423
vn -0.6577 -0.1936 -0.7279
vn 0.3291 -0.1936 0.9242
vn 0.5031 -0.1936 0.8423
vn -0.8862 -0.1936 -0.4208
vn -0.9513 -0.1936 -0.2398
vn 0.1767 -0.9786 -0.1056
vn 0.1939 -0.9786 -0.0691
vn 0.9707 -0.1936 -0.1425
vn 0.9242 -0.1936 -0.3291
vn 0.6577 -0.1936 0.7279
vn 0.1425 -0.1936 0.9707
vn -0.4208 -0.1936 0.8862
vn -0.8423 -0.1936 0.5031
vn -0.9242 -0.1936 0.3291
vn -0.9707 -0.1936 0.1425
vn -0.9798 -0.1936 -0.0496
vn -0.7871 -0.1936 -0.5856
vn -0.3291 -0.1936 -0.9242
vn 0.2398 -0.1936 -0.9513
vn 0.4208 -0.1936 -0.8862
vn 0.5856 -0.1936 -0.7871
vn -0.1939 -0.9786 0.0691
vn -0.2037 -0.9786 0.0299
vn 0.1996 -0.9786 0.0503
vn 0.1860 -0.9786 0.0883
vn 0.2037 -0.9786 -0.0299
vn 0.2056 -0.9786 0.0104
vn -0.2056 -0.9786 -0.0104
vn 0.1652 -0.9786 0.1229
vn -0.1996 -0.9786 -0.0503
vn 0.1380 -0.9786 0.1528
vn -0.1860 -0.9786 -0.0883
vn 0.1056 -0.9786 0.1767
vn -0.1652 -0.9786 -0.1229
vn 0.0691 -0.9786 0.1939
vn -0.1380 -0.9786 -0.1527
vn 0.0299 -0.9786 0.2037
vn -0.1056 -0.9786 -0.1767
vn -0.0104 -0.9786 0.2056
vn -0.0691 -0.9786 -0.1939
vn -0.0503 -0.9786 0.1996
vn -0.0299 -0.9786 -0.2037
vn -0.0883 -0.9786 0.1860
vn 0.0104 -0.9786 -0.2056
vn -0.1229 -0.9786 0.1652
vn 0.1528 -0.9786 -0.1380
vn 0.0503 -0.9786 -0.1996
vn -0.1528 -0.9786 0.1380
vn 0.0883 -0.9786 -0.1860
vn -0.1767 -0.9786 0.1056
vn 0.1229 -0.9786 -0.1652
vn 0.7279 -0.1936 -0.6578
vn 0.9697 -0.0000 0.2445
vn -0.2444 -0.0000 0.9697
vn 0.9134 -0.3843 -0.1341
vn 0.8697 -0.3843 -0.3097
vn 0.3590 -0.9245 -0.1278
vn 0.3771 -0.9245 -0.0553
vn 0.8340 -0.3843 0.3960
vn 0.8952 -0.3843 0.2257
vn 0.3695 -0.9245 0.0932
vn 0.3443 -0.9245 0.1635
vn 0.4734 -0.3843 0.7926
vn 0.6190 -0.3843 0.6850
vn 0.2555 -0.9245 0.2828
vn 0.1954 -0.9245 0.3272
vn -0.0467 -0.3843 0.9220
vn 0.1341 -0.3843 0.9134
vn 0.0553 -0.9245 0.3771
vn -0.0193 -0.9245 0.3806
vn -0.5511 -0.3843 0.7407
vn -0.3960 -0.3843 0.8340
vn -0.1635 -0.9245 0.3443
vn -0.2275 -0.9245 0.3058
vn -0.8697 -0.3843 0.3097
vn -0.7926 -0.3843 0.4734
vn -0.3272 -0.9245 0.1954
vn -0.3590 -0.9245 0.1278
vn -0.8952 -0.3843 -0.2257
vn -0.9220 -0.3843 -0.0467
vn -0.3806 -0.9245 -0.0193
vn -0.3695 -0.9245 -0.0932
vn -0.6190 -0.3843 -0.6850
vn -0.7407 -0.3843 -0.5511
vn -0.3058 -0.9245 -0.2275
vn -0.2555 -0.9245 -0.2828
vn -0.1341 -0.3843 -0.9134
vn -0.3097 -0.3843 -0.8697
vn -0.1278 -0.9245 -0.3590
vn -0.0553 -0.9245 -0.3771
vn 0.3960 -0.3843 -0.8340
vn 0.2257 -0.3843 -0.8952
vn 0.0932 -0.9245 -0.3695
vn 0.1635 -0.9245 -0.3443
vn 0.9220 -0.3843 0.0467
vn 0.3806 -0.9245 0.0193
vn 0.0467 -0.3843 -0.9220
vn 0.0193 -0.9245 -0.3806
vn 0.5511 -0.3843 -0.7407
vn 0.2275 -0.9245 -0.3058
vn -0.6850 -0.3843 0.6190
vn -0.2828 -0.9245 0.2555
vn -0.9134 -0.3843 0.1341
vn -0.3771 -0.9245 0.0553
vn 0.7407 -0.3843 0.5511
vn 0.3058 -0.9245 0.2275
vn 0.7926 -0.3843 -0.4734
vn 0.6850 -0.3843 -0.6190
vn 0.2828 -0.9245 -0.2555
vn 0.3272 -0.9245 -0.1954
vn -0.8340 -0.3843 -0.3960
vn -0.3443 -0.9245 -0.1635
vn 0.3097 -0.3843 0.8697
vn 0.1278 -0.9245 0.3590
vn -0.4734 -0.3843 -0.7926
vn -0.1954 -0.9245 -0.3272
vn -0.2257 -0.3843 0.8952
vn -0.0932 -0.9245 0.3695
vn -0.3590 -0.9245 0.1279
vt 0.185502 0.997915
vt 0.169999 0.005501
vt 0.199438 0.004576
vt 0.215766 0.996990
vt 0.229177 0.003621
vt 0.245707 0.996035
vt 0.259233 0.002673
vt 0.275335 0.995087
vt 0.289613 0.001767
vt 0.304673 0.994181
vt 0.320309 0.000940
vt 0.333750 0.993354
vt 0.351300 0.000222
vt 0.362604 0.992636
vt 0.382548 -0.000359
vt 0.391275 0.992055
vt 0.413999 -0.000780
vt 0.419810 0.991634
vt 0.445590 -0.001025
vt 0.448255 0.991388
vt 0.477245 -0.001086
vt 0.476660 0.991328
vt 0.508885 -0.000958
vt 0.505073 0.991456
vt 0.540434 -0.000648
vt 0.533545 0.991765
vt 0.571819 -0.000168
vt 0.562123 0.992246
vt 0.602980 0.000465
vt 0.590855 0.992879
vt 0.633869 0.001226
vt 0.619784 0.993639
vt 0.664454 0.002085
vt 0.648951 0.994499
vt 0.694718 0.003010
vt 0.678390 0.995424
vt 0.724659 0.003965
vt 0.708129 0.996379
vt 0.754288 0.004914
vt 0.738185 0.997327
vt 0.783625 0.005819
vt 0.768565 0.998233
vt 0.812703 0.006646
vt 0.799262 0.999060
vt 0.841556 0.007364
vt 0.830253 0.999778
vt 0.870228 0.007945
vt 0.861500 1.000359
vt 0.898762 0.008366
vt 0.892952 1.000780
vt 0.927207 0.008612
vt 0.924542 1.001025
vt 0.955612 0.008672
vt 0.956197 1.001086
vt 0.000542 0.999156
vt -0.000043 0.006742
vt 0.028371 0.006614
vt 0.032183 0.999028
vt 0.029933 0.995423
vt 0.026121 0.007386
vt 0.054593 0.007077
vt 0.061482 0.995113
vt 0.061482 0.999490
vt 0.083171 0.006596
vt 0.092867 0.999010
vt 0.111902 0.005963
vt 0.124028 0.998377
vt 0.540548 0.746820
vt 0.540718 0.742046
vt 0.541442 0.742037
vt 0.541272 0.746810
vt 0.124028 0.999535
vt 0.111902 0.007121
vt 0.140832 0.006361
vt 0.154917 0.998774
vt 0.490388 0.788827
vt 0.491316 0.780772
vt 0.491796 0.780866
vt 0.490849 0.789081
vt 0.278294 0.299617
vt 0.443326 0.315364
vt 0.455640 0.239192
vt 0.294865 0.224161
vt 0.382871 0.237852
vt 0.312390 0.234525
vt 0.319297 0.157823
vt 0.384686 0.160910
vt 0.550646 0.310965
vt 0.609581 0.301054
vt 0.593010 0.225598
vt 0.538332 0.234793
vt 0.485160 0.317791
vt 0.477577 0.241126
vt 0.443815 0.321421
vt 0.382147 0.314630
vt 0.389729 0.237965
vt 0.456128 0.245249
vt 0.244696 0.227998
vt 0.256493 0.151768
vt 0.584040 0.227998
vt 0.521357 0.234525
vt 0.513168 0.157823
vt 0.571323 0.151768
vt 0.381337 0.323627
vt 0.344759 0.321272
vt 0.347320 0.244355
vt 0.388919 0.246962
vt 0.453431 0.237852
vt 0.450149 0.160910
vt 0.415641 0.321272
vt 0.413080 0.244355
vt 0.535056 0.862656
vt 0.533393 0.869562
vt 0.530980 0.875754
vt 0.527908 0.880993
vt 0.524296 0.885080
vt 0.520283 0.887856
vt 0.516022 0.889216
vt 0.511678 0.889106
vt 0.507417 0.887532
vt 0.503404 0.884553
vt 0.504012 0.873831
vt 0.508541 0.881200
vt 0.512479 0.885522
vt 0.517562 0.885232
vt 0.523713 0.880332
vt 0.525880 0.872353
vt 0.524689 0.829009
vt 0.521323 0.819416
vt 0.515138 0.814395
vt 0.511854 0.814389
vt 0.511678 0.812756
vt 0.516022 0.812865
vt 0.520283 0.814440
vt 0.524296 0.817419
vt 0.527908 0.821688
vt 0.530980 0.827083
vt 0.533393 0.833396
vt 0.535056 0.840386
vt 0.535903 0.847782
vt 0.535903 0.855302
vt 0.547337 0.780344
vt 0.549964 0.787196
vt 0.549587 0.787726
vt 0.546908 0.780739
vt 0.474205 0.816432
vt 0.478601 0.813390
vt 0.478829 0.814133
vt 0.474345 0.817235
vt 0.491316 0.772534
vt 0.491796 0.772464
vt 0.545528 0.772732
vt 0.545063 0.772974
vt 0.482558 0.808914
vt 0.482864 0.809567
vt 0.490388 0.764432
vt 0.490849 0.764201
vt 0.544605 0.764650
vt 0.544122 0.764732
vt 0.485923 0.803174
vt 0.486296 0.803714
vt 0.488566 0.756775
vt 0.488992 0.756392
vt 0.544605 0.756409
vt 0.544122 0.756328
vt 0.488566 0.796392
vt 0.488992 0.796796
vt 0.485923 0.749860
vt 0.486296 0.749339
vt 0.545528 0.748328
vt 0.545063 0.748085
vt 0.482558 0.743950
vt 0.482864 0.743312
vt 0.547337 0.740715
vt 0.546908 0.740321
vt 0.478601 0.739274
vt 0.478829 0.738543
vt 0.549964 0.733863
vt 0.549587 0.733333
vt 0.474205 0.736010
vt 0.474345 0.735214
vt 0.469538 0.734286
vt 0.469585 0.733455
vt 0.464779 0.734166
vt 0.464732 0.733333
vt 0.460112 0.735655
vt 0.459972 0.734852
vt 0.455715 0.738696
vt 0.455488 0.737954
vt 0.451759 0.743173
vt 0.451453 0.742519
vt 0.446055 0.866201
vt 0.445361 0.873145
vt 0.442520 0.873153
vt 0.443214 0.866209
vt 0.446055 0.825785
vt 0.446533 0.833578
vt 0.443693 0.833587
vt 0.443214 0.825793
vt 0.555013 0.834827
vt 0.554769 0.843054
vt 0.551929 0.843063
vt 0.552172 0.834836
vt 0.558583 0.733333
vt 0.559323 0.740285
vt 0.556469 0.740363
vt 0.555729 0.733411
vt 0.446777 0.841836
vt 0.443936 0.841844
vt 0.554291 0.850788
vt 0.551451 0.850797
vt 0.559873 0.748024
vt 0.557019 0.748102
vt 0.446777 0.850240
vt 0.443936 0.850248
vt 0.553597 0.857732
vt 0.550757 0.857741
vt 0.560212 0.756253
vt 0.557358 0.756330
vt 0.446533 0.858467
vt 0.443693 0.858475
vt 0.552714 0.863619
vt 0.549873 0.863628
vt 0.560326 0.764655
vt 0.557472 0.764733
vt 0.557860 0.797344
vt 0.558627 0.804234
vt 0.555780 0.804303
vt 0.555013 0.797413
vt 0.560212 0.772908
vt 0.557358 0.772986
vt 0.559197 0.811930
vt 0.556350 0.811999
vt 0.559873 0.780695
vt 0.557019 0.780772
vt 0.559548 0.820136
vt 0.556701 0.820205
vt 0.559323 0.787715
vt 0.556469 0.787793
vt 0.559666 0.828537
vt 0.556819 0.828606
vt 0.558583 0.793701
vt 0.555729 0.793779
vt 0.559548 0.836810
vt 0.556701 0.836880
vt 0.552714 0.797344
vt 0.553597 0.803341
vt 0.550757 0.803350
vt 0.549873 0.797352
vt 0.559197 0.844638
vt 0.556350 0.844707
vt 0.554291 0.810372
vt 0.551451 0.810380
vt 0.558627 0.851718
vt 0.555780 0.851788
vt 0.554769 0.818166
vt 0.551929 0.818174
vt 0.557860 0.857780
vt 0.555013 0.857849
vt 0.555013 0.826423
vt 0.552172 0.826432
vt 0.445361 0.818754
vt 0.442520 0.818762
vt 0.469538 0.817921
vt 0.469585 0.818754
vt 0.464779 0.817801
vt 0.464732 0.818631
vt 0.460112 0.816076
vt 0.459972 0.816872
vt 0.455715 0.812813
vt 0.455488 0.813544
vt 0.451759 0.808137
vt 0.451453 0.808775
vt 0.448394 0.802227
vt 0.448021 0.802748
vt 0.445750 0.795311
vt 0.445324 0.795694
vt 0.443929 0.787655
vt 0.443467 0.787886
vt 0.443001 0.779552
vt 0.442520 0.779622
vt 0.443001 0.771315
vt 0.442520 0.771221
vt -0.001708 1.001086
vt 0.029933 1.000958
vt 0.443929 0.763259
vt 0.443467 0.763005
vt 0.061482 1.000648
vt 0.445750 0.755695
vt 0.445324 0.755290
vt 0.092867 1.000168
vt 0.448394 0.748913
vt 0.448021 0.748373
vt 0.541204 0.833458
vt 0.540844 0.841178
vt 0.538901 0.841441
vt 0.539240 0.833800
vt 0.539445 0.733755
vt 0.540252 0.739353
vt 0.538404 0.739483
vt 0.537612 0.734048
vt 0.540890 0.745947
vt 0.539027 0.745909
vt 0.541334 0.753284
vt 0.539456 0.753079
vt 0.541568 0.761082
vt 0.539675 0.760717
vt 0.541582 0.769041
vt 0.539675 0.768530
vt 0.541376 0.776856
vt 0.539456 0.776217
vt 0.540959 0.784227
vt 0.539027 0.783484
vt 0.540345 0.790870
vt 0.538404 0.790050
vt 0.539557 0.796529
vt 0.537612 0.795664
vt 0.553739 0.785833
vt 0.553091 0.779290
vt 0.555084 0.778750
vt 0.555729 0.785287
vt 0.552652 0.772016
vt 0.554639 0.771503
vt 0.552437 0.764292
vt 0.554412 0.763826
vt 0.552453 0.756414
vt 0.554412 0.756012
vt 0.552700 0.748685
vt 0.554639 0.748363
vt 0.553167 0.741403
vt 0.555084 0.741172
vt 0.553836 0.734847
vt 0.555729 0.734715
vt 0.548031 0.855404
vt 0.547331 0.848759
vt 0.549185 0.848566
vt 0.549873 0.855030
vt 0.546807 0.841376
vt 0.548673 0.841370
vt 0.546480 0.833540
vt 0.548359 0.833719
vt 0.546362 0.825551
vt 0.548252 0.825907
vt 0.546456 0.817717
vt 0.548359 0.818233
vt 0.546760 0.810337
vt 0.548673 0.810994
vt 0.547262 0.803695
vt 0.549185 0.804466
vt 0.547942 0.798048
vt 0.549873 0.798901
vt 0.539601 0.798422
vt 0.540349 0.804007
vt 0.538352 0.804492
vt 0.537612 0.798892
vt 0.540901 0.810568
vt 0.538901 0.811047
vt 0.541234 0.817853
vt 0.539240 0.818306
vt 0.541336 0.825583
vt 0.539354 0.825989
vt 0.543327 0.842214
vt 0.542747 0.849781
vt 0.541325 0.848761
vt 0.541913 0.841403
vt 0.543684 0.834157
vt 0.542284 0.833581
vt 0.541967 0.856568
vt 0.540543 0.855375
vt 0.541017 0.862313
vt 0.539600 0.860994
vt 0.542782 0.738098
vt 0.543439 0.744874
vt 0.541938 0.745680
vt 0.541293 0.739003
vt 0.543891 0.752435
vt 0.542391 0.753107
vt 0.544122 0.760490
vt 0.542634 0.761002
vt 0.544122 0.768729
vt 0.542656 0.769063
vt 0.543891 0.776836
vt 0.542455 0.776981
vt 0.543439 0.784499
vt 0.542036 0.784452
vt 0.542782 0.791423
vt 0.541416 0.791188
vt 0.541947 0.797344
vt 0.540617 0.796929
vt 0.551352 0.786663
vt 0.550672 0.779770
vt 0.552014 0.779532
vt 0.552671 0.786175
vt 0.550203 0.772128
vt 0.551568 0.772149
vt 0.549964 0.764031
vt 0.551352 0.764312
vt 0.549964 0.755791
vt 0.551372 0.756324
vt 0.550203 0.747725
vt 0.551628 0.748493
vt 0.550672 0.740142
vt 0.552109 0.741118
vt 0.551352 0.733333
vt 0.552794 0.734482
vt 0.545514 0.856534
vt 0.544788 0.849718
vt 0.546286 0.849046
vt 0.546990 0.855776
vt 0.544249 0.842130
vt 0.545756 0.841571
vt 0.543917 0.834062
vt 0.545421 0.833637
vt 0.543804 0.825823
vt 0.545295 0.825548
vt 0.543917 0.817731
vt 0.545383 0.817614
vt 0.544249 0.810096
vt 0.545684 0.810137
vt 0.544788 0.803212
vt 0.546188 0.803406
vt 0.545514 0.797344
vt 0.546876 0.797681
vt 0.541967 0.797344
vt 0.542747 0.803249
vt 0.541422 0.803697
vt 0.540661 0.798025
vt 0.543327 0.810162
vt 0.541982 0.810359
vt 0.543684 0.817817
vt 0.542319 0.817754
vt 0.543804 0.825919
vt 0.542421 0.825596
vt 0.540271 0.848444
vt 0.539506 0.854978
vt 0.537612 0.855052
vt 0.538352 0.848617
vt 0.540805 0.848517
vt 0.541384 0.841213
vt 0.541748 0.833455
vt 0.540033 0.855086
vt 0.540480 0.733333
vt 0.540775 0.739235
vt 0.539964 0.733597
vt 0.541417 0.745873
vt 0.541865 0.753256
vt 0.542102 0.761101
vt 0.542119 0.769107
vt 0.541915 0.776967
vt 0.541497 0.784378
vt 0.540880 0.791056
vt 0.540088 0.796744
vt 0.552550 0.779422
vt 0.553200 0.785995
vt 0.552108 0.772113
vt 0.551892 0.764351
vt 0.551910 0.756434
vt 0.552160 0.748667
vt 0.552632 0.741347
vt 0.553308 0.734756
vt 0.546807 0.848866
vt 0.547510 0.855557
vt 0.546280 0.841434
vt 0.545949 0.833548
vt 0.545827 0.825509
vt 0.545920 0.817626
vt 0.546223 0.810202
vt 0.546726 0.803522
vt 0.547410 0.797843
vt 0.540890 0.803861
vt 0.540138 0.798252
vt 0.541444 0.810453
vt 0.541779 0.817773
vt 0.541881 0.825540
vt 0.536732 0.785167
vt 0.535005 0.792340
vt 0.534462 0.791824
vt 0.536143 0.784843
vt 0.532498 0.798771
vt 0.532022 0.798083
vt 0.529307 0.804214
vt 0.528917 0.803381
vt 0.525555 0.808459
vt 0.525265 0.807512
vt 0.521386 0.811343
vt 0.521208 0.810319
vt 0.516960 0.812756
vt 0.516900 0.811694
vt 0.512448 0.812642
vt 0.512508 0.811583
vt 0.508022 0.811006
vt 0.508201 0.809991
vt 0.503853 0.807912
vt 0.504143 0.806979
vt 0.500101 0.803477
vt 0.500492 0.802664
vt 0.496910 0.797873
vt 0.497386 0.797210
vt 0.494403 0.791315
vt 0.494946 0.790827
vt 0.492677 0.784055
vt 0.493266 0.783761
vt 0.491796 0.776372
vt 0.492409 0.776283
vt 0.491796 0.768561
vt 0.492409 0.768680
vt 0.492677 0.760922
vt 0.493266 0.761246
vt 0.494403 0.753749
vt 0.494946 0.754264
vt 0.496910 0.747317
vt 0.497386 0.748005
vt 0.500101 0.741874
vt 0.500492 0.742708
vt 0.503853 0.737629
vt 0.504143 0.738576
vt 0.508022 0.734745
vt 0.508201 0.735769
vt 0.512448 0.733333
vt 0.512508 0.734395
vt 0.516960 0.733447
vt 0.516900 0.734506
vt 0.521386 0.735082
vt 0.521208 0.736097
vt 0.525555 0.738177
vt 0.525265 0.739109
vt 0.529307 0.742611
vt 0.528917 0.743425
vt 0.532498 0.748215
vt 0.532022 0.748879
vt 0.535005 0.754773
vt 0.534462 0.755262
vt 0.536732 0.762033
vt 0.536143 0.762328
vt 0.537612 0.769717
vt 0.537000 0.769806
vt 0.537612 0.777528
vt 0.537000 0.777408
vt 0.452554 0.854691
vt 0.452122 0.861689
vt 0.451610 0.861489
vt 0.452038 0.854566
vt 0.451494 0.867973
vt 0.450989 0.867705
vt 0.449411 0.818754
vt 0.450081 0.825045
vt 0.449574 0.825258
vt 0.448912 0.819036
vt 0.450579 0.832048
vt 0.450067 0.832185
vt 0.450886 0.839494
vt 0.450370 0.839551
vt 0.450989 0.847098
vt 0.450472 0.847072
vt 0.450886 0.854566
vt 0.450370 0.854459
vt 0.450579 0.861612
vt 0.450067 0.861429
vt 0.450081 0.867966
vt 0.449574 0.867714
vt 0.449411 0.873382
vt 0.448912 0.873071
vt 0.560163 0.797344
vt 0.560962 0.802771
vt 0.560457 0.803036
vt 0.559666 0.797668
vt 0.561590 0.809133
vt 0.561078 0.809329
vt 0.562023 0.816186
vt 0.561506 0.816306
vt 0.562243 0.823658
vt 0.561725 0.823697
vt 0.562243 0.831263
vt 0.561725 0.831219
vt 0.562023 0.838708
vt 0.561506 0.838583
vt 0.561590 0.845706
vt 0.561078 0.845506
vt 0.560962 0.851990
vt 0.560457 0.851722
vt 0.560163 0.857318
vt 0.559666 0.856991
vt 0.447277 0.818754
vt 0.447971 0.824989
vt 0.447463 0.825206
vt 0.446777 0.819038
vt 0.448487 0.831953
vt 0.447973 0.832094
vt 0.448804 0.839379
vt 0.448288 0.839440
vt 0.448912 0.846982
vt 0.448394 0.846960
vt 0.448804 0.854468
vt 0.448288 0.854365
vt 0.448487 0.861551
vt 0.447973 0.861372
vt 0.447971 0.867958
vt 0.447463 0.867709
vt 0.447277 0.873444
vt 0.446777 0.873135
vt 0.451494 0.818754
vt 0.452122 0.825116
vt 0.451610 0.825312
vt 0.450989 0.819019
vt 0.452554 0.832169
vt 0.452038 0.832289
vt 0.452775 0.839641
vt 0.452256 0.839680
vt 0.452775 0.847246
vt 0.452256 0.847202
vt 0.999282 0.001161
vt 0.999254 0.001161
vt 0.999254 0.000992
vt 0.999282 0.000992
vt 0.999517 0.001161
vt 0.999484 0.001161
vt 0.999484 0.000992
vt 0.999517 0.000992
vt 0.999517 0.000813
vt 0.999484 0.000813
vt 0.999484 0.000764
vt 0.999517 0.000764
vt 0.999385 0.001161
vt 0.999385 0.000992
vt 0.999282 0.000813
vt 0.999254 0.000813
vt 0.999254 0.000764
vt 0.999282 0.000764
vt 0.999385 0.000813
vt 0.999385 0.000764
vt 0.505156 0.818825
vt 0.502708 0.828198
vt 0.499792 0.880284
vt 0.496720 0.874889
vt 0.494306 0.868575
vt 0.492644 0.861586
vt 0.491796 0.854189
vt 0.491796 0.846669
vt 0.492644 0.839315
vt 0.494306 0.832410
vt 0.496720 0.826218
vt 0.499792 0.820978
vt 0.503404 0.816892
vt 0.507417 0.814115
vt 0.505640 0.845120
vt 0.523350 0.843969
vt 0.522979 0.830485
vt 0.520434 0.821810
vt 0.515127 0.816876
vt 0.512097 0.816636
vt 0.507531 0.821307
vt 0.505156 0.830401
vt 0.999385 0.001220
vt 0.999282 0.001220
vt 0.999484 0.001220
vt 0.999517 0.001220
vt 0.999254 0.001220
vt 0.527343 0.169070
vt 0.504449 0.153026
vt 0.481406 0.168619
vt 0.487132 0.168675
vt 0.520278 0.169001
vt 0.509714 0.198081
vt 0.509714 0.252693
vt 0.506301 0.252693
vt 0.506301 0.198081
vt 0.502887 0.252693
vt 0.502887 0.198081
vt 0.499474 0.252693
vt 0.499474 0.198081
vt 0.496061 0.252693
vt 0.496061 0.198081
vt 0.492648 0.252693
vt 0.492648 0.198081
vt 0.489234 0.252693
vt 0.489234 0.198081
vt 0.485821 0.252693
vt 0.485821 0.198081
vt 0.482408 0.252693
vt 0.482408 0.198081
vt 0.478995 0.252693
vt 0.478995 0.198081
vt 0.475582 0.252693
vt 0.475582 0.198081
vt 0.472168 0.252693
vt 0.472168 0.198081
vt 0.468755 0.252693
vt 0.468755 0.198081
vt 0.465342 0.252693
vt 0.465342 0.198081
vt 0.461929 0.252693
vt 0.461929 0.198081
vt 0.458515 0.252693
vt 0.458515 0.198081
vt 0.455102 0.252693
vt 0.455102 0.198081
vt 0.451689 0.252693
vt 0.451689 0.198081
vt 0.448276 0.252693
vt 0.448276 0.198081
vt 0.444862 0.252693
vt 0.444862 0.198081
vt 0.441449 0.252693
vt 0.441449 0.198081
vt 0.438036 0.252693
vt 0.438036 0.198081
vt 0.434623 0.252693
vt 0.434623 0.198081
vt 0.431209 0.252693
vt 0.431209 0.198081
vt 0.427796 0.252693
vt 0.427796 0.198081
vt 0.424383 0.252693
vt 0.424383 0.198081
vt 0.420970 0.252693
vt 0.420970 0.198081
vt 0.417556 0.252693
vt 0.417556 0.198081
vt 0.414143 0.252693
vt 0.414143 0.198081
vt 0.410730 0.252693
vt 0.410730 0.198081
vt 0.407317 0.252693
vt 0.407317 0.198081
vt 0.432910 0.196485
vt 0.427796 0.196989
vt 0.422682 0.196485
vt 0.417765 0.194994
vt 0.413233 0.192571
vt 0.409260 0.189311
vt 0.406000 0.185339
vt 0.403578 0.180807
vt 0.402086 0.175889
vt 0.401582 0.170775
vt 0.402086 0.165661
vt 0.403578 0.160744
vt 0.406000 0.156212
vt 0.409260 0.152240
vt 0.413233 0.148980
vt 0.417765 0.146557
vt 0.422682 0.145065
vt 0.427796 0.144562
vt 0.432910 0.145065
vt 0.437828 0.146557
vt 0.442360 0.148980
vt 0.446332 0.152240
vt 0.449592 0.156212
vt 0.452014 0.160744
vt 0.453506 0.165661
vt 0.454010 0.170775
vt 0.453506 0.175889
vt 0.452014 0.180807
vt 0.449592 0.185339
vt 0.446332 0.189311
vt 0.442360 0.192571
vt 0.437828 0.194994
vt 0.403903 0.252693
vt 0.403903 0.198081
vt 0.400490 0.252693
vt 0.400490 0.198081
vt 0.482408 0.196989
vt 0.487522 0.196485
vt 0.492440 0.194994
vt 0.496972 0.192571
vt 0.500944 0.189311
vt 0.504204 0.185339
vt 0.506626 0.180807
vt 0.508118 0.175889
vt 0.508622 0.170775
vt 0.508118 0.165661
vt 0.506626 0.160744
vt 0.504204 0.156212
vt 0.500944 0.152240
vt 0.496972 0.148980
vt 0.492440 0.146557
vt 0.487522 0.145065
vt 0.482408 0.144562
vt 0.477294 0.145065
vt 0.472376 0.146557
vt 0.467844 0.148980
vt 0.463872 0.152240
vt 0.460612 0.156212
vt 0.458190 0.160744
vt 0.456698 0.165661
vt 0.456194 0.170775
vt 0.456698 0.175889
vt 0.458190 0.180807
vt 0.460612 0.185339
vt 0.463872 0.189311
vt 0.467844 0.192571
vt 0.472376 0.194994
vt 0.477294 0.196485
vt 0.528785 0.201626
vt 0.477908 0.201126
vt 0.477761 0.259801
vt 0.481947 0.263641
vt 0.523988 0.263641
vt 0.528865 0.260642
vt 0.529592 0.253232
vt 0.458869 0.184714
vt 0.459148 0.218071
vt 0.466096 0.217950
vt 0.473043 0.217829
vt 0.479991 0.217708
vt 0.486938 0.217587
vt 0.486659 0.184231
vt 0.483154 0.184292
vt 0.483788 0.206347
vt 0.483518 0.209524
vt 0.481449 0.210863
vt 0.463467 0.211353
vt 0.461654 0.209760
vt 0.461389 0.184670
vt 0.482355 0.170432
vt 0.479333 0.170485
vt 0.465153 0.170731
vt 0.462704 0.170774
vt 0.464664 0.238488
vt 0.465816 0.246114
vt 0.472764 0.245993
vt 0.472730 0.241217
vt 0.479712 0.245872
vt 0.480897 0.238494
vt 0.459078 0.225112
vt 0.464910 0.225328
vt 0.459008 0.232153
vt 0.461425 0.231907
vt 0.458939 0.239194
vt 0.473078 0.222605
vt 0.484382 0.231915
vt 0.481766 0.228932
vt 0.481091 0.231491
vt 0.480044 0.235748
vt 0.478705 0.237357
vt 0.476681 0.237936
vt 0.475019 0.236968
vt 0.471090 0.234410
vt 0.469889 0.234612
vt 0.467470 0.232842
vt 0.466423 0.233494
vt 0.468396 0.235725
vt 0.468109 0.237360
vt 0.466973 0.236384
vt 0.466963 0.235116
vt 0.465067 0.233065
vt 0.481143 0.225334
vt 0.480271 0.229248
vt 0.467004 0.231038
vt 0.467969 0.229663
vt 0.466606 0.228418
vt 0.466517 0.226789
vt 0.467975 0.226719
vt 0.470257 0.230049
vt 0.471956 0.230137
vt 0.473152 0.229391
vt 0.472916 0.228127
vt 0.471639 0.228150
vt 0.471477 0.226703
vt 0.473503 0.226396
vt 0.474565 0.227582
vt 0.474828 0.230658
vt 0.477477 0.230611
vt 0.476985 0.227614
vt 0.486869 0.224628
vt 0.486799 0.231669
vt 0.486729 0.238710
vt 0.486384 0.242252
vt 0.483200 0.245497
vt 0.486384 0.242252
vt 0.462357 0.245860
vt 0.459214 0.242693
vt 0.459214 0.242693
vt 0.542702 0.752324
vt 0.542805 0.747164
vt 0.544157 0.747848
vt 0.544060 0.752738
vt 0.537649 0.752336
vt 0.537784 0.747178
vt 0.539132 0.747880
vt 0.539005 0.752768
vt 0.543087 0.804589
vt 0.542985 0.810063
vt 0.541632 0.809614
vt 0.541729 0.804425
vt 0.537912 0.802983
vt 0.537912 0.808565
vt 0.536553 0.808420
vt 0.536553 0.803128
vt 0.542971 0.774012
vt 0.542805 0.768856
vt 0.544157 0.768407
vt 0.544315 0.773294
vt 0.537978 0.778669
vt 0.537784 0.774028
vt 0.539132 0.773327
vt 0.539317 0.777726
vt 0.542595 0.779776
vt 0.542819 0.783727
vt 0.541475 0.784653
vt 0.541263 0.780909
vt 0.542971 0.742520
vt 0.544315 0.743446
vt 0.537581 0.757812
vt 0.538940 0.757957
vt 0.543121 0.799006
vt 0.541762 0.799134
vt 0.543194 0.778651
vt 0.544526 0.777691
vt 0.538226 0.782617
vt 0.539551 0.781467
vt 0.537710 0.819199
vt 0.537515 0.823840
vt 0.536177 0.822897
vt 0.536361 0.818498
vt 0.542668 0.757800
vt 0.544028 0.757928
vt 0.537581 0.763394
vt 0.538940 0.763249
vt 0.543087 0.793530
vt 0.541729 0.793944
vt 0.537515 0.787708
vt 0.537710 0.792349
vt 0.536361 0.793051
vt 0.536177 0.788651
vt 0.537267 0.783760
vt 0.535942 0.784910
vt 0.537978 0.742537
vt 0.538226 0.738589
vt 0.539551 0.739739
vt 0.539317 0.743480
vt 0.542819 0.815219
vt 0.542595 0.819858
vt 0.541263 0.818897
vt 0.541475 0.814500
vt 0.537844 0.814041
vt 0.536488 0.813609
vt 0.542702 0.763382
vt 0.544060 0.763219
vt 0.537649 0.768870
vt 0.539005 0.768438
vt 0.542985 0.788371
vt 0.541632 0.789055
vt 0.539964 0.791976
vt 0.540102 0.797277
vt 0.539378 0.797277
vt 0.539240 0.791976
vt 0.477333 0.782033
vt 0.475660 0.777742
vt 0.475646 0.777755
vt 0.477320 0.782052
vt 0.540172 0.802905
vt 0.540172 0.808643
vt 0.539448 0.808643
vt 0.539448 0.802905
vt 0.535729 0.779172
vt 0.535529 0.774401
vt 0.536253 0.774401
vt 0.536453 0.779172
vt 0.540443 0.752123
vt 0.541167 0.752113
vt 0.535984 0.783230
vt 0.536708 0.783230
vt 0.540407 0.757751
vt 0.541131 0.757742
vt 0.545071 0.815621
vt 0.544841 0.820390
vt 0.544117 0.820380
vt 0.544347 0.815612
vt 0.540443 0.763489
vt 0.541167 0.763480
vt 0.545241 0.810322
vt 0.544517 0.810313
vt 0.540548 0.769116
vt 0.541272 0.769106
vt 0.545346 0.804695
vt 0.544622 0.804686
vt 0.540718 0.774415
vt 0.541442 0.774405
vt 0.545382 0.798958
vt 0.544658 0.798948
vt 0.540948 0.779183
vt 0.541672 0.779174
vt 0.545346 0.793329
vt 0.544622 0.793320
vt 0.535729 0.742034
vt 0.535984 0.737976
vt 0.536708 0.737976
vt 0.536453 0.742034
vt 0.545241 0.788026
vt 0.544517 0.788017
vt 0.535529 0.746805
vt 0.536253 0.746805
vt 0.545071 0.783253
vt 0.544347 0.783244
vt 0.535391 0.752106
vt 0.536115 0.752106
vt 0.544841 0.779192
vt 0.544117 0.779183
vt 0.535321 0.757734
vt 0.536045 0.757734
vt 0.539764 0.787205
vt 0.539040 0.787205
vt 0.539964 0.819572
vt 0.539764 0.824343
vt 0.539040 0.824343
vt 0.539240 0.819572
vt 0.535321 0.763472
vt 0.536045 0.763472
vt 0.537844 0.797507
vt 0.536488 0.797939
vt 0.540102 0.814271
vt 0.539378 0.814271
vt 0.535391 0.769100
vt 0.536115 0.769100
vt 0.540948 0.737986
vt 0.541672 0.737976
vt 0.538875 0.797308
vt 0.538738 0.792026
vt 0.538313 0.797392
vt 0.538177 0.792163
vt 0.538538 0.787272
vt 0.537980 0.787456
vt 0.542173 0.738052
vt 0.541944 0.742098
vt 0.538285 0.783230
vt 0.537729 0.783454
vt 0.541774 0.746854
vt 0.542504 0.742275
vt 0.542335 0.746984
vt 0.541670 0.752138
vt 0.542232 0.752215
vt 0.541634 0.757746
vt 0.542197 0.757767
vt 0.541670 0.763463
vt 0.542232 0.763427
vt 0.541774 0.769069
vt 0.542335 0.768978
vt 0.541944 0.774349
vt 0.542504 0.774205
vt 0.542173 0.779100
vt 0.542730 0.778909
vt 0.537209 0.738059
vt 0.536955 0.742101
vt 0.537764 0.738283
vt 0.537513 0.742285
vt 0.536755 0.746855
vt 0.537316 0.746992
vt 0.536618 0.752137
vt 0.537180 0.752221
vt 0.536548 0.757744
vt 0.537110 0.757773
vt 0.536548 0.763462
vt 0.537110 0.763433
vt 0.536618 0.769069
vt 0.537180 0.768985
vt 0.536755 0.774351
vt 0.537316 0.774214
vt 0.536955 0.779105
vt 0.537513 0.778921
vt 0.537209 0.783147
vt 0.537764 0.782923
vt 0.543616 0.820307
vt 0.543845 0.815556
vt 0.543059 0.820115
vt 0.543285 0.815412
vt 0.544015 0.810276
vt 0.543454 0.810184
vt 0.544119 0.804669
vt 0.543557 0.804634
vt 0.544155 0.798952
vt 0.543592 0.798973
vt 0.544119 0.793344
vt 0.543557 0.793421
vt 0.544015 0.788061
vt 0.543454 0.788190
vt 0.543845 0.783304
vt 0.543285 0.783481
vt 0.543616 0.779259
vt 0.543059 0.779476
vt 0.538538 0.824276
vt 0.538738 0.819522
vt 0.537980 0.824092
vt 0.538177 0.819385
vt 0.538875 0.814240
vt 0.538313 0.814156
vt 0.538945 0.808633
vt 0.538383 0.808604
vt 0.538945 0.802915
vt 0.538383 0.802944
vt 0.535546 0.822897
vt 0.535731 0.818497
vt 0.503904 0.756778
vt 0.504491 0.761875
vt 0.504507 0.761872
vt 0.503919 0.756769
vt 0.535731 0.793051
vt 0.535546 0.788651
vt 0.473921 0.762646
vt 0.474508 0.757520
vt 0.474492 0.757512
vt 0.473904 0.762644
vt 0.502751 0.751992
vt 0.503904 0.756778
vt 0.502766 0.751978
vt 0.479462 0.785665
vt 0.477333 0.782033
vt 0.479452 0.785687
vt 0.535858 0.813609
vt 0.535923 0.808420
vt 0.501078 0.747701
vt 0.502751 0.751992
vt 0.501091 0.747682
vt 0.481966 0.788497
vt 0.479462 0.785665
vt 0.481958 0.788523
vt 0.473921 0.767859
vt 0.473904 0.767862
vt 0.498949 0.744069
vt 0.501078 0.747700
vt 0.498960 0.744046
vt 0.487700 0.791364
vt 0.484747 0.790422
vt 0.484742 0.790449
vt 0.487699 0.791392
vt 0.539947 0.777726
vt 0.540182 0.781467
vt 0.490711 0.791288
vt 0.490713 0.791316
vt 0.496446 0.741236
vt 0.496454 0.741211
vt 0.544658 0.757920
vt 0.544690 0.763211
vt 0.490711 0.738370
vt 0.493664 0.739312
vt 0.493669 0.739284
vt 0.490713 0.738341
vt 0.496446 0.788132
vt 0.493664 0.790197
vt 0.493669 0.790224
vt 0.496454 0.788157
vt 0.541002 0.809606
vt 0.541098 0.804417
vt 0.498949 0.785173
vt 0.498960 0.785195
vt 0.487700 0.738446
vt 0.487699 0.738417
vt 0.544945 0.773286
vt 0.545156 0.777683
vt 0.481966 0.741602
vt 0.484747 0.739537
vt 0.484742 0.739510
vt 0.481958 0.741577
vt 0.502751 0.777058
vt 0.501078 0.781434
vt 0.501091 0.781452
vt 0.502766 0.777071
vt 0.541098 0.793936
vt 0.541002 0.789046
vt 0.503904 0.772214
vt 0.502751 0.777058
vt 0.503919 0.772222
vt 0.479462 0.744560
vt 0.481966 0.741602
vt 0.479452 0.744539
vt 0.539762 0.747880
vt 0.539635 0.752768
vt 0.474508 0.772955
vt 0.474492 0.772964
vt 0.475660 0.752676
vt 0.477333 0.748300
vt 0.477320 0.748282
vt 0.475646 0.752662
vt 0.504491 0.761875
vt 0.504491 0.767087
vt 0.504507 0.767089
vt 0.506660 0.777200
vt 0.505524 0.772480
vt 0.505723 0.772370
vt 0.506844 0.777026
vt 0.535923 0.803128
vt 0.535858 0.797939
vt 0.535923 0.808420
vt 0.474508 0.757520
vt 0.475660 0.752675
vt 0.535731 0.818498
vt 0.535858 0.813609
vt 0.479462 0.744560
vt 0.540844 0.784645
vt 0.540633 0.780900
vt 0.541002 0.789046
vt 0.487700 0.738446
vt 0.541131 0.799126
vt 0.541098 0.804417
vt 0.541131 0.799126
vt 0.496446 0.741236
vt 0.540844 0.814492
vt 0.541002 0.809606
vt 0.540633 0.818889
vt 0.540844 0.814492
vt 0.539762 0.773327
vt 0.539635 0.768438
vt 0.539570 0.763249
vt 0.539635 0.768438
vt 0.539570 0.757957
vt 0.504491 0.767087
vt 0.503903 0.772214
vt 0.539570 0.757957
vt 0.539947 0.743480
vt 0.501078 0.781434
vt 0.498949 0.785173
vt 0.540182 0.739739
vt 0.544787 0.768399
vt 0.544945 0.773286
vt 0.493664 0.790196
vt 0.490711 0.791288
vt 0.544691 0.763211
vt 0.544787 0.768399
vt 0.544691 0.752730
vt 0.544658 0.757920
vt 0.484747 0.790422
vt 0.481966 0.788497
vt 0.544788 0.747840
vt 0.544690 0.752730
vt 0.544945 0.743438
vt 0.544787 0.747840
vt 0.544526 0.739702
vt 0.545156 0.739694
vt 0.544945 0.743438
vt 0.535858 0.797939
vt 0.535731 0.793050
vt 0.545566 0.745779
vt 0.545743 0.741563
vt 0.547506 0.741563
vt 0.547330 0.745779
vt 0.534515 0.756525
vt 0.535094 0.761552
vt 0.534887 0.761592
vt 0.534316 0.756634
vt 0.505524 0.757256
vt 0.506660 0.752479
vt 0.506844 0.752644
vt 0.505723 0.757356
vt 0.504944 0.767453
vt 0.504945 0.762312
vt 0.505151 0.762342
vt 0.505151 0.767412
vt 0.535094 0.766692
vt 0.534887 0.766662
vt 0.508310 0.748163
vt 0.508471 0.748387
vt 0.535094 0.766692
vt 0.534515 0.771748
vt 0.534316 0.771649
vt 0.510410 0.744475
vt 0.510542 0.744750
vt 0.534515 0.771748
vt 0.533378 0.776526
vt 0.533195 0.776361
vt 0.512879 0.741557
vt 0.512977 0.741872
vt 0.531729 0.780841
vt 0.531568 0.780617
vt 0.515622 0.739521
vt 0.515682 0.739864
vt 0.529629 0.784529
vt 0.529497 0.784254
vt 0.518535 0.738445
vt 0.518555 0.738802
vt 0.529629 0.784529
vt 0.527160 0.787447
vt 0.527062 0.787132
vt 0.518535 0.738445
vt 0.521504 0.738370
vt 0.521484 0.738728
vt 0.524416 0.789483
vt 0.524356 0.789140
vt 0.524416 0.739299
vt 0.524356 0.739645
vt 0.521504 0.790560
vt 0.521484 0.790202
vt 0.524416 0.739299
vt 0.527160 0.741197
vt 0.527062 0.741517
vt 0.521504 0.790560
vt 0.518535 0.790635
vt 0.518555 0.790276
vt 0.529629 0.743990
vt 0.529497 0.744272
vt 0.508310 0.781432
vt 0.506660 0.777200
vt 0.508471 0.781200
vt 0.518535 0.790635
vt 0.515622 0.789705
vt 0.515682 0.789359
vt 0.531729 0.747572
vt 0.531568 0.747804
vt 0.478612 0.796097
vt 0.478737 0.800919
vt 0.478593 0.800919
vt 0.478467 0.796097
vt 0.512879 0.787807
vt 0.512977 0.787488
vt 0.533378 0.751804
vt 0.533195 0.751979
vt 0.510410 0.785014
vt 0.508310 0.781432
vt 0.510542 0.784732
vt 0.534515 0.756525
vt 0.505524 0.757256
vt 0.478430 0.791757
vt 0.478467 0.796097
vt 0.478285 0.791757
vt 0.478801 0.806038
vt 0.478657 0.806038
vt 0.478801 0.811257
vt 0.478657 0.811257
vt 0.478737 0.816377
vt 0.478593 0.816377
vt 0.478612 0.821199
vt 0.478467 0.821199
vt 0.478430 0.825539
vt 0.478285 0.825539
vt 0.478467 0.821199
vt 0.534823 0.791033
vt 0.535032 0.794726
vt 0.534888 0.794724
vt 0.534679 0.791031
vt 0.535187 0.799068
vt 0.535043 0.799066
vt 0.535283 0.803892
vt 0.535138 0.803890
vt 0.535043 0.799066
vt 0.535315 0.809011
vt 0.535171 0.809010
vt 0.535283 0.814231
vt 0.535138 0.814229
vt 0.535171 0.809009
vt 0.535187 0.819349
vt 0.535043 0.819347
vt 0.535138 0.814229
vt 0.535032 0.824169
vt 0.534888 0.824167
vt 0.535043 0.819347
vt 0.534823 0.828506
vt 0.534679 0.828504
vt 0.548227 0.819135
vt 0.547995 0.815445
vt 0.548140 0.815445
vt 0.548371 0.819135
vt 0.547813 0.811105
vt 0.547957 0.811105
vt 0.547687 0.806283
vt 0.547832 0.806283
vt 0.547624 0.801164
vt 0.547768 0.801164
vt 0.547624 0.795944
vt 0.547768 0.795944
vt 0.547687 0.790825
vt 0.547832 0.790825
vt 0.547813 0.786003
vt 0.547957 0.786003
vt 0.547995 0.781663
vt 0.548140 0.781663
vt 0.548227 0.777973
vt 0.548371 0.777973
vt 0.548223 0.775455
vt 0.548015 0.771118
vt 0.548159 0.771116
vt 0.548368 0.775453
vt 0.547859 0.766297
vt 0.548004 0.766295
vt 0.547764 0.761179
vt 0.547908 0.761177
vt 0.547732 0.755960
vt 0.547876 0.755958
vt 0.547764 0.750840
vt 0.547908 0.750838
vt 0.547859 0.746017
vt 0.548004 0.746015
vt 0.548015 0.741675
vt 0.548159 0.741673
vt 0.548223 0.737981
vt 0.548368 0.737979
vt 0.548159 0.741673
vt 0.505524 0.772480
vt 0.504945 0.767453
vt 0.506410 0.829325
vt 0.505289 0.824669
vt 0.504718 0.819712
vt 0.504718 0.814642
vt 0.505289 0.809655
vt 0.506410 0.804943
vt 0.508037 0.800687
vt 0.510108 0.797050
vt 0.512543 0.794172
vt 0.515249 0.792163
vt 0.518121 0.791102
vt 0.521050 0.791028
vt 0.523922 0.791944
vt 0.526628 0.793816
vt 0.529063 0.796571
vt 0.531134 0.800104
vt 0.532761 0.804278
vt 0.533882 0.808934
vt 0.534453 0.813892
vt 0.534453 0.818961
vt 0.533882 0.823948
vt 0.532761 0.828660
vt 0.531134 0.832916
vt 0.529063 0.836553
vt 0.526628 0.839432
vt 0.523922 0.841440
vt 0.521050 0.842501
vt 0.518121 0.842575
vt 0.515249 0.841659
vt 0.512543 0.839787
vt 0.510108 0.837032
vt 0.508037 0.833499
vt 0.545506 0.806576
vt 0.545413 0.801889
vt 0.547177 0.801912
vt 0.547270 0.806599
vt 0.545968 0.737976
vt 0.547732 0.737976
vt 0.545382 0.796915
vt 0.547145 0.796937
vt 0.475457 0.791757
vt 0.475660 0.795971
vt 0.473897 0.795994
vt 0.473694 0.791780
vt 0.545413 0.791844
vt 0.547177 0.791866
vt 0.475811 0.800655
vt 0.474048 0.800678
vt 0.545506 0.786870
vt 0.547270 0.786893
vt 0.475904 0.805628
vt 0.474140 0.805651
vt 0.545657 0.782187
vt 0.547421 0.782210
vt 0.477876 0.795974
vt 0.477998 0.800659
vt 0.476234 0.800659
vt 0.476112 0.795974
vt 0.475935 0.810699
vt 0.474172 0.810722
vt 0.545860 0.777973
vt 0.547624 0.777995
vt 0.477699 0.791757
vt 0.475935 0.791757
vt 0.475904 0.815674
vt 0.474140 0.815697
vt 0.545968 0.777973
vt 0.545743 0.774386
vt 0.547506 0.774386
vt 0.547732 0.777973
vt 0.478060 0.805633
vt 0.476296 0.805633
vt 0.475811 0.820361
vt 0.474048 0.820383
vt 0.545566 0.770170
vt 0.547330 0.770170
vt 0.478060 0.810705
vt 0.476296 0.810705
vt 0.475660 0.824580
vt 0.473897 0.824602
vt 0.545444 0.765484
vt 0.547208 0.765484
vt 0.477998 0.815679
vt 0.476234 0.815679
vt 0.475457 0.828168
vt 0.473694 0.828191
vt 0.545382 0.760510
vt 0.547146 0.760510
vt 0.477876 0.820364
vt 0.476112 0.820364
vt 0.545382 0.755439
vt 0.547146 0.755439
vt 0.477699 0.824581
vt 0.475935 0.824581
vt 0.545444 0.750465
vt 0.547208 0.750465
vt 0.545860 0.814384
vt 0.545657 0.810795
vt 0.547421 0.810818
vt 0.547624 0.814407
vt 0.535697 0.803117
vt 0.535633 0.797950
vt 0.474289 0.773064
vt 0.473695 0.767914
vt 0.473921 0.767858
vt 0.474508 0.772955
vt 0.535506 0.818487
vt 0.535632 0.813620
vt 0.474292 0.757400
vt 0.475457 0.752505
vt 0.540776 0.789034
vt 0.540619 0.784651
vt 0.479323 0.744253
vt 0.481853 0.741263
vt 0.540873 0.804403
vt 0.540906 0.799135
vt 0.487684 0.738053
vt 0.490727 0.737977
vt 0.540408 0.818877
vt 0.540618 0.814499
vt 0.496559 0.740892
vt 0.499089 0.743754
vt 0.539861 0.768449
vt 0.539987 0.773316
vt 0.502955 0.751811
vt 0.504119 0.756648
vt 0.539860 0.752779
vt 0.539796 0.757946
vt 0.504716 0.767131
vt 0.504123 0.772312
vt 0.540407 0.739747
vt 0.540173 0.743472
vt 0.501250 0.781688
vt 0.499099 0.785466
vt 0.544916 0.763219
vt 0.545013 0.768385
vt 0.493724 0.790575
vt 0.490740 0.791677
vt 0.545013 0.747847
vt 0.544916 0.752716
vt 0.484675 0.790797
vt 0.481864 0.788852
vt 0.535697 0.808408
vt 0.535697 0.803140
vt 0.473694 0.767892
vt 0.473694 0.762625
vt 0.544883 0.757928
vt 0.544916 0.763197
vt 0.490727 0.791680
vt 0.487684 0.791757
vt 0.545170 0.743445
vt 0.545013 0.747828
vt 0.481853 0.788842
vt 0.479323 0.785980
vt 0.540173 0.777734
vt 0.540407 0.781459
vt 0.499099 0.743768
vt 0.501250 0.747438
vt 0.539796 0.763260
vt 0.539860 0.768427
vt 0.504123 0.756669
vt 0.504716 0.761820
vt 0.535321 0.822887
vt 0.535505 0.818507
vt 0.475463 0.752485
vt 0.477153 0.748063
vt 0.535505 0.793041
vt 0.535321 0.788661
vt 0.477153 0.782278
vt 0.475463 0.777942
vt 0.539987 0.747890
vt 0.539861 0.752757
vt 0.504119 0.772333
vt 0.502955 0.777228
vt 0.540873 0.793923
vt 0.540776 0.789054
vt 0.481864 0.741252
vt 0.484675 0.739166
vt 0.545171 0.773292
vt 0.545381 0.777670
vt 0.499089 0.785481
vt 0.496559 0.788471
vt 0.540776 0.809592
vt 0.540873 0.804426
vt 0.490740 0.737979
vt 0.493724 0.738931
vt 0.545381 0.739699
vt 0.545171 0.743427
vt 0.479313 0.785965
vt 0.477161 0.782296
vt 0.535632 0.797928
vt 0.535506 0.793061
vt 0.475457 0.777922
vt 0.474293 0.773086
vt 0.535633 0.813598
vt 0.535697 0.808431
vt 0.473695 0.762602
vt 0.474289 0.757422
vt 0.540618 0.784634
vt 0.540408 0.780906
vt 0.477162 0.748046
vt 0.479313 0.744267
vt 0.540906 0.799112
vt 0.540873 0.793944
vt 0.484688 0.739159
vt 0.487672 0.738056
vt 0.540619 0.814479
vt 0.540776 0.809613
vt 0.493737 0.738937
vt 0.496547 0.740881
vt 0.539988 0.773336
vt 0.540172 0.777717
vt 0.501258 0.747455
vt 0.502949 0.751791
vt 0.539796 0.757969
vt 0.539796 0.763237
vt 0.504718 0.761842
vt 0.504718 0.767109
vt 0.540172 0.743490
vt 0.539988 0.747870
vt 0.502949 0.777248
vt 0.501258 0.781670
vt 0.545013 0.768407
vt 0.545170 0.773272
vt 0.496547 0.788481
vt 0.493737 0.790568
vt 0.544916 0.752738
vt 0.544883 0.757906
vt 0.487672 0.791755
vt 0.484688 0.790803
vt 0.478367 0.800909
vt 0.478242 0.796107
vt 0.506457 0.777381
vt 0.505308 0.772610
vt 0.478242 0.796087
vt 0.478060 0.791766
vt 0.508130 0.781678
vt 0.506463 0.777400
vt 0.478431 0.806027
vt 0.478367 0.800930
vt 0.505304 0.772589
vt 0.504719 0.767508
vt 0.478431 0.811246
vt 0.478431 0.806049
vt 0.504718 0.767486
vt 0.504718 0.762291
vt 0.478367 0.816365
vt 0.478431 0.811269
vt 0.504719 0.762268
vt 0.505304 0.757158
vt 0.478242 0.821188
vt 0.478367 0.816387
vt 0.505308 0.757137
vt 0.506457 0.752308
vt 0.478060 0.825529
vt 0.478242 0.821208
vt 0.506463 0.752288
vt 0.508130 0.747927
vt 0.534662 0.794713
vt 0.534454 0.791036
vt 0.508138 0.747909
vt 0.510260 0.744182
vt 0.534817 0.799054
vt 0.534663 0.794731
vt 0.510270 0.744168
vt 0.512766 0.741218
vt 0.534913 0.803876
vt 0.534818 0.799074
vt 0.512777 0.741207
vt 0.515550 0.739150
vt 0.534945 0.808995
vt 0.534913 0.803898
vt 0.515562 0.739143
vt 0.518506 0.738055
vt 0.534913 0.814214
vt 0.534945 0.809018
vt 0.518519 0.738052
vt 0.521520 0.737977
vt 0.534818 0.819333
vt 0.534913 0.814237
vt 0.521533 0.737979
vt 0.524476 0.738918
vt 0.534663 0.824154
vt 0.534817 0.819354
vt 0.524489 0.738924
vt 0.527261 0.740842
vt 0.534454 0.828492
vt 0.534662 0.824174
vt 0.527273 0.740852
vt 0.529768 0.743676
vt 0.548365 0.815453
vt 0.548596 0.819127
vt 0.529778 0.743690
vt 0.531900 0.747309
vt 0.548183 0.811114
vt 0.548365 0.815435
vt 0.531908 0.747327
vt 0.533576 0.751604
vt 0.548058 0.806293
vt 0.548183 0.811094
vt 0.533582 0.751624
vt 0.534730 0.756394
vt 0.547994 0.801175
vt 0.548057 0.806272
vt 0.534734 0.756416
vt 0.535320 0.761496
vt 0.547994 0.795956
vt 0.547993 0.801152
vt 0.535321 0.761519
vt 0.535321 0.766714
vt 0.548057 0.790836
vt 0.547994 0.795933
vt 0.535320 0.766736
vt 0.534734 0.771846
vt 0.548183 0.786013
vt 0.548058 0.790815
vt 0.534730 0.771868
vt 0.533582 0.776696
vt 0.548364 0.781673
vt 0.548183 0.785994
vt 0.533576 0.776716
vt 0.531908 0.781078
vt 0.548596 0.777981
vt 0.548365 0.781655
vt 0.531900 0.781095
vt 0.529778 0.784822
vt 0.548385 0.771122
vt 0.548593 0.775441
vt 0.529768 0.784837
vt 0.527273 0.787786
vt 0.548230 0.766303
vt 0.548384 0.771102
vt 0.527261 0.787797
vt 0.524489 0.789855
vt 0.548134 0.761186
vt 0.548229 0.766281
vt 0.524476 0.789862
vt 0.521533 0.790949
vt 0.548102 0.755967
vt 0.548134 0.761163
vt 0.521520 0.790952
vt 0.518519 0.791028
vt 0.548134 0.750847
vt 0.548102 0.755944
vt 0.518506 0.791026
vt 0.515562 0.790087
vt 0.548229 0.746022
vt 0.548134 0.750825
vt 0.515550 0.790080
vt 0.512777 0.788162
vt 0.548384 0.741679
vt 0.548230 0.746002
vt 0.512766 0.788152
vt 0.510271 0.785329
vt 0.548593 0.737985
vt 0.548385 0.741662
vt 0.510260 0.785315
vt 0.508138 0.781695
s 1
usemtl Material.001
f 1/1/1 2/2/2 4/3/3 3/4/4
f 3/4/4 4/3/3 6/5/5 5/6/6
f 5/6/6 6/5/5 8/7/7 7/8/8
f 7/8/8 8/7/7 10/9/9 9/10/10
f 9/10/10 10/9/9 12/11/11 11/12/12
f 11/12/12 12/11/11 14/13/13 13/14/14
f 13/14/14 14/13/13 16/15/15 15/16/16
f 15/16/16 16/15/15 18/17/17 17/18/18
f 17/18/18 18/17/17 20/19/19 19/20/20
f 19/20/20 20/19/19 22/21/21 21/22/22
f 21/22/22 22/21/21 24/23/23 23/24/24
f 23/24/24 24/23/23 26/25/25 25/26/26
f 25/26/26 26/25/25 28/27/27 27/28/28
f 27/28/28 28/27/27 30/29/29 29/30/30
f 29/30/30 30/29/29 32/31/31 31/32/32
f 31/32/32 32/31/31 34/33/33 33/34/34
f 33/34/34 34/33/33 36/35/35 35/36/36
f 35/36/36 36/35/35 38/37/37 37/38/38
f 37/38/38 38/37/37 40/39/39 39/40/40
f 39/40/40 40/39/39 42/41/41 41/42/42
f 41/42/42 42/41/41 44/43/43 43/44/44
f 43/44/44 44/43/43 46/45/45 45/46/46
f 45/46/46 46/45/45 48/47/47 47/48/48
f 47/48/48 48/47/47 50/49/49 49/50/50
f 49/50/50 50/49/49 52/51/51 51/52/52
f 51/52/52 52/51/51 54/53/53 53/54/54
f 53/55/54 54/56/53 56/57/55 55/58/56
f 55/59/56 56/60/55 58/61/57 57/62/58
f 57/63/58 58/61/57 60/64/59 59/65/60
f 59/65/60 60/64/59 62/66/61 61/67/62
f 10/68/9 8/69/7 705/70/63 709/71/64
f 61/72/62 62/73/61 64/74/65 63/75/66
f 63/75/66 64/74/65 2/2/2 1/1/1
f 17/18/18 19/20/20 74/20/67 73/18/68
f 97/76/69 128/77/70 192/78/70 161/79/69
f 35/36/36 37/38/38 83/38/71 82/36/72
f 53/80/54 55/81/56 92/82/73 91/83/74
f 9/84/10 11/85/12 70/86/75 69/87/76
f 27/28/28 29/30/30 79/30/77 78/28/78
f 45/46/46 47/48/48 88/48/79 87/46/80
f 1/88/1 3/89/4 66/90/81 65/91/82
f 63/92/66 1/88/1 65/91/82 96/93/83
f 19/20/20 21/22/22 75/22/84 74/20/67
f 37/38/38 39/40/40 84/40/85 83/38/71
f 55/94/56 57/95/58 93/96/86 92/97/73
f 11/85/12 13/98/14 71/99/87 70/86/75
f 29/30/30 31/32/32 80/32/88 79/30/77
f 47/48/48 49/50/50 89/50/89 88/48/79
f 3/100/4 5/101/6 67/102/90 66/103/81
f 21/22/22 23/24/24 76/24/91 75/22/84
f 39/40/40 41/42/42 85/42/92 84/40/85
f 57/104/58 59/105/60 94/106/93 93/107/86
f 13/14/14 15/16/16 72/16/94 71/14/87
f 31/32/32 33/34/34 81/34/95 80/32/88
f 49/50/50 51/52/52 90/52/96 89/50/89
f 5/101/6 7/108/8 68/109/97 67/102/90
f 23/24/24 25/26/26 77/26/98 76/24/91
f 41/42/42 43/44/44 86/44/99 85/42/92
f 59/105/60 61/110/62 95/111/100 94/106/93
f 15/16/16 17/18/18 73/18/68 72/16/94
f 33/34/34 35/36/36 82/36/72 81/34/95
f 51/52/52 53/54/54 91/54/74 90/52/96
f 7/108/8 9/84/10 69/87/76 68/109/97
f 25/26/26 27/28/28 78/28/78 77/26/98
f 43/44/44 45/46/46 87/46/80 86/44/99
f 61/110/62 63/92/66 96/93/83 95/111/100
f 353/112/101 354/113/101 355/114/101 356/115/101 357/116/101 358/117/101 359/118/101 360/119/101 361/120/101 362/121/102 405/122/103 414/123/104 413/124/104 412/125/104 411/126/104 410/127/104 409/128/104 408/129/104 407/130/104 406/131/105 375/132/106 376/133/101 377/134/101 378/135/101 379/136/101 380/137/101 381/138/101 382/139/101 383/140/101 384/141/101
f 81/142/107 82/143/108 146/144/108 145/145/107
f 102/146/109 101/147/110 165/148/110 166/149/109
f 128/77/70 127/150/111 191/151/111 192/78/70
f 80/152/112 81/142/107 145/145/107 144/153/112
f 101/147/110 100/154/113 164/155/113 165/148/110
f 127/150/111 126/156/114 190/157/114 191/151/111
f 79/158/115 80/152/112 144/153/112 143/159/115
f 100/154/113 99/160/116 163/161/116 164/155/113
f 126/156/114 125/162/117 189/163/117 190/157/114
f 78/164/118 79/158/115 143/159/115 142/165/118
f 99/160/116 98/166/119 162/167/119 163/161/116
f 125/162/117 124/168/120 188/169/120 189/163/117
f 77/170/121 78/164/118 142/165/118 141/171/121
f 98/166/119 97/76/69 161/79/69 162/167/119
f 124/168/120 123/172/122 187/173/122 188/169/120
f 76/174/123 77/170/121 141/171/121 140/175/123
f 123/172/122 122/176/124 186/177/124 187/173/122
f 75/178/125 76/174/123 140/175/123 139/179/125
f 122/176/124 121/180/126 185/181/126 186/177/124
f 74/20/127 75/22/125 139/22/125 138/20/127
f 121/180/126 120/182/128 184/183/128 185/181/126
f 73/18/129 74/20/127 138/20/127 137/18/129
f 120/182/128 119/184/130 183/185/130 184/183/128
f 72/16/131 73/18/129 137/18/129 136/16/131
f 119/184/130 118/186/132 182/187/132 183/185/130
f 71/14/133 72/16/131 136/16/131 135/14/133
f 118/186/132 117/188/134 181/189/134 182/187/132
f 70/12/135 71/14/133 135/14/133 134/12/135
f 96/75/136 65/1/137 129/1/137 160/75/136
f 117/188/134 116/190/138 180/191/138 181/189/134
f 69/10/139 70/12/135 134/12/135 133/10/139
f 130/192/3 131/193/5 163/194/5 162/195/3
f 157/196/57 158/197/59 190/198/59 189/199/57
f 144/200/31 145/201/33 177/202/33 176/203/31
f 131/204/5 132/205/7 164/206/7 163/207/5
f 158/197/59 159/208/61 191/209/61 190/198/59
f 145/201/33 146/210/35 178/211/35 177/202/33
f 132/205/7 133/212/9 165/213/9 164/206/7
f 159/208/61 160/214/65 192/215/65 191/209/61
f 146/210/35 147/216/37 179/217/37 178/211/35
f 133/212/9 134/218/140 166/219/140 165/213/9
f 160/214/65 129/220/2 161/221/2 192/215/65
f 147/216/37 148/222/39 180/223/39 179/217/37
f 134/218/140 135/224/13 167/225/13 166/219/140
f 148/226/39 149/227/41 181/228/41 180/229/39
f 135/224/13 136/230/15 168/231/15 167/225/13
f 149/227/41 150/232/43 182/233/43 181/228/41
f 136/230/15 137/234/17 169/235/17 168/231/15
f 150/232/43 151/236/45 183/237/45 182/233/43
f 137/234/17 138/238/19 170/239/19 169/235/17
f 151/236/45 152/240/47 184/241/47 183/237/45
f 138/238/19 139/242/21 171/243/21 170/239/19
f 152/240/47 153/244/49 185/245/49 184/241/47
f 139/246/21 140/247/23 172/248/23 171/249/21
f 153/244/49 154/250/51 186/251/51 185/245/49
f 140/247/23 141/252/25 173/253/25 172/248/23
f 154/250/51 155/254/53 187/255/53 186/251/51
f 141/252/25 142/256/141 174/257/141 173/253/25
f 155/254/53 156/258/55 188/259/55 187/255/53
f 142/256/141 143/260/29 175/261/29 174/257/141
f 129/220/2 130/192/3 162/195/3 161/221/2
f 156/262/55 157/196/57 189/199/57 188/263/55
f 143/260/29 144/200/31 176/203/31 175/261/29
f 103/264/142 102/146/109 166/149/109 167/265/142
f 82/36/108 83/38/143 147/38/143 146/36/108
f 104/266/144 103/264/142 167/265/142 168/267/144
f 83/38/143 84/40/145 148/40/145 147/38/143
f 105/268/146 104/266/144 168/267/144 169/269/146
f 84/40/145 85/42/147 149/42/147 148/40/145
f 106/270/148 105/268/146 169/269/146 170/271/148
f 85/42/147 86/44/149 150/44/149 149/42/147
f 107/272/150 106/270/148 170/271/148 171/273/150
f 86/44/149 87/46/151 151/46/151 150/44/149
f 108/274/152 107/272/150 171/273/150 172/275/152
f 87/46/151 88/48/153 152/48/153 151/46/151
f 109/276/154 108/274/152 172/275/152 173/277/154
f 88/48/153 89/50/155 153/50/155 152/48/153
f 110/278/156 109/276/154 173/277/154 174/279/156
f 89/50/155 90/52/157 154/52/157 153/50/155
f 111/280/158 110/278/156 174/279/156 175/281/158
f 90/52/157 91/54/159 155/54/159 154/52/157
f 112/282/160 111/280/158 175/281/158 176/283/160
f 91/284/159 92/285/161 156/285/161 155/284/159
f 65/1/137 66/4/162 130/4/162 129/1/137
f 113/286/163 112/282/160 176/283/160 177/287/163
f 92/285/161 93/288/164 157/288/164 156/285/161
f 66/4/162 67/6/165 131/6/165 130/4/162
f 114/289/166 113/286/163 177/287/163 178/290/166
f 93/288/164 94/291/167 158/291/167 157/288/164
f 67/6/165 68/8/168 132/8/168 131/6/165
f 115/292/169 114/289/166 178/290/166 179/293/169
f 94/291/167 95/72/170 159/72/170 158/291/167
f 68/8/168 69/10/139 133/10/139 132/8/168
f 116/190/138 115/292/169 179/293/169 180/191/138
f 95/72/170 96/75/136 160/75/136 159/72/170
f 318/294/171 225/295/172 193/296/173 224/297/174
f 232/298/175 235/299/176 196/300/177 195/301/178
f 235/299/176 238/302/179 197/303/180 196/300/177
f 238/302/179 241/304/181 198/305/182 197/303/180
f 241/304/181 244/306/183 199/307/184 198/305/182
f 244/306/183 247/308/185 200/309/186 199/307/184
f 247/308/185 250/310/187 201/311/188 200/309/186
f 250/310/187 253/312/189 202/313/190 201/311/188
f 253/312/189 256/314/191 203/315/192 202/313/190
f 256/314/191 259/316/193 204/317/194 203/315/192
f 259/318/193 262/319/195 205/320/196 204/321/194
f 262/319/195 265/322/197 206/323/198 205/320/196
f 265/322/197 268/324/199 207/325/200 206/323/198
f 268/324/199 271/326/201 208/327/202 207/325/200
f 271/326/201 274/328/203 209/329/204 208/327/202
f 274/328/203 277/330/205 210/331/206 209/329/204
f 277/330/205 280/332/207 211/333/208 210/331/206
f 280/334/207 283/335/209 212/336/210 211/337/208
f 283/335/209 286/338/211 213/339/212 212/336/210
f 286/338/211 289/340/213 214/341/214 213/339/212
f 289/340/213 292/342/215 215/343/216 214/341/214
f 292/342/215 295/344/217 216/345/218 215/343/216
f 295/344/217 298/346/219 217/347/220 216/345/218
f 298/346/219 301/348/221 218/349/222 217/347/220
f 301/348/221 304/350/223 219/351/224 218/349/222
f 304/352/223 307/353/225 220/354/226 219/355/224
f 307/353/225 310/356/227 221/357/228 220/354/226
f 310/356/227 313/358/229 222/359/230 221/357/228
f 313/358/229 316/360/231 223/361/232 222/359/230
f 316/360/231 318/294/171 224/297/174 223/361/232
f 97/362/233 98/363/234 228/364/235 226/365/236
f 128/366/237 97/362/233 226/365/236 319/367/238
f 98/363/234 99/368/239 231/369/240 228/364/235
f 99/368/239 100/370/241 234/371/242 231/369/240
f 100/372/241 101/373/243 237/374/244 234/375/242
f 101/373/243 102/376/245 240/377/246 237/374/244
f 102/376/245 103/378/247 243/379/248 240/377/246
f 103/378/247 104/380/249 246/381/250 243/379/248
f 104/380/249 105/382/251 249/383/252 246/381/250
f 105/382/251 106/384/253 252/385/254 249/383/252
f 106/384/253 107/386/255 255/387/256 252/385/254
f 107/386/255 108/388/257 258/389/258 255/387/256
f 108/390/257 109/391/259 261/392/260 258/393/258
f 109/391/259 110/394/261 264/395/262 261/392/260
f 110/394/261 111/396/263 267/397/264 264/395/262
f 111/396/263 112/398/265 270/399/266 267/397/264
f 112/398/265 113/400/267 273/401/268 270/399/266
f 113/400/267 114/402/269 276/403/270 273/401/268
f 114/402/269 115/404/271 279/405/272 276/403/270
f 115/406/271 116/407/273 282/408/274 279/409/272
f 116/407/273 117/410/275 285/411/276 282/408/274
f 117/410/275 118/412/277 288/413/278 285/411/276
f 118/412/277 119/414/279 291/415/280 288/413/278
f 119/414/279 120/416/281 294/417/282 291/415/280
f 120/416/281 121/418/283 297/419/284 294/417/282
f 121/418/283 122/420/285 300/421/286 297/419/284
f 122/420/285 123/422/287 303/423/288 300/421/286
f 123/424/287 124/425/289 306/426/290 303/427/288
f 124/425/289 125/428/291 309/429/292 306/426/290
f 125/428/291 126/430/293 312/431/294 309/429/292
f 126/430/293 127/432/295 315/433/296 312/431/294
f 127/432/295 128/366/237 319/367/238 315/433/296
f 229/434/297 232/435/175 195/436/178 194/437/298
f 226/365/236 228/364/235 230/438/299 227/439/300
f 227/439/300 230/438/299 229/434/297 225/295/172
f 319/367/238 226/365/236 227/439/300 320/440/301
f 320/440/301 227/439/300 225/295/172 318/294/171
f 228/364/235 231/369/240 233/441/302 230/438/299
f 230/438/299 233/441/302 232/435/175 229/434/297
f 231/442/240 234/375/242 236/443/303 233/444/302
f 233/444/302 236/443/303 235/299/176 232/298/175
f 234/375/242 237/374/244 239/445/304 236/443/303
f 236/443/303 239/445/304 238/302/179 235/299/176
f 237/374/244 240/377/246 242/446/305 239/445/304
f 239/445/304 242/446/305 241/304/181 238/302/179
f 240/377/246 243/379/248 245/447/306 242/446/305
f 242/446/305 245/447/306 244/306/183 241/304/181
f 243/379/248 246/381/250 248/448/307 245/447/306
f 245/447/306 248/448/307 247/308/185 244/306/183
f 246/381/250 249/383/252 251/449/308 248/448/307
f 248/448/307 251/449/308 250/310/187 247/308/185
f 249/383/252 252/385/254 254/450/309 251/449/308
f 251/449/308 254/450/309 253/312/189 250/310/187
f 252/385/254 255/387/256 257/451/310 254/450/309
f 254/450/309 257/451/310 256/314/191 253/312/189
f 255/387/256 258/389/258 260/452/311 257/451/310
f 257/451/310 260/452/311 259/316/193 256/314/191
f 258/393/258 261/392/260 263/453/312 260/454/311
f 260/454/311 263/453/312 262/319/195 259/318/193
f 261/392/260 264/395/262 266/455/313 263/453/312
f 263/453/312 266/455/313 265/322/197 262/319/195
f 264/395/262 267/397/264 269/456/314 266/455/313
f 266/455/313 269/456/314 268/324/199 265/322/197
f 267/397/264 270/399/266 272/457/315 269/456/314
f 269/456/314 272/457/315 271/326/201 268/324/199
f 270/399/266 273/401/268 275/458/316 272/457/315
f 272/457/315 275/458/316 274/328/203 271/326/201
f 273/401/268 276/403/270 278/459/317 275/458/316
f 275/458/316 278/459/317 277/330/205 274/328/203
f 276/403/270 279/405/272 281/460/318 278/459/317
f 278/459/317 281/460/318 280/332/207 277/330/205
f 279/409/272 282/408/274 284/461/319 281/462/318
f 281/462/318 284/461/319 283/335/209 280/334/207
f 282/408/274 285/411/276 287/463/320 284/461/319
f 284/461/319 287/463/320 286/338/211 283/335/209
f 285/411/276 288/413/278 290/464/321 287/463/320
f 287/463/320 290/464/321 289/340/213 286/338/211
f 288/413/278 291/415/280 293/465/322 290/464/321
f 290/464/321 293/465/322 292/342/215 289/340/213
f 291/415/280 294/417/282 296/466/323 293/465/322
f 293/465/322 296/466/323 295/344/217 292/342/215
f 294/417/282 297/419/284 299/467/324 296/466/323
f 296/466/323 299/467/324 298/346/219 295/344/217
f 297/419/284 300/421/286 302/468/325 299/467/324
f 299/467/324 302/468/325 301/348/221 298/346/219
f 300/421/286 303/423/288 305/469/326 302/468/325
f 302/468/325 305/469/326 304/350/223 301/348/221
f 303/427/288 306/426/290 308/470/327 305/471/326
f 305/471/326 308/470/327 307/353/225 304/352/223
f 306/426/290 309/429/292 311/472/328 308/470/327
f 308/470/327 311/472/328 310/356/227 307/353/225
f 309/429/292 312/431/294 314/473/329 311/472/328
f 311/472/328 314/473/329 313/358/229 310/356/227
f 312/431/294 315/433/296 317/474/330 314/473/329
f 314/473/329 317/474/330 316/360/231 313/358/229
f 315/433/296 319/367/238 320/440/301 317/474/330
f 317/474/330 320/440/301 318/294/171 316/360/231
f 225/295/172 229/434/297 194/437/298 193/296/173
f 193/475/331 194/476/331 322/477/331 321/478/331
f 194/476/331 195/479/331 323/480/331 322/477/331
f 195/479/331 196/481/331 324/482/331 323/480/331
f 196/481/331 197/483/331 325/484/331 324/482/331
f 197/483/331 198/485/331 326/486/331 325/484/331
f 198/485/331 199/487/331 327/488/331 326/486/331
f 199/487/331 200/489/331 328/490/331 327/488/331
f 200/489/331 201/491/331 329/492/331 328/490/331
f 201/491/331 202/493/331 330/494/331 329/492/331
f 202/493/331 203/495/331 331/496/331 330/494/331
f 203/495/331 204/497/331 332/498/331 331/496/331
f 204/497/331 205/499/331 333/500/331 332/498/331
f 205/499/331 206/501/331 334/502/331 333/500/331
f 206/501/331 207/503/331 335/504/331 334/502/331
f 207/503/331 208/505/331 336/506/331 335/504/331
f 208/505/331 209/507/331 337/508/331 336/506/331
f 209/507/331 210/509/331 338/510/331 337/508/331
f 210/509/331 211/511/331 339/512/331 338/510/331
f 211/511/331 212/513/331 340/514/331 339/512/331
f 212/513/331 213/515/331 341/516/331 340/514/331
f 213/515/331 214/517/331 342/518/331 341/516/331
f 214/517/331 215/519/331 343/520/331 342/518/331
f 215/519/331 216/521/331 344/522/331 343/520/331
f 216/521/331 217/523/331 345/524/331 344/522/331
f 217/523/331 218/525/331 346/526/331 345/524/331
f 218/525/331 219/527/331 347/528/331 346/526/331
f 219/527/331 220/529/331 348/530/331 347/528/331
f 220/529/331 221/531/331 349/532/331 348/530/331
f 221/531/331 222/533/331 350/534/331 349/532/331
f 222/533/331 223/535/331 351/536/331 350/534/331
f 223/535/331 224/537/331 352/538/331 351/536/331
f 224/537/331 193/475/331 321/478/331 352/538/331
f 321/539/332 322/540/333 354/541/333 353/542/332
f 322/540/333 323/543/334 355/544/334 354/541/333
f 323/545/334 324/546/335 356/547/335 355/548/334
f 324/546/335 325/549/336 357/550/336 356/547/335
f 325/549/336 326/551/337 358/552/337 357/550/336
f 326/551/337 327/553/338 359/554/338 358/552/337
f 327/553/338 328/555/339 360/556/339 359/554/338
f 328/555/339 329/557/340 361/558/340 360/556/339
f 329/557/340 330/559/341 362/560/341 361/558/340
f 330/559/341 331/561/342 363/562/342 362/560/341
f 331/563/342 332/564/343 364/565/343 363/566/342
f 332/564/343 333/567/344 365/568/344 364/565/343
f 333/567/344 334/569/345 366/570/345 365/568/344
f 334/569/345 335/571/346 367/572/346 366/570/345
f 335/571/346 336/573/347 368/574/347 367/572/346
f 336/573/347 337/575/348 369/576/348 368/574/347
f 337/575/348 338/577/349 370/578/349 369/576/348
f 338/577/349 339/579/350 371/580/350 370/578/349
f 339/579/350 340/581/351 372/582/351 371/580/350
f 340/583/351 341/584/352 373/585/352 372/586/351
f 341/584/352 342/587/353 374/588/353 373/585/352
f 342/587/353 343/589/354 375/590/354 374/588/353
f 343/589/354 344/591/355 376/592/355 375/590/354
f 344/591/355 345/593/356 377/594/356 376/592/355
f 345/593/356 346/595/357 378/596/357 377/594/356
f 346/595/357 347/597/358 379/598/358 378/596/357
f 347/597/358 348/599/359 380/600/359 379/598/358
f 348/601/359 349/602/360 381/603/360 380/604/359
f 349/602/360 350/605/361 382/606/361 381/603/360
f 350/605/361 351/607/362 383/608/362 382/606/361
f 351/607/362 352/609/363 384/610/363 383/608/362
f 352/609/363 321/539/332 353/542/332 384/610/363
f 424/611/364 422/612/364 392/613/364 417/614/364
f 423/615/365 420/616/365 387/617/365 389/618/365
f 427/619/366 425/620/366 386/621/366 394/622/366
f 420/616/331 421/623/331 388/624/331 387/617/331
f 429/625/367 426/626/367 393/627/367 418/628/367
f 425/620/368 428/629/368 391/630/368 386/621/368
f 375/132/106 406/131/105 416/631/369 415/632/369 405/122/103 362/121/102 363/633/370 364/634/370 365/635/370 366/636/370 367/637/370 368/638/370 369/639/370 370/640/370 371/641/370 372/642/370 373/643/370 374/644/370
f 406/131/105 407/130/104 408/129/104 409/128/104 410/127/104 411/126/104 412/125/104 413/124/104 414/123/104 405/122/103 404/645/331 397/646/331 398/647/331 399/648/331 400/649/331 401/650/331
f 405/122/103 415/632/369 416/631/369 406/131/105 401/650/331 402/651/331 403/652/331 404/645/331
f 428/629/368 429/625/368 418/628/368 391/630/368
f 421/623/331 424/611/331 417/614/331 388/624/331
f 390/653/371 419/654/371 424/611/371 421/623/371
f 385/655/371 390/653/371 421/623/371 420/616/371
f 396/656/372 385/655/372 420/616/372 423/615/372
f 419/654/373 395/657/373 422/612/373 424/611/373
f 388/624/331 417/614/331 429/625/331 428/629/331
f 387/617/331 388/624/331 428/629/331 425/620/331
f 417/614/364 392/613/364 426/626/364 429/625/364
f 389/618/365 387/617/365 425/620/365 427/619/365
f 431/658/374 432/659/374 430/660/374 497/661/374 498/662/374
f 433/663/375 434/664/375 436/665/375 435/666/375
f 435/666/376 436/665/376 438/667/376 437/668/376
f 437/668/377 438/667/377 440/669/377 439/670/377
f 439/670/378 440/669/378 442/671/378 441/672/378
f 441/672/379 442/671/379 444/673/379 443/674/379
f 443/674/380 444/673/380 446/675/380 445/676/380
f 445/676/381 446/675/381 448/677/381 447/678/381
f 447/678/382 448/677/382 450/679/382 449/680/382
f 449/680/383 450/679/383 452/681/383 451/682/383
f 451/682/384 452/681/384 454/683/384 453/684/384
f 453/684/385 454/683/385 456/685/385 455/686/385
f 455/686/386 456/685/386 458/687/386 457/688/386
f 457/688/387 458/687/387 460/689/387 459/690/387
f 459/690/388 460/689/388 462/691/388 461/692/388
f 461/692/389 462/691/389 464/693/389 463/694/389
f 463/694/390 464/693/390 466/695/390 465/696/390
f 465/696/391 466/695/391 468/697/391 467/698/391
f 467/698/392 468/697/392 470/699/392 469/700/392
f 469/700/393 470/699/393 472/701/393 471/702/393
f 471/702/394 472/701/394 474/703/394 473/704/394
f 473/704/395 474/703/395 476/705/395 475/706/395
f 475/706/396 476/705/396 478/707/396 477/708/396
f 477/708/397 478/707/397 480/709/397 479/710/397
f 479/710/398 480/709/398 482/711/398 481/712/398
f 481/712/399 482/711/399 484/713/399 483/714/399
f 483/714/400 484/713/400 486/715/400 485/716/400
f 485/716/401 486/715/401 488/717/401 487/718/401
f 487/718/402 488/717/402 490/719/402 489/720/402
f 489/720/403 490/719/403 492/721/403 491/722/403
f 491/722/404 492/721/404 494/723/404 493/724/404
f 436/725/331 434/726/331 496/727/331 494/728/331 492/729/331 490/730/331 488/731/331 486/732/331 484/733/331 482/734/331 480/735/331 478/736/331 476/737/331 474/738/331 472/739/331 470/740/331 468/741/331 466/742/331 464/743/331 462/744/331 460/745/331 458/746/331 456/747/331 454/748/331 452/749/331 450/750/331 448/751/331 446/752/331 444/753/331 442/754/331 440/755/331 438/756/331
f 493/724/405 494/723/405 496/757/405 495/758/405
f 495/758/406 496/757/406 434/759/406 433/760/406
f 433/761/374 435/762/374 437/763/374 439/764/374 441/765/374 443/766/374 445/767/374 447/768/374 449/769/374 451/770/374 453/771/374 455/772/374 457/773/374 459/774/374 461/775/374 463/776/374 465/777/374 467/778/374 469/779/374 471/780/374 473/781/374 475/782/374 477/783/374 479/784/374 481/785/374 483/786/374 485/787/374 487/788/374 489/789/374 491/790/374 493/791/374 495/792/374
f 500/793/374 499/794/374 505/795/374 504/796/374 503/797/374 502/798/374 501/799/374
f 499/794/407 500/793/407 498/662/407 497/661/407
f 506/800/408 508/801/408 521/802/408 522/803/408 523/804/408 509/805/408 507/806/408 515/807/408 516/808/408 517/809/408 518/810/408 519/811/408 520/812/408 514/813/408
f 507/806/409 511/814/409 513/815/409 515/807/409
f 512/816/409 510/817/409 506/800/409 514/813/409
f 532/818/410 649/819/410 524/820/410 535/821/410
f 535/821/410 524/820/410 652/822/410 538/823/410
f 508/801/410 526/824/410 530/825/410 521/802/410
f 526/824/410 525/826/410 531/827/410 530/825/410
f 525/826/410 648/828/410 532/818/410 531/827/410
f 521/802/410 530/825/410 533/829/410 522/803/410
f 537/830/410 542/831/410 543/832/410 544/833/410 545/834/410 546/835/410 547/836/410 548/837/410 549/838/410 550/839/410 551/840/410 552/841/410 553/842/410 554/843/410 555/844/410 556/845/410 531/827/410 532/818/410 535/821/410 538/823/410
f 522/803/410 533/829/410 536/846/410 523/804/410
f 541/847/410 542/831/410 537/830/410 536/846/410 533/829/410 530/825/410 531/827/410 556/845/410 557/848/410 558/849/410 559/850/410 560/851/410 561/852/410 562/853/410 563/854/410 564/855/410 565/856/410 566/857/410 567/858/410 568/859/410 569/860/410 534/861/410 539/862/410 540/863/410
f 523/804/410 536/846/410 527/864/410 509/805/410
f 536/846/410 537/830/410 528/865/410 527/864/410
f 537/830/410 538/823/410 529/866/410 528/865/410
f 570/800/411 578/813/411 584/812/411 583/811/411 582/810/411 581/809/411 580/808/411 579/807/411 571/806/411 573/805/411 587/804/411 586/803/411 585/802/411 572/801/411
f 571/806/412 579/807/412 577/815/412 575/814/412
f 576/816/412 578/813/412 570/800/412 574/817/412
f 604/823/413 595/866/413 658/867/413 659/868/413 590/822/413
f 598/818/413 601/821/413 589/820/413 588/819/413
f 601/821/413 604/823/413 590/822/413 589/820/413
f 572/801/413 585/802/413 596/825/413 592/824/413
f 592/824/413 596/825/413 597/827/413 591/826/413
f 591/826/413 597/827/413 598/818/413 655/828/413
f 585/802/413 586/803/413 599/829/413 596/825/413
f 603/830/413 604/823/413 601/821/413 598/818/413 597/827/413 622/845/413 621/844/413 620/843/413 619/842/413 618/841/413 617/840/413 616/839/413 615/838/413 614/837/413 613/836/413 612/835/413 611/834/413 610/833/413 609/832/413 608/831/413
f 586/803/413 587/804/413 602/846/413 599/829/413
f 607/847/413 606/863/413 605/862/413 600/861/413 635/860/413 634/859/413 633/858/413 632/857/413 631/856/413 630/855/413 629/854/413 628/853/413 627/852/413 626/851/413 625/850/413 624/849/413 623/848/413 622/845/413 597/827/413 596/825/413 599/829/413 602/846/413 603/830/413 608/831/413
f 587/804/413 573/805/413 593/864/413 602/846/413
f 602/846/413 593/864/413 594/865/413 603/830/413
f 603/830/413 594/865/413 595/866/413 604/823/413
f 565/856/414 564/855/414 630/855/414 631/856/414
f 508/801/415 506/800/415 570/800/415 572/801/415
f 566/857/416 565/856/416 631/856/416 632/857/416
f 648/828/417 525/826/417 591/826/417 655/828/417
f 567/858/418 566/857/418 632/857/418 633/858/418
f 525/826/417 526/824/417 592/824/417 591/826/417
f 507/806/419 509/805/419 573/805/419 571/806/419
f 568/859/420 567/858/420 633/858/420 634/859/420
f 509/805/421 527/864/421 593/864/421 573/805/421
f 569/860/422 568/859/422 634/859/422 635/860/422
f 543/832/423 542/831/423 608/831/423 609/832/423
f 527/864/421 528/865/421 594/865/421 593/864/421
f 513/815/416 511/814/416 575/814/416 577/815/416
f 534/861/424 569/860/424 635/860/424 600/861/424
f 544/833/425 543/832/425 609/832/425 610/833/425
f 528/865/426 529/866/426 595/866/426 594/865/426
f 506/800/427 510/817/427 574/817/427 570/800/427
f 545/834/428 544/833/428 610/833/428 611/834/428
f 511/814/429 507/806/429 571/806/429 575/814/429
f 546/835/430 545/834/430 611/834/430 612/835/430
f 510/817/416 512/816/416 576/816/416 574/817/416
f 547/836/431 546/835/431 612/835/431 613/836/431
f 548/837/432 547/836/432 613/836/432 614/837/432
f 515/807/433 513/815/433 577/815/433 579/807/433
f 549/838/434 548/837/434 614/837/434 615/838/434
f 512/816/435 514/813/435 578/813/435 576/816/435
f 550/839/436 549/838/436 615/838/436 616/839/436
f 516/808/437 515/807/437 579/807/437 580/808/437
f 551/840/438 550/839/438 616/839/438 617/840/438
f 542/831/439 541/847/439 607/847/439 608/831/439
f 517/809/440 516/808/440 580/808/440 581/809/440
f 552/841/441 551/840/441 617/840/441 618/841/441
f 541/847/442 540/863/442 606/863/442 607/847/442
f 518/810/443 517/809/443 581/809/443 582/810/443
f 553/842/444 552/841/444 618/841/444 619/842/444
f 519/811/445 518/810/445 582/810/445 583/811/445
f 554/843/446 553/842/446 619/842/446 620/843/446
f 520/812/447 519/811/447 583/811/447 584/812/447
f 555/844/419 554/843/419 620/843/419 621/844/419
f 514/813/448 520/812/448 584/812/448 578/813/448
f 556/845/449 555/844/449 621/844/449 622/845/449
f 538/823/410 652/822/410 653/868/410 654/869/410 529/866/410
f 557/848/450 556/845/450 622/845/450 623/848/450
f 526/824/417 508/801/417 572/801/417 592/824/417
f 558/849/451 557/848/451 623/848/451 624/849/451
f 655/828/413 598/818/413 588/819/413 656/870/413 657/871/413
f 559/850/452 558/849/452 624/849/452 625/850/452
f 560/851/453 559/850/453 625/850/453 626/851/453
f 561/852/454 560/851/454 626/851/454 627/852/454
f 540/863/455 539/862/455 605/862/455 606/863/455
f 562/853/456 561/852/456 627/852/456 628/853/456
f 648/828/410 650/872/410 651/870/410 649/819/410 532/818/410
f 563/854/457 562/853/457 628/853/457 629/854/457
f 524/820/458 649/819/458 588/819/458 589/820/458
f 564/855/459 563/854/459 629/854/459 630/855/459
f 539/862/458 534/861/458 600/861/458 605/862/458
f 652/822/458 524/820/458 589/820/458 590/822/458
f 637/658/331 640/662/331 639/661/331 636/660/331 638/659/331
f 642/793/331 643/799/331 644/798/331 645/797/331 646/796/331 647/795/331 641/794/331
f 641/794/460 639/661/460 640/662/460 642/793/460
f 503/797/461 504/796/461 646/796/461 645/797/461
f 500/793/462 501/799/462 643/799/462 642/793/462
f 432/659/463 431/658/463 637/658/463 638/659/463
f 504/796/464 505/795/464 647/795/464 646/796/464
f 501/799/465 502/798/465 644/798/465 643/799/465
f 498/662/466 500/793/466 642/793/466 640/662/466
f 431/658/467 498/662/467 640/662/467 637/658/467
f 505/795/468 499/794/468 641/794/468 647/795/468
f 497/661/467 430/660/467 636/660/467 639/661/467
f 502/798/469 503/797/469 645/797/469 644/798/469
f 430/660/470 432/659/470 638/659/470 636/660/470
f 499/794/471 497/661/471 639/661/471 641/794/471
f 588/819/472 649/819/472 651/870/472 656/870/472
f 656/870/473 651/870/473 650/872/473 657/871/473
f 657/871/474 650/872/474 648/828/474 655/828/474
f 595/866/475 529/866/475 654/869/475 658/867/475
f 658/867/476 654/869/476 653/868/476 659/868/476
f 659/868/477 653/868/477 652/822/477 590/822/477
f 712/873/478 708/874/479 664/875/480 665/876/481
f 744/877/482 740/878/483 672/879/484 673/880/485
f 780/881/486 776/882/487 681/883/488 682/884/489
f 816/885/490 812/886/491 690/887/492 691/888/493
f 728/889/494 724/890/495 668/891/496 669/892/497
f 764/893/498 760/894/499 677/895/500 678/896/501
f 800/897/502 796/898/503 686/899/504 687/900/505
f 708/874/479 704/901/506 663/902/507 664/875/480
f 748/903/508 744/877/482 673/880/485 674/904/509
f 784/905/510 780/881/486 682/884/489 683/906/511
f 732/907/512 728/889/494 669/892/497 670/908/513
f 768/909/514 764/893/498 678/896/501 679/910/515
f 804/911/516 800/912/502 687/913/505 688/914/517
f 716/915/518 712/873/478 665/876/481 666/916/519
f 752/917/520 748/903/508 674/904/509 675/918/521
f 788/919/522 784/905/510 683/906/511 684/920/523
f 700/921/524 692/922/525 660/923/526 662/924/527
f 704/925/506 700/921/524 662/924/527 663/926/507
f 736/927/528 732/928/512 670/929/513 671/930/529
f 772/931/530 768/932/514 679/933/515 680/934/531
f 808/935/532 804/911/516 688/914/517 689/936/533
f 720/937/534 716/915/518 666/916/519 667/938/535
f 756/939/536 752/917/520 675/918/521 676/940/537
f 792/941/538 788/919/522 684/920/523 685/942/539
f 4/943/3 2/944/2 696/945/540 693/946/541
f 740/878/483 736/927/528 671/930/529 672/879/484
f 776/882/487 772/931/530 680/934/531 681/883/488
f 812/886/491 808/935/532 689/936/533 690/887/492
f 724/890/495 720/937/534 667/938/535 668/891/496
f 760/894/499 756/939/536 676/940/537 677/895/500
f 796/898/503 792/941/538 685/942/539 686/899/504
f 1003/947/331 1010/948/331 820/949/331 851/950/331
f 64/951/65 62/952/61 813/953/542 817/954/543
f 38/955/37 36/956/35 761/957/544 765/958/545
f 12/959/11 10/68/9 709/71/64 713/960/546
f 2/944/2 64/951/65 817/954/543 696/945/540
f 40/961/39 38/955/37 765/958/545 769/962/547
f 14/963/13 12/959/11 713/960/546 717/964/548
f 42/965/41 40/966/39 769/967/547 773/968/549
f 16/969/15 14/963/13 717/964/548 721/970/550
f 44/971/43 42/965/41 773/968/549 777/972/551
f 18/973/17 16/969/15 721/970/550 725/974/552
f 46/975/45 44/971/43 777/972/551 781/976/553
f 20/977/19 18/973/17 725/974/552 729/978/554
f 48/979/47 46/975/45 781/976/553 785/980/555
f 22/981/21 20/977/19 729/978/554 733/982/556
f 50/983/49 48/979/47 785/980/555 789/984/557
f 24/985/23 22/986/21 733/987/556 737/988/558
f 52/989/51 50/983/49 789/984/557 793/990/559
f 26/991/25 24/985/23 737/988/558 741/992/560
f 54/993/53 52/989/51 793/990/559 797/994/561
f 28/995/27 26/991/25 741/992/560 745/996/562
f 56/997/55 54/993/53 797/994/561 801/998/563
f 30/999/29 28/995/27 745/996/562 749/1000/564
f 6/1001/5 4/943/3 693/946/541 701/1002/565
f 58/1003/57 56/1004/55 801/1005/563 805/1006/566
f 32/1007/31 30/999/29 749/1000/564 753/1008/567
f 697/1009/568 816/885/490 691/888/493 661/1010/569
f 60/1011/59 58/1003/57 805/1006/566 809/1012/570
f 34/1013/33 32/1007/31 753/1008/567 757/1014/571
f 8/69/7 6/1015/5 701/1016/565 705/70/63
f 62/952/61 60/1011/59 809/1012/570 813/953/542
f 36/956/35 34/1013/33 757/1014/571 761/957/544
f 693/946/541 696/945/540 698/1017/572 695/1018/573
f 695/1018/573 698/1017/572 699/1019/574 694/1020/575
f 694/1020/575 699/1019/574 697/1009/568 692/922/525
f 701/1002/565 693/946/541 695/1018/573 703/1021/576
f 703/1021/576 695/1018/573 694/1020/575 702/1022/577
f 702/1022/577 694/1020/575 692/922/525 700/921/524
f 705/70/63 701/1016/565 703/1023/576 707/1024/578
f 707/1025/578 703/1021/576 702/1022/577 706/1026/579
f 706/1026/579 702/1022/577 700/921/524 704/925/506
f 709/71/64 705/70/63 707/1024/578 711/1027/580
f 711/1027/580 707/1024/578 706/1028/579 710/1029/581
f 710/1029/581 706/1028/579 704/901/506 708/874/479
f 713/960/546 709/71/64 711/1027/580 715/1030/582
f 715/1030/582 711/1027/580 710/1029/581 714/1031/583
f 714/1031/583 710/1029/581 708/874/479 712/873/478
f 717/964/548 713/960/546 715/1030/582 719/1032/584
f 719/1032/584 715/1030/582 714/1031/583 718/1033/585
f 718/1033/585 714/1031/583 712/873/478 716/915/518
f 721/970/550 717/964/548 719/1032/584 723/1034/586
f 723/1034/586 719/1032/584 718/1033/585 722/1035/587
f 722/1035/587 718/1033/585 716/915/518 720/937/534
f 725/974/552 721/970/550 723/1034/586 727/1036/588
f 727/1036/588 723/1034/586 722/1035/587 726/1037/589
f 726/1037/589 722/1035/587 720/937/534 724/890/495
f 729/978/554 725/974/552 727/1036/588 731/1038/590
f 731/1038/590 727/1036/588 726/1037/589 730/1039/591
f 730/1039/591 726/1037/589 724/890/495 728/889/494
f 733/982/556 729/978/554 731/1038/590 735/1040/592
f 735/1040/592 731/1038/590 730/1039/591 734/1041/593
f 734/1041/593 730/1039/591 728/889/494 732/907/512
f 737/988/558 733/987/556 735/1042/592 739/1043/594
f 739/1043/594 735/1042/592 734/1044/593 738/1045/595
f 738/1045/595 734/1044/593 732/928/512 736/927/528
f 741/992/560 737/988/558 739/1043/594 743/1046/596
f 743/1046/596 739/1043/594 738/1045/595 742/1047/597
f 742/1047/597 738/1045/595 736/927/528 740/878/483
f 745/996/562 741/992/560 743/1046/596 747/1048/598
f 747/1048/598 743/1046/596 742/1047/597 746/1049/599
f 746/1049/599 742/1047/597 740/878/483 744/877/482
f 749/1000/564 745/996/562 747/1048/598 751/1050/600
f 751/1050/600 747/1048/598 746/1049/599 750/1051/601
f 750/1051/601 746/1049/599 744/877/482 748/903/508
f 753/1008/567 749/1000/564 751/1050/600 755/1052/602
f 755/1052/602 751/1050/600 750/1051/601 754/1053/603
f 754/1053/603 750/1051/601 748/903/508 752/917/520
f 757/1014/571 753/1008/567 755/1052/602 759/1054/604
f 759/1054/604 755/1052/602 754/1053/603 758/1055/605
f 758/1055/605 754/1053/603 752/917/520 756/939/536
f 761/957/544 757/1014/571 759/1054/604 763/1056/606
f 763/1056/606 759/1054/604 758/1055/605 762/1057/607
f 762/1057/607 758/1055/605 756/939/536 760/894/499
f 765/958/545 761/957/544 763/1056/606 767/1058/608
f 767/1058/608 763/1056/606 762/1057/607 766/1059/609
f 766/1059/609 762/1057/607 760/894/499 764/893/498
f 769/962/547 765/958/545 767/1058/608 771/1060/610
f 771/1060/610 767/1058/608 766/1059/609 770/1061/611
f 770/1061/611 766/1059/609 764/893/498 768/909/514
f 773/968/549 769/967/547 771/1062/610 775/1063/612
f 775/1063/612 771/1062/610 770/1064/611 774/1065/613
f 774/1065/613 770/1064/611 768/932/514 772/931/530
f 777/972/551 773/968/549 775/1063/612 779/1066/614
f 779/1066/614 775/1063/612 774/1065/613 778/1067/615
f 778/1067/615 774/1065/613 772/931/530 776/882/487
f 781/976/553 777/972/551 779/1066/614 783/1068/616
f 783/1068/616 779/1066/614 778/1067/615 782/1069/617
f 782/1069/617 778/1067/615 776/882/487 780/881/486
f 785/980/555 781/976/553 783/1068/616 787/1070/618
f 787/1070/618 783/1068/616 782/1069/617 786/1071/619
f 786/1071/619 782/1069/617 780/881/486 784/905/510
f 789/984/557 785/980/555 787/1070/618 791/1072/620
f 791/1072/620 787/1070/618 786/1071/619 790/1073/621
f 790/1073/621 786/1071/619 784/905/510 788/919/522
f 793/990/559 789/984/557 791/1072/620 795/1074/622
f 795/1074/622 791/1072/620 790/1073/621 794/1075/623
f 794/1075/623 790/1073/621 788/919/522 792/941/538
f 797/994/561 793/990/559 795/1074/622 799/1076/624
f 799/1076/624 795/1074/622 794/1075/623 798/1077/625
f 798/1077/625 794/1075/623 792/941/538 796/898/503
f 801/998/563 797/994/561 799/1076/624 803/1078/626
f 803/1078/626 799/1076/624 798/1077/625 802/1079/627
f 802/1079/627 798/1077/625 796/898/503 800/897/502
f 805/1006/566 801/1005/563 803/1080/626 807/1081/628
f 807/1081/628 803/1080/626 802/1082/627 806/1083/629
f 806/1083/629 802/1082/627 800/912/502 804/911/516
f 809/1012/570 805/1006/566 807/1081/628 811/1084/630
f 811/1084/630 807/1081/628 806/1083/629 810/1085/631
f 810/1085/631 806/1083/629 804/911/516 808/935/532
f 813/953/542 809/1012/570 811/1084/630 815/1086/632
f 815/1086/632 811/1084/630 810/1085/631 814/1087/633
f 814/1087/633 810/1085/631 808/935/532 812/886/491
f 817/954/543 813/953/542 815/1086/632 819/1088/634
f 819/1088/634 815/1086/632 814/1087/633 818/1089/635
f 818/1089/635 814/1087/633 812/886/491 816/885/490
f 696/945/540 817/954/543 819/1088/634 698/1017/572
f 698/1017/572 819/1088/634 818/1089/635 699/1019/574
f 699/1019/574 818/1089/635 816/885/490 697/1009/568
f 692/922/525 697/1009/568 661/1010/569 660/923/526
f 688/914/57 687/913/55 928/1090/636 925/1091/637
f 962/1092/331 965/1093/331 838/1094/331 837/1095/331
f 662/924/5 660/923/3 1009/1096/638 1004/1097/639
f 920/1098/331 922/1099/331 824/1100/331 823/1101/331
f 958/1102/331 962/1103/331 837/1095/331 836/1104/331
f 1001/1105/331 1003/1106/331 851/950/331 850/1107/331
f 690/887/61 689/936/59 923/1108/640 919/1109/641
f 956/1110/642 958/1111/331 836/1104/331 835/1112/642
f 998/1113/331 1001/1114/331 850/1107/331 849/1115/331
f 917/1116/331 920/1098/331 823/1101/331 822/1117/331
f 953/1118/331 956/1119/642 835/1112/642 834/1120/331
f 992/1121/331 994/1122/331 848/1123/331 847/1124/331
f 679/910/39 678/896/37 955/1125/643 952/1126/644
f 989/1127/331 992/1121/331 847/1124/331 846/1128/331
f 949/1129/331 953/1118/331 834/1120/331 833/1130/331
f 667/938/15 666/916/13 991/1131/645 988/1132/646
f 944/1133/331 947/1134/331 832/1135/331 831/1136/331
f 983/1137/331 985/1138/331 845/1139/331 844/1140/331
f 682/884/45 681/883/43 946/1141/647 943/1142/648
f 980/1143/331 983/1137/331 844/1140/331 843/1144/331
f 940/1145/331 944/1133/331 831/1136/331 830/1146/331
f 670/908/21 669/892/19 982/1147/649 979/1148/650
f 935/1149/331 938/1150/331 829/1151/331 828/1152/331
f 974/1153/331 976/1154/331 842/1155/331 841/1156/331
f 685/942/51 684/920/49 937/1157/651 934/1158/652
f 971/1159/331 974/1160/331 841/1156/331 840/1161/331
f 931/1162/331 935/1163/331 828/1152/331 827/1164/331
f 673/880/27 672/879/25 973/1165/653 970/1166/654
f 1010/948/331 1006/1167/331 821/1168/331 820/949/331
f 926/1169/331 929/1170/642 826/1171/642 825/1172/331
f 965/1173/331 967/1174/331 839/1175/331 838/1094/331
f 1012/1176/655 1016/1177/656 853/1178/374 852/1179/374
f 661/1010/2 691/888/65 916/1180/657 1007/1181/658
f 691/888/65 690/887/61 919/1182/641 916/1180/657
f 922/1183/331 926/1184/331 825/1172/331 824/1100/331
f 689/936/59 688/914/57 925/1185/637 923/1186/640
f 929/1170/642 931/1187/331 827/1164/331 826/1171/642
f 687/900/55 686/899/53 932/1188/659 928/1189/636
f 686/899/53 685/942/51 934/1190/652 932/1188/659
f 938/1150/331 940/1191/331 830/1146/331 829/1151/331
f 684/920/49 683/906/47 941/1192/660 937/1157/651
f 683/906/47 682/884/45 943/1193/648 941/1194/660
f 947/1134/331 949/1195/331 833/1130/331 832/1135/331
f 681/883/43 680/934/41 950/1196/661 946/1197/647
f 680/934/41 679/933/39 952/1198/644 950/1199/661
f 678/896/37 677/895/35 959/1200/662 955/1125/643
f 677/895/35 676/940/33 961/1201/663 959/1200/662
f 676/940/33 675/918/31 964/1202/664 961/1203/663
f 675/918/31 674/904/29 968/1204/665 964/1202/664
f 967/1205/331 971/1206/331 840/1161/331 839/1175/331
f 674/904/29 673/880/27 970/1166/654 968/1207/665
f 672/879/25 671/930/23 977/1208/666 973/1165/653
f 976/1209/331 980/1210/331 843/1144/331 842/1155/331
f 671/930/23 670/929/21 979/1211/650 977/1208/666
f 669/892/19 668/891/17 986/1212/667 982/1213/649
f 985/1214/331 989/1215/331 846/1128/331 845/1139/331
f 668/891/17 667/938/15 988/1216/646 986/1217/667
f 666/916/13 665/876/11 995/1218/668 991/1219/645
f 994/1220/331 998/1221/331 849/1115/331 848/1123/331
f 665/876/11 664/875/9 997/1222/669 995/1223/668
f 664/875/9 663/902/7 1000/1224/670 997/1225/669
f 663/902/7 662/1226/5 1004/1227/639 1000/1228/670
f 660/923/3 661/1010/2 1007/1229/658 1009/1230/638
f 873/1231/57 874/1232/55 907/1233/55 906/1234/57
f 1067/1235/671 1070/1236/672 870/1237/374 869/1238/374
f 1028/1239/673 1031/1240/674 857/1241/374 856/1242/374
f 1022/1243/675 1025/1244/676 855/1245/374 854/1246/374
f 1070/1236/672 1073/1247/677 871/1248/374 870/1237/374
f 1031/1240/674 1034/1249/678 858/1250/374 857/1241/374
f 1073/1251/677 1076/1252/679 872/1253/374 871/1248/374
f 1034/1249/678 1037/1254/680 859/1255/374 858/1250/374
f 1076/1256/679 1079/1257/681 873/1258/374 872/1253/374
f 1037/1254/680 1040/1259/682 860/1260/374 859/1255/374
f 1079/1257/681 1082/1261/683 874/1262/374 873/1258/374
f 1040/1259/682 1043/1263/684 861/1264/374 860/1260/374
f 1082/1261/683 1085/1265/685 875/1266/374 874/1262/374
f 1043/1263/684 1046/1267/686 862/1268/374 861/1264/374
f 1085/1269/685 1088/1270/687 876/1271/374 875/1266/374
f 1046/1272/686 1049/1273/688 863/1274/374 862/1268/374
f 1088/1270/687 1091/1275/689 877/1276/374 876/1271/374
f 1049/1273/688 1052/1277/690 864/1278/374 863/1274/374
f 1091/1275/689 1094/1279/691 878/1280/374 877/1276/374
f 1052/1281/690 1055/1282/692 865/1283/374 864/1278/374
f 1094/1284/691 1097/1285/693 879/1286/374 878/1280/374
f 1055/1282/692 1058/1287/694 866/1288/374 865/1283/374
f 1018/1289/695 1012/1290/655 852/1179/374 883/1291/374
f 1097/1292/693 1100/1293/696 880/1294/374 879/1286/374
f 1058/1287/694 1061/1295/697 867/1296/374 866/1288/374
f 820/1297/3 821/1298/2 1015/1299/658 1013/1300/638
f 1100/1293/696 1103/1301/698 881/1302/374 880/1294/374
f 1061/1295/697 1064/1303/699 868/1304/374 867/1296/374
f 1106/1305/700 1018/1306/695 883/1291/374 882/1307/374
f 1103/1301/698 1106/1305/700 882/1307/374 881/1302/374
f 1064/1303/699 1067/1308/671 869/1238/374 868/1304/374
f 1025/1244/676 1028/1309/673 856/1242/374 855/1245/374
f 851/1310/5 820/1297/3 1013/1311/638 1019/1312/701
f 821/1298/2 822/1313/65 1021/1314/657 1015/1299/658
f 822/1313/65 823/1315/61 1024/1316/641 1021/1314/657
f 823/1315/61 824/1317/702 1027/1318/640 1024/1316/641
f 824/1317/702 825/1319/57 1030/1320/637 1027/1318/640
f 825/1319/57 826/1321/55 1033/1322/636 1030/1323/637
f 826/1324/55 827/1325/53 1036/1326/659 1033/1327/636
f 827/1325/53 828/1328/51 1039/1329/652 1036/1326/659
f 828/1328/51 829/1330/49 1042/1331/651 1039/1332/652
f 829/1330/49 830/1333/47 1045/1334/660 1042/1331/651
f 830/1333/47 831/1335/45 1048/1336/648 1045/1337/660
f 831/1335/45 832/1338/703 1051/1339/647 1048/1340/648
f 832/1338/703 833/1341/41 1054/1342/661 1051/1343/647
f 833/1341/41 834/1344/39 1057/1345/644 1054/1342/661
f 834/1346/39 835/1347/37 1060/1348/643 1057/1349/644
f 835/1347/37 836/1350/35 1063/1351/662 1060/1348/643
f 836/1350/35 837/1352/33 1066/1353/663 1063/1351/662
f 837/1352/33 838/1354/31 1069/1355/664 1066/1353/663
f 838/1354/31 839/1356/29 1072/1357/665 1069/1355/664
f 839/1356/29 840/1358/141 1075/1359/654 1072/1357/665
f 840/1358/141 841/1360/25 1078/1361/653 1075/1359/654
f 841/1360/25 842/1362/23 1081/1363/666 1078/1361/653
f 842/1362/23 843/1364/21 1084/1365/650 1081/1363/666
f 843/1366/21 844/1367/19 1087/1368/649 1084/1369/650
f 844/1367/19 845/1370/17 1090/1371/667 1087/1368/649
f 845/1370/17 846/1372/15 1093/1373/646 1090/1371/667
f 846/1372/15 847/1374/13 1096/1375/645 1093/1373/646
f 847/1374/13 848/1376/11 1099/1377/668 1096/1375/645
f 848/1376/11 849/1378/9 1102/1379/669 1099/1377/668
f 849/1378/9 850/1380/7 1105/1381/670 1102/1379/669
f 850/1380/7 851/1382/5 1019/1383/701 1105/1384/670
f 1016/1385/656 1022/1386/675 854/1246/374 853/1178/374
f 884/1387/374 885/1388/374 887/1389/374 888/1390/374 889/1391/374 890/1392/374 891/1393/374 892/1394/374 893/1395/374 894/1396/374 895/1397/374 896/1398/374 897/1399/374 898/1400/374 899/1401/374 900/1402/374 901/1403/374 902/1404/374 903/1405/374 904/1406/374 905/1407/374 906/1408/374 907/1409/374 908/1410/374 909/1411/374 910/1412/374 911/1413/374 912/1414/374 913/1415/374 914/1416/374 915/1417/374 886/1418/374
f 860/1419/19 861/1420/17 894/1421/17 893/1422/19
f 874/1232/55 875/1423/53 908/1424/53 907/1233/55
f 861/1420/17 862/1425/15 895/1426/15 894/1421/17
f 875/1427/53 876/1428/51 909/1429/51 908/1430/53
f 862/1425/15 863/1431/13 896/1432/13 895/1426/15
f 876/1428/51 877/1433/49 910/1434/49 909/1429/51
f 863/1431/13 864/1435/11 897/1436/11 896/1432/13
f 877/1433/49 878/1437/47 911/1438/47 910/1434/49
f 864/1435/11 865/1439/9 898/1440/9 897/1436/11
f 852/1441/35 853/1442/33 885/1443/33 884/1444/35
f 878/1437/47 879/1445/45 912/1446/45 911/1438/47
f 865/1439/9 866/1447/7 899/1448/7 898/1440/9
f 883/1449/37 852/1441/35 884/1444/35 886/1450/37
f 879/1445/45 880/1451/43 913/1452/43 912/1446/45
f 866/1453/7 867/1454/5 900/1455/5 899/1456/7
f 853/1442/33 854/1457/31 887/1458/31 885/1443/33
f 880/1451/43 881/1459/41 914/1460/41 913/1452/43
f 867/1454/5 868/1461/3 901/1462/3 900/1455/5
f 854/1457/31 855/1463/29 888/1464/29 887/1458/31
f 881/1459/41 882/1465/39 915/1466/39 914/1460/41
f 868/1461/3 869/1467/2 902/1468/2 901/1462/3
f 855/1463/29 856/1469/141 889/1470/141 888/1464/29
f 882/1465/39 883/1471/37 886/1472/37 915/1466/39
f 869/1467/2 870/1473/65 903/1474/65 902/1468/2
f 856/1469/141 857/1475/25 890/1476/25 889/1470/141
f 870/1473/65 871/1477/61 904/1478/61 903/1474/65
f 857/1475/25 858/1479/23 891/1480/23 890/1476/25
f 871/1477/61 872/1481/59 905/1482/59 904/1478/61
f 858/1483/23 859/1484/21 892/1485/21 891/1486/23
f 872/1481/59 873/1231/57 906/1234/57 905/1482/59
f 859/1484/21 860/1419/19 893/1422/19 892/1485/21
f 1007/1181/658 916/1180/657 918/1487/704 1008/1488/705
f 1008/1489/706 918/1490/707 917/1491/707 1006/1492/706
f 923/1186/640 925/1185/637 927/1493/708 924/1494/709
f 924/1495/710 927/1496/711 926/1184/711 922/1183/710
f 932/1188/659 934/1190/652 936/1497/712 933/1498/713
f 933/1499/714 936/1500/715 935/1163/715 931/1162/714
f 941/1194/660 943/1193/648 945/1501/716 942/1502/717
f 942/1503/718 945/1504/719 944/1133/719 940/1145/718
f 950/1199/661 952/1198/644 954/1505/720 951/1506/721
f 951/1507/722 954/1508/723 953/1118/723 949/1129/722
f 959/1200/662 961/1201/663 963/1509/724 960/1510/725
f 960/1511/726 963/1512/727 962/1103/727 958/1102/726
f 968/1207/665 970/1166/654 972/1513/728 969/1514/729
f 969/1515/730 972/1516/731 971/1206/731 967/1205/730
f 977/1208/666 979/1211/650 981/1517/732 978/1518/733
f 978/1519/734 981/1520/735 980/1210/735 976/1209/734
f 986/1217/667 988/1216/646 990/1521/736 987/1522/737
f 987/1523/738 990/1524/739 989/1215/739 985/1214/738
f 995/1223/668 997/1222/669 999/1525/740 996/1526/741
f 996/1527/742 999/1528/743 998/1221/743 994/1220/742
f 916/1180/657 919/1182/641 921/1529/744 918/1530/704
f 918/1531/707 921/1532/745 920/1098/745 917/1116/707
f 988/1132/646 991/1131/645 993/1533/746 990/1534/736
f 990/1535/739 993/1536/747 992/1121/747 989/1127/739
f 997/1225/669 1000/1224/670 1002/1537/748 999/1538/740
f 999/1539/743 1002/1540/749 1001/1114/749 998/1113/743
f 952/1126/644 955/1125/643 957/1541/750 954/1542/720
f 954/1543/723 957/1544/751 956/1119/751 953/1118/723
f 961/1203/663 964/1202/664 966/1545/752 963/1546/724
f 963/1547/727 966/1548/753 965/1093/753 962/1092/727
f 925/1091/637 928/1090/636 930/1549/754 927/1550/708
f 927/1551/711 930/1552/755 929/1170/755 926/1169/711
f 1004/1097/639 1009/1096/638 1011/1553/756 1005/1554/757
f 1005/1555/758 1011/1556/759 1010/948/759 1003/947/758
f 970/1166/654 973/1165/653 975/1557/760 972/1558/728
f 972/1559/731 975/1560/761 974/1160/761 971/1159/731
f 934/1158/652 937/1157/651 939/1561/762 936/1562/712
f 936/1563/715 939/1564/763 938/1150/763 935/1149/715
f 979/1148/650 982/1147/649 984/1565/764 981/1566/732
f 981/1567/735 984/1568/765 983/1137/765 980/1143/735
f 943/1142/648 946/1141/647 948/1569/766 945/1570/716
f 945/1571/719 948/1572/767 947/1134/767 944/1133/719
f 1000/1228/670 1004/1227/639 1005/1573/757 1002/1574/748
f 1002/1575/749 1005/1576/758 1003/1106/758 1001/1105/749
f 1009/1230/638 1007/1229/658 1008/1577/705 1011/1578/756
f 1011/1579/759 1008/1580/706 1006/1167/706 1010/948/759
f 919/1109/641 923/1108/640 924/1581/709 921/1582/744
f 921/1583/745 924/1584/710 922/1099/710 920/1098/745
f 928/1189/636 932/1188/659 933/1585/713 930/1586/754
f 930/1587/755 933/1588/714 931/1187/714 929/1170/755
f 937/1157/651 941/1192/660 942/1589/717 939/1590/762
f 939/1591/763 942/1592/718 940/1191/718 938/1150/763
f 946/1197/647 950/1196/661 951/1593/721 948/1594/766
f 948/1595/767 951/1596/722 949/1195/722 947/1134/767
f 955/1125/643 959/1200/662 960/1597/725 957/1598/750
f 957/1599/751 960/1600/726 958/1111/726 956/1110/751
f 964/1202/664 968/1204/665 969/1601/729 966/1602/752
f 966/1603/753 969/1604/730 967/1174/730 965/1173/753
f 973/1165/653 977/1208/666 978/1605/733 975/1606/760
f 975/1607/761 978/1608/734 976/1154/734 974/1153/761
f 982/1213/649 986/1212/667 987/1609/737 984/1610/764
f 984/1611/765 987/1612/738 985/1138/738 983/1137/765
f 991/1219/645 995/1218/668 996/1613/741 993/1614/746
f 993/1615/747 996/1616/742 994/1122/742 992/1121/747
f 1013/1300/638 1015/1299/658 1017/1617/705 1014/1618/756
f 1014/1619/759 1017/1620/706 1016/1177/656 1012/1176/655
f 1019/1312/701 1013/1311/638 1014/1621/756 1020/1622/757
f 1020/1623/758 1014/1624/759 1012/1290/655 1018/1289/695
f 1015/1299/658 1021/1314/657 1023/1625/704 1017/1626/705
f 1017/1627/706 1023/1628/707 1022/1386/675 1016/1385/656
f 1021/1314/657 1024/1316/641 1026/1629/744 1023/1630/704
f 1023/1631/707 1026/1632/745 1025/1244/676 1022/1243/675
f 1024/1316/641 1027/1318/640 1029/1633/709 1026/1634/744
f 1026/1635/745 1029/1636/710 1028/1309/673 1025/1244/676
f 1027/1318/640 1030/1320/637 1032/1637/708 1029/1638/709
f 1029/1639/710 1032/1640/711 1031/1240/674 1028/1239/673
f 1030/1323/637 1033/1322/636 1035/1641/754 1032/1642/708
f 1032/1643/711 1035/1644/755 1034/1249/678 1031/1240/674
f 1033/1327/636 1036/1326/659 1038/1645/713 1035/1646/754
f 1035/1647/755 1038/1648/714 1037/1254/680 1034/1249/678
f 1036/1326/659 1039/1329/652 1041/1649/712 1038/1650/713
f 1038/1651/714 1041/1652/715 1040/1259/682 1037/1254/680
f 1039/1332/652 1042/1331/651 1044/1653/762 1041/1654/712
f 1041/1655/715 1044/1656/763 1043/1263/684 1040/1259/682
f 1042/1331/651 1045/1334/660 1047/1657/717 1044/1658/762
f 1044/1659/763 1047/1660/718 1046/1267/686 1043/1263/684
f 1045/1337/660 1048/1336/648 1050/1661/716 1047/1662/717
f 1047/1663/718 1050/1664/719 1049/1273/688 1046/1272/686
f 1048/1340/648 1051/1339/647 1053/1665/766 1050/1666/716
f 1050/1667/719 1053/1668/767 1052/1277/690 1049/1273/688
f 1051/1343/647 1054/1342/661 1056/1669/721 1053/1670/766
f 1053/1671/767 1056/1672/722 1055/1282/692 1052/1281/690
f 1054/1342/661 1057/1345/644 1059/1673/720 1056/1674/721
f 1056/1675/722 1059/1676/723 1058/1287/694 1055/1282/692
f 1057/1349/644 1060/1348/643 1062/1677/750 1059/1678/720
f 1059/1679/723 1062/1680/751 1061/1295/697 1058/1287/694
f 1060/1348/643 1063/1351/662 1065/1681/725 1062/1682/750
f 1062/1683/751 1065/1684/726 1064/1303/699 1061/1295/697
f 1063/1351/662 1066/1353/663 1068/1685/724 1065/1686/725
f 1065/1687/726 1068/1688/768 1067/1308/671 1064/1303/699
f 1066/1353/663 1069/1355/664 1071/1689/752 1068/1690/724
f 1068/1691/768 1071/1692/753 1070/1236/672 1067/1235/671
f 1069/1355/664 1072/1357/665 1074/1693/729 1071/1694/752
f 1071/1695/753 1074/1696/730 1073/1247/677 1070/1236/672
f 1072/1357/665 1075/1359/654 1077/1697/728 1074/1698/729
f 1074/1699/730 1077/1700/731 1076/1252/679 1073/1251/677
f 1075/1359/654 1078/1361/653 1080/1701/760 1077/1702/728
f 1077/1703/731 1080/1704/761 1079/1257/681 1076/1256/679
f 1078/1361/653 1081/1363/666 1083/1705/733 1080/1706/760
f 1080/1707/761 1083/1708/734 1082/1261/683 1079/1257/681
f 1081/1363/666 1084/1365/650 1086/1709/732 1083/1710/733
f 1083/1711/734 1086/1712/735 1085/1265/685 1082/1261/683
f 1084/1369/650 1087/1368/649 1089/1713/764 1086/1714/732
f 1086/1715/735 1089/1716/765 1088/1270/687 1085/1269/685
f 1087/1368/649 1090/1371/667 1092/1717/737 1089/1718/764
f 1089/1719/765 1092/1720/738 1091/1275/689 1088/1270/687
f 1090/1371/667 1093/1373/646 1095/1721/736 1092/1722/737
f 1092/1723/738 1095/1724/739 1094/1279/691 1091/1275/689
f 1093/1373/646 1096/1375/645 1098/1725/746 1095/1726/736
f 1095/1727/739 1098/1728/747 1097/1285/693 1094/1284/691
f 1096/1375/645 1099/1377/668 1101/1729/741 1098/1730/746
f 1098/1731/747 1101/1732/742 1100/1293/696 1097/1292/693
f 1099/1377/668 1102/1379/669 1104/1733/740 1101/1734/741
f 1101/1735/742 1104/1736/743 1103/1301/698 1100/1293/696
f 1102/1379/669 1105/1381/670 1107/1737/748 1104/1738/740
f 1104/1739/743 1107/1740/749 1106/1305/700 1103/1301/698
f 1105/1384/670 1019/1383/701 1020/1741/757 1107/1742/748
f 1107/1743/749 1020/1744/758 1018/1306/695 1106/1305/700
f 1006/1492/331 917/1491/331 822/1117/331 821/1168/331
