# Wavefront Obj file
# 
# verts: 1244 uv-s: 2191
mtllib Pico_textured.mtl

g polySurface518

v 11.913024 7.561368 17.410215
v 12.234140 7.561368 17.410215
v 12.234140 7.561368 16.892969
v 11.913024 7.561368 16.892969
v 11.913024 5.287919 16.389357
v 12.234140 5.287919 16.389357
v 11.913024 7.264954 17.277115
v 12.234140 5.881665 16.125706
v 11.913024 5.881665 16.125706
v 11.913024 7.264954 16.757572
v 11.913024 5.287919 15.855039
v 12.234140 5.287919 15.855039
v 12.234140 5.881665 16.118685
v 11.913024 5.881665 16.118685
v 11.913024 7.173462 15.008363
v 11.909545 7.264954 14.967281
v 11.898268 7.561368 14.834180
v 12.234140 7.561368 14.834180
v 12.234140 7.561368 15.351420
v 11.913024 7.561368 15.351420
v 11.913024 7.264954 15.486818
v 11.913024 7.561368 15.008363
v 11.913024 9.040665 16.982729
v 12.156546 9.040665 16.982729
v 12.156546 9.134537 16.591703
v 11.913024 9.134537 16.591703
v 11.913024 8.886773 17.354252
v 12.156546 8.886773 17.354252
v 11.913024 8.919301 17.275726
v 12.156546 8.684971 16.867157
v 12.156546 8.803322 16.581430
v 12.156546 8.813080 16.540787
v 12.156546 9.166089 16.190809
v 11.913024 9.166089 16.190809
v 11.889304 8.676660 17.697128
v 12.156546 8.676660 17.697128
v 11.913024 8.848282 17.417063
v 12.156546 8.513032 17.163820
v 12.156546 8.664418 16.916777
v 12.156546 8.888058 16.228485
v 12.156546 8.891022 16.190809
v 11.913024 8.782090 16.632694
v 11.913024 8.684971 16.867157
v 11.913024 8.813080 16.540787
v 11.913024 8.805073 16.574141
v 12.156546 9.134537 15.789916
v 11.913024 9.134537 15.789916
v 11.863402 8.415494 18.002914
v 12.156546 8.415494 18.002914
v 12.156546 8.303910 17.426308
v 12.156546 8.474763 17.226265
v 11.913024 8.664418 16.916777
v 11.913024 8.540193 17.119495
v 11.913024 8.668107 16.907877
v 12.156546 8.916535 15.866630
v 12.156546 8.913254 15.824965
v 11.913024 8.874608 16.284517
v 11.913024 8.891022 16.190809
v 11.913024 8.888589 16.221727
v 11.913024 8.803322 16.581430
v 12.156546 9.040661 15.398890
v 11.913024 9.040661 15.398890
v 11.841281 8.109707 18.264080
v 12.156546 8.109707 18.264080
v 11.849975 8.229878 18.161448
v 11.848471 8.209092 18.179199
v 12.156546 8.064187 17.651608
v 12.156546 8.239029 17.502277
v 11.913024 8.474763 17.226265
v 11.905807 8.239029 17.502277
v 11.913024 8.311807 17.417063
v 11.913024 8.513032 17.163820
v 11.913024 8.481629 17.215059
v 12.156546 8.888058 15.504773
v 12.156546 8.875519 15.452548
v 11.913024 8.911957 15.924790
v 11.913024 8.913254 15.824965
v 11.913024 8.915948 15.859155
v 11.913024 8.888058 16.228485
v 12.156546 8.886773 15.027369
v 11.913024 8.886773 15.027369
v 11.913024 8.919301 15.105897
v 11.823482 7.766831 18.474195
v 12.156546 7.766831 18.474195
v 12.156546 7.800053 17.837877
v 12.156546 7.963021 17.738008
v 11.895545 8.097188 17.623423
v 11.903639 8.209092 17.527843
v 12.156546 8.803322 15.151828
v 12.156546 8.775300 15.084167
v 11.913024 8.892579 15.562219
v 11.913024 8.875519 15.452548
v 11.913024 8.885808 15.495404
v 11.913024 8.916535 15.866630
v 12.156546 8.676655 14.684492
v 11.885589 8.676655 14.684492
v 11.913024 8.875126 15.008363
v 11.810443 7.395306 18.628084
v 12.156546 7.395306 18.628084
v 12.156546 7.517144 17.984156
v 12.156546 7.653535 17.927660
v 11.885839 7.963021 17.738008
v 11.879050 7.832249 17.818148
v 11.893157 8.064187 17.651608
v 11.887251 7.982564 17.721321
v 12.156546 8.664418 14.816482
v 12.156546 8.612221 14.731306
v 11.913024 8.816278 15.205780
v 11.913024 8.775300 15.084167
v 11.913024 8.798295 15.139690
v 11.913024 8.888058 15.504773
v 12.156546 8.415490 14.378705
v 11.859683 8.415490 14.378705
v 11.802493 7.004281 18.721960
v 12.156546 7.004281 18.721960
v 11.807791 7.264954 18.659378
v 12.156546 7.220479 18.090023
v 12.156546 7.318188 18.066566
v 11.869776 7.653535 17.927660
v 11.865969 7.545041 17.972601
v 11.877378 7.800053 17.837877
v 11.871310 7.683083 17.909552
v 12.156546 8.474763 14.506995
v 12.156546 8.388363 14.405831
v 11.896769 8.664418 14.816482
v 11.913024 8.755406 15.036142
v 11.913024 8.743901 15.008363
v 11.870551 8.474763 14.506995
v 11.913024 8.803322 15.151828
v 12.156546 8.109707 14.117540
v 11.837557 8.109707 14.117540
v 11.844748 8.209092 14.202423
v 11.849558 8.275563 14.259197
v 11.799819 6.603386 18.753513
v 12.156546 6.603386 18.753513
v 12.156546 6.914528 18.155294
v 12.156546 6.965245 18.151300
v 11.858011 7.318188 18.066566
v 11.850833 6.965245 18.151300
v 11.856928 7.264954 18.079348
v 11.864989 7.517144 17.984156
v 11.859461 7.359574 18.049423
v 12.156546 8.239029 14.230989
v 12.156546 8.108365 14.119388
v 11.861979 8.388363 14.405831
v 11.868811 8.457223 14.486456
v 12.034610 8.097291 14.109933
v 11.836913 8.097291 14.109933
v 11.802493 6.202492 18.721960
v 12.156546 6.202492 18.721960
v 12.156546 6.603386 18.179779
v 11.850760 6.954461 18.152149
v 11.850497 6.914528 18.155294
v 11.847170 8.239029 14.230989
v 11.858897 8.357255 14.369410
v 11.849558 8.263123 14.259197
v 11.837714 8.108365 14.119388
v 11.845130 8.210850 14.206921
v 11.845004 8.209092 14.205419
v 11.837089 8.099729 14.112013
v 11.810443 5.811471 18.628084
v 12.156546 5.811471 18.628084
v 12.156546 6.292245 18.155294
v 11.848864 6.669869 18.174549
v 11.849975 6.836342 18.161448
v 11.823482 5.439946 18.474195
v 12.156546 5.439946 18.474195
v 12.156546 5.986294 18.090023
v 12.156546 6.241532 18.151300
v 11.848864 6.536904 18.174549
v 11.850497 6.292245 18.155294
v 11.849975 6.370431 18.161448
v 11.848422 6.603386 18.179779
v 11.841281 5.097069 18.264080
v 12.156546 5.097069 18.264080
v 12.156546 5.689629 17.984156
v 12.156546 5.888585 18.066566
v 11.850833 6.241532 18.151300
v 11.854933 6.040005 18.102919
v 11.850760 6.252316 18.152149
v 11.863402 4.791283 18.002914
v 12.156546 4.791283 18.002914
v 11.849975 4.976899 18.161448
v 12.156546 5.406724 17.837877
v 12.156546 5.553238 17.927664
v 11.858011 5.888585 18.066566
v 11.869776 5.553238 17.927664
v 11.856024 5.986294 18.090023
v 11.857596 5.909009 18.071470
v 11.889304 4.530118 17.697130
v 12.156546 4.530118 17.697130
v 12.156546 5.142590 17.651608
v 12.156546 5.243752 17.738008
v 11.875865 5.435917 17.855768
v 11.913024 4.320004 17.354252
v 12.156546 4.320004 17.354252
v 11.913024 4.358494 17.417063
v 12.156546 4.902863 17.426313
v 12.156546 4.967743 17.502277
v 11.885839 5.243752 17.738008
v 11.905807 4.967743 17.502277
v 11.877378 5.406724 17.837877
v 11.884192 5.275498 17.757463
v 11.913024 4.166112 16.982729
v 12.156546 4.166112 16.982729
v 12.156546 4.693745 17.163824
v 12.156546 4.732010 17.226265
v 11.911078 4.914570 17.440020
v 11.913024 4.072236 16.591705
v 12.156546 4.072236 16.591705
v 12.156546 4.521802 16.867157
v 12.156546 4.542359 16.916777
v 11.913024 4.732010 17.226265
v 11.913024 4.700612 17.175028
v 11.913024 4.762662 17.262156
v 11.913024 4.894963 17.417063
v 11.912242 4.902863 17.426313
v 11.913024 4.040684 16.190811
v 12.156546 4.040684 16.190811
v 12.156546 4.393696 16.540791
v 12.156546 4.403451 16.581434
v 11.913024 4.542359 16.916777
v 11.913024 4.525490 16.876059
v 11.913024 4.693745 17.163824
v 11.913024 4.569520 16.961100
v 11.913024 4.072236 15.789916
v 12.156546 4.072236 15.789916
v 12.156546 4.315751 16.190811
v 12.156546 4.318719 16.228485
v 11.913024 4.401700 16.574142
v 11.913024 4.393696 16.540791
v 11.913024 4.521802 16.867157
v 11.913024 4.424683 16.632696
v 11.913024 4.166112 15.398890
v 12.156546 4.166112 15.398890
v 12.156546 4.293519 15.824965
v 12.156546 4.290238 15.866632
v 11.913024 4.318184 16.221727
v 11.913024 4.315751 16.190811
v 11.913024 4.332169 16.284517
v 11.913024 4.403451 16.581434
v 11.913024 4.320000 15.027369
v 12.156546 4.320000 15.027369
v 12.156546 4.331254 15.452550
v 12.156546 4.318719 15.504773
v 11.913024 4.290825 15.859157
v 11.913024 4.293519 15.824965
v 11.913024 4.294816 15.924794
v 11.913024 4.318719 16.228485
v 11.885589 4.530114 14.684492
v 12.156546 4.530114 14.684492
v 11.913024 4.331647 15.008363
v 12.156546 4.431477 15.084167
v 12.156546 4.403451 15.151828
v 11.913024 4.318719 15.504773
v 11.913024 4.329003 15.461919
v 11.913024 4.314198 15.562219
v 11.913024 4.290238 15.866632
v 11.859683 4.791283 14.378705
v 12.156546 4.791283 14.378705
v 12.156546 4.594552 14.731306
v 12.156546 4.542359 14.816484
v 11.913024 4.403451 15.151828
v 11.896769 4.542359 14.816484
v 11.913024 4.462876 15.008363
v 11.913024 4.331254 15.452550
v 11.913024 4.390496 15.205781
v 11.837557 5.097069 14.117540
v 12.156546 5.097069 14.117540
v 11.849558 4.931210 14.259197
v 12.156546 4.818413 14.405834
v 12.156546 4.732010 14.506995
v 11.890933 4.584572 14.747592
v 11.836913 5.109475 14.109938
v 12.034610 5.109475 14.109938
v 12.156546 5.098412 14.119388
v 12.156546 4.967743 14.230989
v 11.870551 4.732010 14.506995
v 11.863746 4.800637 14.426645
v 11.889552 4.594552 14.731306
v 11.874354 4.704510 14.551872
v 11.837539 5.100842 14.117311
v 11.847170 4.967743 14.230989
v 11.839781 5.069859 14.143775
v 11.861979 4.818413 14.405834
v 11.850321 4.935952 14.268212
v 11.837714 5.098412 14.119388
v 11.849558 4.943654 14.259197
v 11.913024 4.605092 15.138290
v 11.987895 4.605092 15.138290
v 11.987895 4.528123 15.458887
v 11.913024 4.528123 15.458887
v 11.898226 4.731263 14.833681
v 11.987895 4.731263 14.833681
v 11.913024 4.658909 15.008363
v 11.987895 4.896718 15.233046
v 11.987895 4.799683 15.467308
v 11.987895 4.791684 15.500631
v 11.987895 4.502259 15.787577
v 11.913024 4.502259 15.787577
v 11.874411 4.903535 14.552563
v 11.987895 4.903535 14.552563
v 11.987895 5.037690 14.989814
v 11.987895 4.913567 15.192361
v 11.987895 4.730210 15.756684
v 11.987895 4.727780 15.787577
v 11.913024 4.810258 15.441778
v 11.913024 4.896718 15.233046
v 11.913024 4.791684 15.500631
v 11.913024 4.798810 15.470939
v 11.987895 4.528126 16.116264
v 11.913024 4.528126 16.116264
v 11.853171 5.117661 14.301851
v 11.987895 5.117661 14.301851
v 11.987895 5.209149 14.774602
v 11.987895 5.069066 14.938617
v 11.913024 4.913567 15.192361
v 11.913024 5.024163 15.011888
v 11.913024 4.911732 15.196795
v 11.987895 4.706864 16.053366
v 11.987895 4.709550 16.087530
v 11.913024 4.736909 15.728780
v 11.913024 4.727780 15.787577
v 11.913024 4.729947 15.760052
v 11.913024 4.799683 15.467308
v 11.987895 4.605092 16.436861
v 11.913024 4.605092 16.436861
v 11.835032 5.368371 14.087724
v 11.987895 5.368371 14.087724
v 11.849558 5.167603 14.259197
v 11.987895 5.405694 14.589883
v 11.987895 5.262341 14.712320
v 11.907115 5.069066 14.938617
v 11.894900 5.192231 14.794413
v 11.911452 5.037690 14.989814
v 11.907603 5.065537 14.944377
v 11.913024 5.026322 15.008363
v 11.987895 4.730210 16.350048
v 11.987895 4.740491 16.392866
v 11.913024 4.709145 16.024399
v 11.913024 4.709550 16.087530
v 11.913024 4.707158 16.057087
v 11.913024 4.730210 15.756684
v 11.987895 4.731267 16.741468
v 11.913024 4.731267 16.741468
v 11.820436 5.649491 13.915455
v 11.987895 5.649491 13.915455
v 11.987895 5.622254 14.437164
v 11.987895 5.488637 14.519045
v 11.887946 5.262341 14.712320
v 11.878932 5.386887 14.605946
v 11.893221 5.209149 14.774602
v 11.888602 5.255700 14.720098
v 11.987895 4.799683 16.639425
v 11.987895 4.822663 16.694899
v 11.913024 4.727959 16.321438
v 11.913024 4.740491 16.392866
v 11.913024 4.731331 16.354715
v 11.913024 4.706864 16.053366
v 11.987895 4.903538 17.022587
v 11.913024 4.903538 17.022587
v 11.809748 5.954098 13.789281
v 11.987895 5.954098 13.789281
v 11.987895 5.854207 14.317229
v 11.987895 5.742379 14.363550
v 11.871572 5.488637 14.519045
v 11.858397 5.742379 14.363550
v 11.877574 5.405694 14.589883
v 11.872386 5.477402 14.528641
v 11.987895 4.913567 16.914370
v 11.987895 4.956364 16.984205
v 11.913024 4.793233 16.612555
v 11.913024 4.822663 16.694899
v 11.913024 4.802189 16.645470
v 11.913024 4.730210 16.350048
v 11.987895 5.117665 17.273298
v 11.913024 5.117665 17.273298
v 11.803229 6.274697 13.712313
v 11.987895 6.274697 13.712313
v 11.987895 6.097436 14.230430
v 11.987895 6.017327 14.249664
v 11.848750 6.017327 14.249664
v 11.849558 5.994313 14.259197
v 11.987895 5.069066 17.168116
v 11.987895 5.139905 17.251059
v 11.913024 4.913567 16.914370
v 11.913024 4.832570 16.718815
v 11.913024 4.956364 16.984205
v 11.913024 4.918233 16.921980
v 11.913024 4.799683 16.639425
v 11.987895 5.368371 17.487423
v 11.907064 5.368371 17.487423
v 11.913024 5.285988 17.417063
v 11.801039 6.603386 13.686443
v 11.987895 6.603386 13.686443
v 11.987895 6.348282 14.176917
v 11.987895 6.306702 14.180191
v 11.847369 6.085278 14.233349
v 11.987895 5.262341 17.394413
v 11.987895 5.369473 17.485909
v 11.913024 5.069066 17.168116
v 11.913024 4.968648 17.004248
v 11.913024 5.139905 17.251059
v 11.913024 5.076787 17.177155
v 11.865958 5.378548 17.493660
v 11.906535 5.378548 17.493660
v 11.803229 6.932076 13.712313
v 11.987895 6.932076 13.712313
v 11.987895 6.603386 14.156840
v 11.842864 6.306702 14.180191
v 11.840888 6.603386 14.156840
v 11.847121 6.097436 14.230430
v 11.843524 6.274422 14.187941
v 11.913024 5.262341 17.394413
v 11.913024 5.153248 17.266680
v 11.913024 5.288865 17.417063
v 11.809748 7.252671 13.789281
v 11.987895 7.252671 13.789281
v 11.987895 6.858490 14.176917
v 11.841151 6.643128 14.159968
v 11.820436 7.557278 13.915452
v 11.987895 7.557278 13.915452
v 11.810179 7.264954 13.794371
v 11.987895 7.109334 14.230430
v 11.987895 6.900067 14.180191
v 11.842589 6.858490 14.176917
v 11.835032 7.838402 14.087724
v 11.987895 7.838402 14.087724
v 11.987895 7.352563 14.317229
v 11.987895 7.189446 14.249664
v 11.842864 6.900067 14.180191
v 11.846472 7.077458 14.222778
v 11.842822 6.893635 14.179685
v 11.853171 8.089111 14.301851
v 11.987895 8.089111 14.301851
v 11.849558 8.039170 14.259197
v 11.987895 7.584519 14.437164
v 11.987895 7.464390 14.363550
v 11.848750 7.189446 14.249664
v 11.853629 7.328477 14.307252
v 11.851400 7.264954 14.280941
v 11.849558 7.212460 14.259197
v 11.847121 7.109334 14.230430
v 11.848506 7.177350 14.246759
v 11.874411 8.303238 14.552559
v 11.987895 8.303238 14.552559
v 11.865072 8.209092 14.442329
v 11.987895 7.801079 14.589883
v 11.987895 7.718136 14.519044
v 11.858397 7.464390 14.363550
v 11.871572 7.718136 14.519044
v 11.854476 7.352563 14.317229
v 11.857829 7.448182 14.356836
v 11.898226 8.475506 14.833681
v 11.987895 8.475506 14.833681
v 11.987895 7.997624 14.774602
v 11.987895 7.944432 14.712320
v 11.876776 7.790082 14.580491
v 11.913024 8.601682 15.138290
v 11.987895 8.601682 15.138290
v 11.913024 8.547864 15.008363
v 11.987895 8.169079 14.989813
v 11.987895 8.137707 14.938616
v 11.887946 7.944432 14.712320
v 11.892577 7.991120 14.766984
v 11.877574 7.801079 14.589883
v 11.886637 7.926346 14.696872
v 11.913024 8.678650 15.458887
v 11.987895 8.678650 15.458887
v 11.987895 8.310052 15.233046
v 11.987895 8.293202 15.192361
v 11.907115 8.137707 14.938616
v 11.910975 8.165619 14.984165
v 11.893221 7.997624 14.774602
v 11.905531 8.121758 14.919941
v 11.913024 8.704518 15.787577
v 11.987895 8.704518 15.787577
v 11.987895 8.415085 15.500631
v 11.987895 8.407090 15.467308
v 11.913024 8.293202 15.192361
v 11.913024 8.308217 15.228609
v 11.913024 8.279675 15.170287
v 11.913024 8.209092 15.055106
v 11.913024 8.180447 15.008363
v 11.911452 8.169079 14.989813
v 11.913024 8.678650 16.116264
v 11.987895 8.678650 16.116264
v 11.987895 8.478993 15.787577
v 11.987895 8.476563 15.756684
v 11.913024 8.407960 15.470939
v 11.913024 8.415085 15.500631
v 11.913024 8.310052 15.233046
v 11.913024 8.396515 15.441778
v 11.913024 8.601682 16.436861
v 11.987895 8.601682 16.436861
v 11.987895 8.497220 16.087530
v 11.987895 8.499909 16.053366
v 11.913024 8.476826 15.760052
v 11.913024 8.478993 15.787577
v 11.913024 8.469864 15.728780
v 11.913024 8.407090 15.467308
v 11.913024 8.475506 16.741468
v 11.987895 8.475506 16.741468
v 11.987895 8.466282 16.392866
v 11.987895 8.476563 16.350048
v 11.913024 8.499615 16.057087
v 11.913024 8.497220 16.087530
v 11.913024 8.497628 16.024399
v 11.913024 8.476563 15.756684
v 11.913024 8.303238 17.022587
v 11.987895 8.303238 17.022587
v 11.987895 8.384110 16.694899
v 11.987895 8.407090 16.639425
v 11.913024 8.476563 16.350048
v 11.913024 8.467404 16.388199
v 11.913024 8.478814 16.321438
v 11.913024 8.499909 16.053366
v 11.913024 8.089111 17.273298
v 11.987895 8.089111 17.273298
v 11.913024 8.209092 17.132820
v 11.987895 8.250404 16.984205
v 11.987895 8.293202 16.914370
v 11.913024 8.407090 16.639425
v 11.913024 8.386616 16.688852
v 11.913024 8.466282 16.392866
v 11.913024 8.413540 16.612555
v 11.907064 7.838402 17.487423
v 11.987895 7.838402 17.487423
v 11.913024 7.920785 17.417063
v 11.987895 8.066868 17.251057
v 11.987895 8.137707 17.168116
v 11.913024 8.293202 16.914370
v 11.913024 8.255071 16.976593
v 11.913024 8.384110 16.694899
v 11.913024 8.303109 16.890451
v 11.906535 7.828229 17.493658
v 11.985484 7.828175 17.493658
v 11.987895 7.837300 17.485909
v 11.987895 7.944432 17.394413
v 11.913024 8.137707 17.168116
v 11.913024 7.944432 17.394413
v 11.913024 8.149991 17.148071
v 11.913024 8.209092 17.051624
v 11.913024 8.250404 16.984205
v 11.913024 7.917908 17.417063
v 8.183520 2.287392 19.182180
v 8.564578 2.287392 19.825760
v 8.564578 3.149911 19.825760
v 8.183520 3.149911 19.182180
v 8.157675 3.149911 18.876936
v 8.157675 2.287392 18.876936
v 8.183520 1.530400 19.182180
v 8.564578 1.530400 19.825760
v 9.890124 2.287392 19.825760
v 9.890124 3.149911 19.825760
v 8.564578 7.264954 19.825760
v 8.183520 7.264954 19.182180
v 8.157675 7.264954 18.876936
v 8.097064 3.149911 18.161448
v 8.097064 2.287392 18.161448
v 8.157675 1.530400 18.876936
v 8.183520 0.281785 19.182180
v 8.564578 0.281785 19.825760
v 9.192865 1.681229 19.825760
v 9.192865 2.136559 19.825760
v 9.890124 2.136559 19.825760
v 11.382449 2.287392 19.825760
v 11.382449 3.149911 19.825760
v 9.890124 3.300740 19.648209
v 8.715415 3.300740 19.648209
v 8.715415 7.114125 19.648209
v 8.564578 8.209092 19.825760
v 8.183520 8.209092 19.182180
v 8.157675 8.209092 18.876936
v 8.097064 7.264954 18.161448
v 8.034007 2.287392 17.417063
v 8.034007 3.149911 17.417063
v 8.097064 1.530400 18.161448
v 8.157675 0.281785 18.876936
v 8.564578 0.281785 19.409224
v 9.890124 0.281785 19.825760
v 9.890124 1.530400 19.825760
v 9.890124 1.681229 19.825760
v 9.192865 1.681229 19.623707
v 9.192865 2.136559 19.623707
v 10.754160 2.136559 19.825760
v 9.890124 2.136559 19.623707
v 11.231616 3.300740 19.648209
v 11.763487 2.287392 19.182180
v 11.763487 3.149911 19.182180
v 9.890124 7.114125 19.648209
v 9.890124 7.264954 19.825760
v 9.890124 8.209092 19.825760
v 8.564578 8.919301 19.825760
v 8.183520 8.919301 19.182180
v 8.157675 8.919301 18.876936
v 8.097064 8.209092 18.161448
v 8.034007 7.264954 17.417063
v 8.034007 2.287392 15.008363
v 8.034007 3.149911 15.008363
v 8.034007 1.530400 17.417063
v 8.097064 0.281785 18.161448
v 8.564578 0.281785 18.432856
v 9.890124 0.281785 19.409224
v 11.382449 1.530400 19.825760
v 11.382449 0.281785 19.825760
v 10.754160 1.681229 19.825760
v 9.890124 1.681229 19.623707
v 10.754160 2.136559 19.623707
v 11.382449 7.264954 19.825760
v 11.231616 7.114125 19.648209
v 11.763487 1.530400 19.182180
v 11.789363 2.287392 18.876936
v 11.789363 3.149911 18.876936
v 11.763487 7.264954 19.182180
v 11.382449 8.209092 19.825760
v 9.890124 8.259369 19.825760
v 9.057837 8.379647 19.825760
v 9.057837 8.748749 19.825760
v 8.564578 11.379997 19.825760
v 8.183520 11.379997 19.182180
v 8.157675 11.379997 18.876936
v 8.097064 8.919301 18.161448
v 8.034007 8.209092 17.417063
v 8.034007 7.264954 15.008363
v 8.097468 3.149911 14.259197
v 8.097468 2.287392 14.259197
v 8.034007 1.530400 15.008363
v 8.034007 0.281785 17.417063
v 8.564578 0.281785 17.417063
v 9.890124 0.281785 18.432856
v 11.382449 0.281785 19.409224
v 11.763487 0.281785 19.182180
v 10.754160 1.681229 19.623707
v 11.789363 1.530400 18.876936
v 11.849975 2.287392 18.161448
v 11.849975 3.149911 18.161448
v 11.789363 7.264954 18.876936
v 11.763487 8.209092 19.182180
v 10.889178 8.379647 19.825760
v 9.890124 8.259369 20.107584
v 9.057837 8.379647 20.107584
v 9.890124 8.919301 19.825760
v 9.890124 8.869027 19.825760
v 9.057837 8.748749 20.107584
v 9.890124 11.379997 19.825760
v 8.831908 11.379997 19.076521
v 8.097064 11.379997 18.161448
v 8.034007 8.919301 17.417063
v 8.034007 8.209092 15.008363
v 8.097468 7.264954 14.259197
v 8.160887 3.149911 13.510623
v 8.160887 2.287392 13.510623
v 8.097468 1.530400 14.259197
v 8.034007 0.281785 15.008363
v 8.564578 0.281785 15.008363
v 9.890124 0.281785 17.417063
v 11.382449 0.281785 18.432856
v 11.789363 0.281785 18.876936
v 11.849975 1.530400 18.161448
v 11.913024 2.287392 17.417063
v 11.913024 3.149911 17.417063
v 11.789363 8.209092 18.876936
v 11.763487 8.919301 19.182180
v 11.382449 8.919301 19.825760
v 10.889178 8.748749 19.825760
v 10.889178 8.379647 20.107584
v 9.890124 8.869027 20.107584
v 11.382449 11.379997 19.825760
v 9.877043 11.379997 19.550068
v 8.343588 11.379997 18.000677
v 8.034007 11.379997 17.417063
v 8.034007 8.919301 15.008363
v 8.097468 8.209092 14.259197
v 8.160887 7.264954 13.510623
v 8.183520 2.287392 13.243245
v 8.183520 3.149911 13.243245
v 8.160887 1.530400 13.510623
v 8.097468 0.281785 14.259197
v 8.564578 0.281785 13.986044
v 9.890124 0.281785 15.008363
v 11.382449 0.281785 17.417063
v 11.849975 0.281785 18.161448
v 11.913024 1.530400 17.417063
v 11.913024 2.287392 15.008363
v 11.913024 3.149911 15.008363
v 11.789363 8.919301 18.876936
v 11.763487 11.379997 19.182180
v 10.889178 8.748749 20.107584
v 11.115119 11.379997 19.076521
v 9.877043 14.478574 19.550068
v 8.831908 14.478574 19.076521
v 8.343588 14.478574 18.000677
v 8.831908 11.379997 16.862265
v 8.034007 11.379997 15.008363
v 8.097468 8.919301 14.259197
v 8.160887 8.209092 13.510623
v 8.183520 7.264954 13.243245
v 8.564578 3.149911 12.599664
v 8.564578 2.287392 12.599664
v 8.183520 1.530400 13.243245
v 8.160887 0.281785 13.510623
v 8.564578 0.281785 12.964532
v 9.890124 0.281785 13.986044
v 11.382449 0.281785 15.008363
v 11.913024 0.281785 17.417063
v 11.913024 1.530400 15.008363
v 11.849975 8.919301 18.161448
v 11.849558 2.287392 14.259197
v 11.849558 3.149911 14.259197
v 11.789363 11.379997 18.876936
v 11.115119 14.478574 19.076521
v 9.895979 14.478574 18.920105
v 9.271136 14.478574 18.636992
v 8.831908 14.478574 16.862265
v 8.979312 14.478574 17.994041
v 8.974761 11.379997 15.405706
v 8.097468 11.379997 14.259197
v 8.160887 8.919301 13.510623
v 8.183520 8.209092 13.243245
v 8.564578 7.264954 12.599664
v 9.890124 3.149911 12.599664
v 9.890124 2.287392 12.599664
v 8.564578 1.530400 12.599664
v 8.183520 0.281785 13.243245
v 8.564578 0.281785 12.599664
v 9.890124 0.281785 12.964532
v 11.382449 0.281785 13.986044
v 11.913024 0.281785 15.008363
v 11.849558 1.530400 14.259197
v 11.913024 8.919301 17.417063
v 11.849975 11.379997 18.161448
v 11.786143 2.287392 13.510623
v 11.786143 3.149911 13.510623
v 11.603438 11.379997 18.000677
v 11.603438 14.478574 18.000677
v 10.684218 14.478574 18.618608
v 9.895979 16.300352 18.920105
v 9.271136 16.300352 18.636988
v 9.877043 11.379997 16.388712
v 9.877043 14.478574 16.388712
v 9.277468 14.478574 17.298920
v 8.979312 16.300352 17.994041
v 9.890124 11.379997 15.822398
v 8.564578 11.379997 14.425088
v 8.160887 11.379997 13.510623
v 8.183520 8.919301 13.243245
v 8.564578 8.209092 12.599664
v 9.890124 7.264954 12.599664
v 11.382449 2.287392 12.599664
v 11.382449 3.149911 12.599664
v 9.890124 1.530400 12.599664
v 9.890124 0.281785 12.599664
v 11.382449 0.281785 12.964532
v 11.849558 0.281785 14.259197
v 11.786143 1.530400 13.510623
v 11.913024 11.379997 17.417063
v 11.786143 7.264954 13.510623
v 11.763487 2.287392 13.243245
v 11.763487 3.149911 13.243245
v 11.115119 11.379997 16.862265
v 11.115119 14.478574 16.862263
v 10.967715 14.478574 17.994041
v 10.684218 16.300352 18.618608
v 9.895979 14.478574 17.018679
v 9.277468 16.300352 17.298923
v 10.972261 11.379997 15.405706
v 8.974761 12.214013 15.405704
v 8.564578 12.214013 14.425088
v 8.974761 11.379997 13.445580
v 8.183520 11.379997 13.243245
v 8.564578 8.919301 12.599664
v 9.890124 8.209092 12.599664
v 11.382449 7.264954 12.599664
v 11.382449 1.530400 12.599664
v 11.382449 0.281785 12.599664
v 11.786143 0.281785 13.510623
v 11.763487 1.530400 13.243245
v 11.913024 8.919301 15.008363
v 11.913024 11.379997 15.008363
v 11.763487 7.264954 13.243245
v 11.786143 8.209092 13.510623
v 11.849558 8.209092 14.259197
v 10.677577 14.478574 17.317627
v 10.967715 16.300352 17.994041
v 9.895979 16.300352 17.018681
v 10.972261 12.214013 15.405706
v 9.890124 12.214013 15.822398
v 8.974761 12.214013 13.445580
v 9.890124 12.214013 14.425088
v 8.564578 11.379997 12.599664
v 9.890124 8.919301 12.599664
v 11.382449 8.209092 12.599664
v 11.763487 0.281785 13.243245
v 11.849558 8.919301 14.259197
v 11.849558 11.379997 14.259197
v 11.763487 8.209092 13.243245
v 11.786143 8.919301 13.510623
v 11.382449 11.379997 14.425088
v 10.677577 16.300352 17.317629
v 11.382449 12.214013 14.425088
v 9.890124 11.379997 13.028889
v 9.890124 12.214013 13.028889
v 9.890124 11.379997 12.599664
v 11.382449 8.919301 12.599664
v 11.786143 11.379997 13.510623
v 11.913024 7.264954 17.417063
v 11.763487 8.919301 13.243245
v 10.972261 11.379997 13.445580
v 10.972261 12.214013 13.445580
v 11.382449 11.379997 12.599664
v 11.763487 11.379997 13.243245
v 11.913024 8.209092 17.417063
v 11.819380 8.919301 18.522604
v 11.819380 11.379997 18.522604
v 11.497832 11.379997 18.602243
v 11.497832 14.478574 18.602243
v 10.911288 14.478574 18.343931
v 10.911288 16.300352 18.343931
v 9.886603 16.300352 18.464771
v 9.040370 16.300352 18.354155
v 9.040370 14.478574 18.354158
v 8.449195 14.478574 18.602243
v 8.449195 11.379997 18.602243
v 8.127657 11.379997 18.522604
v 8.127657 8.919301 18.522604
v 8.127657 8.209092 18.522604
v 8.127657 7.264954 18.522604
v 8.127657 3.149911 18.522604
v 8.127657 2.287392 18.522604
v 8.127657 1.530400 18.522604
v 8.127657 0.281785 18.522604
v 8.564578 0.281785 18.925695
v 9.890124 0.281785 18.925695
v 11.382449 0.281785 18.925695
v 11.819380 0.281785 18.522604
v 11.819380 1.530400 18.522604
v 11.819380 2.287392 18.522604
v 11.819380 3.149911 18.522604
v 11.883761 8.919304 17.762531
v 11.883761 11.379997 17.762531
v 11.481082 11.379997 17.331631
v 11.481082 14.478577 17.331629
v 10.897639 14.478577 17.597128
v 10.897639 16.300352 17.597132
v 9.887190 16.300352 17.474422
v 9.054122 16.300352 17.586084
v 9.054122 14.478574 17.586081
v 8.465945 14.478574 17.331629
v 8.465945 11.379997 17.331629
v 8.063269 11.379997 17.762527
v 8.063269 8.919301 17.762527
v 8.063269 8.209092 17.762527
v 8.063269 7.264954 17.762527
v 8.063269 3.149911 17.762527
v 8.063269 2.287392 17.762531
v 8.063269 1.530400 17.762531
v 8.063269 0.281785 17.762531
v 8.564574 0.281785 17.888491
v 9.890121 0.281785 17.888491
v 11.382445 0.281785 17.888491
v 11.883761 0.281785 17.762531
v 11.883765 1.530400 17.762527
v 11.883765 2.287392 17.762527
v 11.883761 3.149911 17.762531
v 10.676867 2.287392 19.825760
v 10.597350 2.136559 19.825760
v 10.597350 2.136559 19.623707
v 10.597350 1.681229 19.623707
v 10.597350 1.681229 19.825760
v 10.676867 1.530400 19.825760
v 10.676867 0.281785 19.825760
v 10.676867 0.281785 19.409224
v 10.676867 0.281785 18.925695
v 10.676867 0.281785 18.432856
v 10.676864 0.281785 17.888491
v 10.676867 0.281785 17.417063
v 10.676867 0.281785 15.008363
v 10.676867 0.281785 13.986044
v 10.676867 0.281785 12.964532
v 10.676867 0.281785 12.599664
v 10.676867 1.530400 12.599664
v 10.676867 2.287392 12.599664
v 10.676867 3.149911 12.599664
v 10.676867 7.264954 12.599664
v 10.676867 8.209092 12.599664
v 10.676867 8.919301 12.599664
v 10.676867 11.379997 12.599664
v 10.524127 11.379997 13.189744
v 10.524127 12.214013 13.189744
v 10.676867 12.214013 14.425088
v 10.524127 12.214013 15.661542
v 10.524127 11.379997 15.661542
v 10.586393 11.379997 16.502754
v 10.586393 14.478574 16.502754
v 10.342101 14.478574 17.095474
v 10.342101 16.300352 17.095480
v 10.291323 16.300352 17.636644
v 10.452040 16.300352 17.997179
v 10.296366 16.300352 18.303343
v 10.345957 16.300352 18.841824
v 10.345957 14.478574 18.841831
v 10.586393 14.478574 19.436028
v 10.586393 11.379997 19.436028
v 10.676867 11.379997 19.825760
v 10.676867 8.919301 19.825760
v 10.650359 8.869027 19.825760
v 10.650359 8.869027 20.107584
v 10.650359 8.259369 20.107584
v 10.650359 8.259369 19.825760
v 10.676867 8.209092 19.825760
v 10.676867 7.264954 19.825760
v 10.597350 7.114125 19.648209
v 10.597350 3.300740 19.648209
v 10.676867 3.149911 19.825760
v 9.216300 2.287392 19.825760
v 9.292971 2.136559 19.825760
v 9.292971 2.136559 19.623707
v 9.292971 1.681229 19.623707
v 9.292971 1.681229 19.825760
v 9.216300 1.530400 19.825760
v 9.216300 0.281785 19.825760
v 9.216300 0.281785 19.409224
v 9.216300 0.281785 18.925695
v 9.216300 0.281785 18.432856
v 9.216292 0.281785 17.888491
v 9.216300 0.281785 17.417063
v 9.216300 0.281785 15.008363
v 9.216300 0.281785 13.986044
v 9.216300 0.281785 12.964532
v 9.216300 0.281785 12.599664
v 9.216300 1.530400 12.599664
v 9.216300 2.287392 12.599664
v 9.216300 3.149911 12.599664
v 9.216300 7.264954 12.599664
v 9.216300 8.209092 12.599664
v 9.216300 8.919301 12.599664
v 9.216300 11.379997 12.599664
v 9.352076 11.379997 13.180505
v 9.352076 12.214013 13.180505
v 9.216300 12.214013 14.425088
v 9.352076 12.214013 15.670779
v 9.352076 11.379997 15.670781
v 9.281832 11.379997 16.492916
v 9.281832 14.478574 16.492916
v 9.541651 14.478574 17.078787
v 9.541651 16.300352 17.078793
v 9.590373 16.300352 17.630138
v 9.420687 16.300352 17.997301
v 9.585021 16.300352 18.309521
v 9.538107 16.300352 18.858385
v 9.538107 14.478574 18.858387
v 9.281832 14.478574 19.445869
v 9.281832 11.379997 19.445869
v 9.216300 11.379997 19.825760
v 9.216300 8.919301 19.825760
v 9.241854 8.869027 19.825760
v 9.241854 8.869027 20.107584
v 9.241854 8.259369 20.107584
v 9.241854 8.259369 19.825760
v 9.216300 8.209092 19.825760
v 9.216300 7.264954 19.825760
v 9.292975 7.114125 19.648209
v 9.292975 3.300740 19.648209
v 9.216300 3.149911 19.825760
v 11.878329 8.919301 14.598794
v 11.878329 11.379997 14.598794
v 11.331133 11.379997 14.880529
v 11.331133 12.214013 14.880529
v 10.566451 12.214013 14.949026
v 9.890124 12.214013 15.058488
v 9.322768 12.214013 14.952939
v 8.615893 12.214013 14.880527
v 8.615893 11.379997 14.880529
v 8.068701 11.379997 14.598794
v 8.068701 8.919301 14.598794
v 8.068701 8.209092 14.598794
v 8.068701 7.264954 14.598794
v 8.068701 3.149911 14.598794
v 8.068701 2.287392 14.598794
v 8.068701 1.530400 14.598794
v 8.068701 0.281785 14.598794
v 8.564578 0.281785 14.449459
v 9.216300 0.281785 14.449459
v 9.890124 0.281785 14.449459
v 10.676867 0.281785 14.449459
v 11.382449 0.281785 14.449459
v 11.878329 0.281785 14.598794
v 11.878329 1.530400 14.598794
v 11.878329 2.287392 14.598794
v 11.878329 3.149911 14.598794
v 11.817496 8.919304 13.880759
v 11.817496 11.379997 13.880759
v 11.303809 11.379997 13.917677
v 11.303809 12.214013 13.917677
v 10.553721 12.214013 13.841327
v 9.890124 12.214013 13.719247
v 9.335036 12.214013 13.836961
v 8.643214 12.214013 13.917677
v 8.643214 11.379997 13.917677
v 8.129531 11.379997 13.880758
v 8.129531 8.919301 13.880758
v 8.129531 8.209092 13.880758
v 8.129531 7.264954 13.880758
v 8.129531 3.149911 13.880758
v 8.129531 2.287392 13.880759
v 8.129531 1.530404 13.880759
v 8.129531 0.281785 13.880759
v 8.564578 0.281785 13.469625
v 9.216300 0.281785 13.469624
v 9.890121 0.281785 13.469625
v 10.676867 0.281785 13.469624
v 11.382449 0.281785 13.469625
v 11.817496 0.281785 13.880759
v 11.817496 1.530400 13.880758
v 11.817496 2.287392 13.880758
v 11.817496 3.149911 13.880759
v 9.590373 15.181660 17.630138
v 9.420687 15.181660 17.997305
v 9.887190 15.181660 17.474422
v 9.585021 15.181660 18.309523
v 9.886603 15.181660 18.464777
v 10.291323 15.181660 17.636644
v 10.452040 15.181660 17.997179
v 10.296366 15.181660 18.303343
v 8.564578 10.699513 19.825760
v 9.216300 10.699513 19.825760
v 9.890124 10.699513 19.825760
v 10.676867 10.699513 19.825760
v 11.382449 10.699513 19.825760
v 11.763487 10.699513 19.182180
v 11.789363 10.699513 18.876936
v 11.819380 10.699513 18.522604
v 11.849975 10.699513 18.161448
v 11.883761 10.699513 17.762531
v 11.913024 10.699513 17.417063
v 11.913024 10.699513 15.008363
v 11.878329 10.699513 14.598794
v 11.849558 10.699513 14.259197
v 11.817496 10.699513 13.880759
v 11.786143 10.699513 13.510623
v 11.763487 10.699513 13.243245
v 11.382449 10.699513 12.599664
v 10.676867 10.699513 12.599664
v 9.890124 10.699513 12.599664
v 9.216300 10.699513 12.599664
v 8.564578 10.699513 12.599664
v 8.183520 10.699513 13.243245
v 8.160887 10.699513 13.510623
v 8.129531 10.699513 13.880758
v 8.097468 10.699513 14.259197
v 8.068701 10.699513 14.598794
v 8.034007 10.699513 15.008363
v 8.034007 10.699513 17.417063
v 8.063269 10.699513 17.762527
v 8.097064 10.699513 18.161448
v 8.127657 10.699513 18.522604
v 8.157675 10.699513 18.876936
v 8.183520 10.699513 19.182180
v 8.564574 0.742776 19.825760
v 9.216300 0.742776 19.825760
v 9.890124 0.742776 19.825760
v 10.676867 0.742776 19.825760
v 11.382445 0.742776 19.825760
v 11.763487 0.742776 19.182180
v 11.789359 0.742776 18.876940
v 11.819380 0.742776 18.522604
v 11.849975 0.742776 18.161448
v 11.883761 0.742776 17.762531
v 11.913024 0.742776 17.417063
v 11.913024 0.742776 15.008363
v 11.878325 0.742776 14.598794
v 11.849558 0.742776 14.259197
v 11.817496 0.742776 13.880759
v 11.786143 0.742776 13.510625
v 11.763487 0.742776 13.243245
v 11.382449 0.742776 12.599664
v 10.676864 0.742776 12.599664
v 9.890124 0.742776 12.599664
v 9.216300 0.742776 12.599664
v 8.564578 0.742776 12.599664
v 8.183520 0.742776 13.243245
v 8.160887 0.742776 13.510623
v 8.129531 0.742776 13.880759
v 8.097468 0.742776 14.259197
v 8.068701 0.742776 14.598794
v 8.034007 0.742776 15.008363
v 8.034007 0.742776 17.417063
v 8.063269 0.742776 17.762531
v 8.097064 0.742776 18.161448
v 8.127657 0.742776 18.522604
v 8.157675 0.742776 18.876936
v 8.183520 0.742776 19.182180
v 8.564578 10.588403 19.825760
v 9.216300 10.588407 19.825764
v 9.890124 10.588403 19.825760
v 10.676867 10.588407 19.825764
v 11.382449 10.588403 19.825760
v 11.763487 10.588403 19.182180
v 11.789363 10.588403 18.876936
v 11.819380 10.588403 18.522604
v 11.849975 10.588403 18.161448
v 11.883761 10.588403 17.762531
v 11.913024 10.588403 17.417063
v 11.913024 10.588403 15.008363
v 11.878329 10.588403 14.598794
v 11.849558 10.588403 14.259197
v 11.817496 10.588403 13.880759
v 11.786143 10.588403 13.510623
v 11.763487 10.588403 13.243245
v 11.382449 10.588407 12.599664
v 10.676867 10.588403 12.599664
v 9.890124 10.588407 12.599664
v 9.216300 10.588403 12.599664
v 8.564578 10.588407 12.599664
v 8.183516 10.588407 13.243245
v 8.160887 10.588407 13.510623
v 8.129531 10.588407 13.880758
v 8.097464 10.588407 14.259198
v 8.068701 10.588407 14.598794
v 8.034007 10.588407 15.008363
v 8.034007 10.588407 17.417063
v 8.063269 10.588407 17.762527
v 8.097064 10.588407 18.161448
v 8.127654 10.588407 18.522604
v 8.157675 10.588407 18.876936
v 8.183516 10.588407 19.182180
v 8.570215 10.593033 19.812351
v 9.216761 10.593033 19.825764
v 9.216761 10.694886 19.825760
v 8.570215 10.694886 19.812351
v 9.892478 10.694886 19.825760
v 9.892478 10.593033 19.825760
v 10.675178 10.694886 19.825760
v 10.675178 10.593033 19.825764
v 11.375685 10.694886 19.812351
v 11.375685 10.593033 19.812351
v 11.756086 10.593033 19.189228
v 11.756086 10.694886 19.189228
v 11.789450 10.593033 18.875916
v 11.789450 10.694886 18.875912
v 11.819392 10.694886 18.522459
v 11.819392 10.593033 18.522459
v 11.850043 10.694886 18.160660
v 11.850043 10.593033 18.160660
v 11.883666 10.694886 17.763643
v 11.883666 10.593033 17.763643
v 11.912414 10.694886 17.374079
v 11.912414 10.593033 17.374079
v 11.912299 10.593033 15.050013
v 11.912299 10.694886 15.050013
v 11.878450 10.593033 14.600251
v 11.878450 10.694886 14.600251
v 11.849490 10.694886 14.258388
v 11.849490 10.593033 14.258388
v 11.817511 10.694886 13.880933
v 11.817511 10.593033 13.880933
v 11.786322 10.694886 13.512766
v 11.786322 10.593033 13.512766
v 11.756021 10.694886 13.235408
v 11.756021 10.593033 13.235408
v 11.375685 10.694886 12.613072
v 11.375685 10.593033 12.613072
v 10.675178 10.593033 12.599664
v 10.675178 10.694886 12.599664
v 9.892478 10.694886 12.599664
v 9.892478 10.593033 12.599664
v 9.216761 10.593033 12.599664
v 9.216761 10.694886 12.599664
v 8.570215 10.694886 12.613072
v 8.570215 10.593033 12.613072
v 8.190985 10.694886 13.235408
v 8.190985 10.593033 13.235408
v 8.160704 10.593033 13.512766
v 8.160704 10.694886 13.512766
v 8.129515 10.694886 13.880931
v 8.129515 10.593033 13.880931
v 8.097537 10.694886 14.258388
v 8.097533 10.593033 14.258390
v 8.068579 10.694886 14.600251
v 8.068579 10.593033 14.600251
v 8.034728 10.694886 15.050013
v 8.034728 10.593033 15.050013
v 8.034617 10.593033 17.374079
v 8.034617 10.694886 17.374079
v 8.063365 10.593033 17.763643
v 8.063365 10.694886 17.763643
v 8.096999 10.694886 18.160660
v 8.096999 10.593033 18.160664
v 8.127646 10.694886 18.522459
v 8.127643 10.593033 18.522463
v 8.157588 10.694886 18.875912
v 8.157588 10.593033 18.875912
v 8.190920 10.694886 19.189228
v 8.190917 10.593033 19.189232
v 9.877043 11.933022 19.550068
v 10.586393 11.933022 19.436028
v 11.115119 11.933022 19.076521
v 11.497832 11.933022 18.602243
v 11.603438 11.933022 18.000677
v 11.481082 11.933025 17.331631
v 11.115119 11.933022 16.862265
v 10.586393 11.933022 16.502756
v 9.877043 11.933022 16.388712
v 9.281828 11.933022 16.492916
v 8.831908 11.933022 16.862265
v 8.465945 11.933022 17.331629
v 8.343588 11.933022 18.000677
v 8.449195 11.933022 18.602243
v 8.831908 11.933022 19.076521
v 9.281832 11.933022 19.445871
v 8.831908 13.848863 19.076521
v 8.449195 13.848863 18.602243
v 8.343588 13.848863 18.000677
v 8.465945 13.848863 17.331629
v 8.831908 13.848863 16.862265
v 9.281828 13.848863 16.492916
v 9.877043 13.848863 16.388716
v 10.586393 13.848863 16.502754
v 11.115119 13.848863 16.862265
v 11.481082 13.848866 17.331629
v 11.603438 13.848863 18.000677
v 11.497832 13.848863 18.602243
v 11.115119 13.848863 19.076521
v 10.586393 13.848863 19.436028
v 9.877043 13.848863 19.550068
v 9.281828 13.848863 19.445871
v 9.360785 15.181656 17.411806
v 9.086211 15.181656 18.005932
v 9.870443 15.181656 17.144432
v 9.363607 15.181656 18.532959
v 9.870123 15.181656 18.793707
v 10.515853 15.181656 17.403507
v 10.784278 15.181656 18.005663
v 10.512206 15.181656 18.540754
v 9.360816 10.910191 17.411831
v 9.086241 10.910191 18.005932
v 9.877047 10.910199 18.000677
v 9.870448 10.910191 17.144459
v 9.363638 10.910191 18.532930
v 9.870123 10.910191 18.793676
v 10.515830 10.910191 17.403536
v 10.784251 10.910191 18.005659
v 10.512179 10.910191 18.540720
# 1244 positions

vt 0.232974 0.476059
vt 0.219018 0.476059
vt 0.219018 0.453579
vt 0.232973 0.453579
vt 0.883368 0.163944
vt 0.897324 0.163944
vt 0.897324 0.272254
vt 0.883368 0.272254
vt 0.883368 0.258132
vt 0.712956 0.175848
vt 0.701497 0.150043
vt 0.734844 0.077042
vt 0.757324 0.077042
vt 0.219018 0.373323
vt 0.232971 0.373323
vt 0.232973 0.439416
vt 0.430440 0.414378
vt 0.430440 0.400423
vt 0.453662 0.400423
vt 0.453662 0.414378
vt 0.689734 0.175847
vt 0.701192 0.150043
vt 0.219015 0.373018
vt 0.232974 0.373018
vt 0.019065 0.047465
vt 0.033021 0.047465
vt 0.033021 0.137294
vt 0.033172 0.141653
vt 0.033662 0.155774
vt 0.019065 0.155774
vt 0.645367 0.077042
vt 0.667847 0.077042
vt 0.219015 0.292762
vt 0.232971 0.292761
vt 0.232971 0.306924
vt 0.219014 0.270282
vt 0.233611 0.270282
vt 0.232970 0.277852
vt 0.927632 0.876442
vt 0.917048 0.876442
vt 0.917047 0.858965
vt 0.927631 0.858965
vt 0.927633 0.893919
vt 0.917049 0.893919
vt 0.927632 0.890225
vt 0.848725 0.447224
vt 0.865717 0.451312
vt 0.860688 0.466769
vt 0.848272 0.461619
vt 0.846505 0.461195
vt 0.917046 0.841488
vt 0.927630 0.841488
vt 0.928664 0.911396
vt 0.917050 0.911396
vt 0.927633 0.897121
vt 0.881862 0.458003
vt 0.873581 0.474244
vt 0.862845 0.467662
vt 0.831304 0.445843
vt 0.832933 0.457928
vt 0.831296 0.457798
vt 0.796316 0.117370
vt 0.798727 0.127954
vt 0.785286 0.127953
vt 0.785287 0.117369
vt 0.800545 0.117370
vt 0.800544 0.127954
vt 0.799054 0.117370
vt 0.917045 0.824011
vt 0.927629 0.824011
vt 0.929790 0.928873
vt 0.917050 0.928873
vt 0.896762 0.467136
vt 0.884988 0.483334
vt 0.876295 0.475908
vt 0.782953 0.117369
vt 0.782952 0.127952
vt 0.770360 0.127951
vt 0.772620 0.117368
vt 0.783371 0.117369
vt 0.813881 0.447201
vt 0.817207 0.456678
vt 0.815396 0.456820
vt 0.811999 0.117371
vt 0.814503 0.127955
vt 0.816146 0.117372
vt 0.816145 0.127955
vt 0.814798 0.117371
vt 0.798728 0.117370
vt 0.917044 0.806534
vt 0.927628 0.806534
vt 0.232988 0.501439
vt 0.219286 0.501439
vt 0.219287 0.483962
vt 0.232027 0.483962
vt 0.232610 0.494572
vt 0.232675 0.495759
vt 0.910051 0.478487
vt 0.894780 0.493753
vt 0.888290 0.486154
vt 0.767178 0.117367
vt 0.767177 0.127951
vt 0.755743 0.127949
vt 0.751401 0.127949
vt 0.751403 0.117051
vt 0.756273 0.117366
vt 0.770361 0.117367
vt 0.767749 0.117367
vt 0.796884 0.451263
vt 0.801477 0.457901
vt 0.799206 0.458443
vt 0.827743 0.117372
vt 0.830278 0.127955
vt 0.832095 0.117372
vt 0.832095 0.127956
vt 0.830604 0.117372
vt 0.814503 0.117371
vt 0.917043 0.789057
vt 0.927627 0.789057
vt 0.927627 0.792751
vt 0.233761 0.518917
vt 0.219286 0.518916
vt 0.921401 0.491776
vt 0.902876 0.505232
vt 0.898536 0.498150
vt 0.761263 0.103715
vt 0.761263 0.092817
vt 0.771256 0.092817
vt 0.769370 0.104160
vt 0.762974 0.103809
vt 0.780728 0.457921
vt 0.786129 0.461560
vt 0.783185 0.462772
vt 0.843549 0.117372
vt 0.846054 0.127956
vt 0.848388 0.117372
vt 0.848388 0.127956
vt 0.846472 0.117372
vt 0.830279 0.117372
vt 0.917042 0.771580
vt 0.928818 0.771580
vt 0.927626 0.788088
vt 0.234327 0.536394
vt 0.219285 0.536394
vt 0.930533 0.506676
vt 0.909234 0.517527
vt 0.906779 0.511599
vt 0.777038 0.104582
vt 0.777038 0.092817
vt 0.785345 0.092817
vt 0.783704 0.104877
vt 0.771256 0.104264
vt 0.775922 0.104521
vt 0.765801 0.467004
vt 0.771534 0.467557
vt 0.767823 0.469814
vt 0.859417 0.117372
vt 0.861829 0.127955
vt 0.865011 0.117372
vt 0.865012 0.127955
vt 0.862400 0.117372
vt 0.846054 0.117372
vt 0.917042 0.754103
vt 0.929944 0.754103
vt 0.234672 0.553870
vt 0.219285 0.553870
vt 0.234442 0.542219
vt 0.937222 0.522821
vt 0.913837 0.530419
vt 0.912817 0.526173
vt 0.792813 0.105280
vt 0.792813 0.092817
vt 0.799229 0.092817
vt 0.797917 0.105446
vt 0.785345 0.104950
vt 0.791307 0.105213
vt 0.752451 0.478282
vt 0.758040 0.475737
vt 0.753622 0.479469
vt 0.877604 0.116665
vt 0.877604 0.127955
vt 0.867271 0.117372
vt 0.868577 0.117372
vt 0.893379 0.115524
vt 0.893380 0.127954
vt 0.881946 0.127954
vt 0.861829 0.117372
vt 0.473380 0.413335
vt 0.473380 0.400433
vt 0.490857 0.400434
vt 0.490857 0.414296
vt 0.485177 0.413984
vt 0.481378 0.413775
vt 0.234789 0.571347
vt 0.219285 0.571347
vt 0.941303 0.539814
vt 0.916675 0.543715
vt 0.916501 0.541511
vt 0.808588 0.105791
vt 0.808588 0.092817
vt 0.812956 0.092817
vt 0.824363 0.092817
vt 0.824363 0.106103
vt 0.810967 0.105838
vt 0.799229 0.105488
vt 0.806641 0.105728
vt 0.741004 0.491488
vt 0.745976 0.485904
vt 0.741084 0.491547
vt 0.899161 0.115151
vt 0.899162 0.127953
vt 0.894553 0.115449
vt 0.491490 0.405733
vt 0.491490 0.414325
vt 0.234673 0.588825
vt 0.219285 0.588825
vt 0.942676 0.557236
vt 0.917740 0.557237
vt 0.824833 0.106107
vt 0.826574 0.092817
vt 0.826574 0.106118
vt 0.490956 0.400423
vt 0.909154 0.114507
vt 0.909155 0.127953
vt 0.901243 0.115017
vt 0.907542 0.114611
vt 0.402341 0.414858
vt 0.416197 0.414858
vt 0.416197 0.422326
vt 0.402663 0.420716
vt 0.402657 0.420615
vt 0.402306 0.414225
vt 0.410897 0.414225
vt 0.402314 0.414365
vt 0.234327 0.606301
vt 0.219286 0.606301
vt 0.941306 0.574659
vt 0.916677 0.570758
vt 0.840138 0.092817
vt 0.837240 0.106189
vt 0.829983 0.106141
vt 0.402752 0.422326
vt 0.233761 0.623778
vt 0.219286 0.623778
vt 0.937227 0.591652
vt 0.913842 0.584053
vt 0.916504 0.572962
vt 0.843037 0.106189
vt 0.853703 0.092817
vt 0.853703 0.106118
vt 0.850294 0.106141
vt 0.840138 0.106208
vt 0.232988 0.641255
vt 0.219286 0.641256
vt 0.930539 0.607798
vt 0.909242 0.596946
vt 0.912823 0.588300
vt 0.855913 0.106104
vt 0.855913 0.092817
vt 0.867321 0.092817
vt 0.864921 0.105925
vt 0.855443 0.106106
vt 0.232027 0.658732
vt 0.219287 0.658732
vt 0.232610 0.648123
vt 0.921408 0.622698
vt 0.902885 0.609240
vt 0.906787 0.602873
vt 0.871688 0.105792
vt 0.871689 0.092817
vt 0.881048 0.092817
vt 0.887464 0.092818
vt 0.887464 0.105281
vt 0.867321 0.105878
vt 0.870775 0.105810
vt 0.923649 0.155646
vt 0.912035 0.155646
vt 0.912034 0.138169
vt 0.924775 0.138169
vt 0.910057 0.635986
vt 0.894790 0.620717
vt 0.898545 0.616321
vt 0.894932 0.092818
vt 0.893444 0.105016
vt 0.922619 0.173123
vt 0.912035 0.173123
vt 0.922619 0.169921
vt 0.896767 0.647335
vt 0.884998 0.631134
vt 0.888299 0.628315
vt 0.903239 0.104583
vt 0.903239 0.092818
vt 0.909021 0.092818
vt 0.919014 0.092818
vt 0.919014 0.103716
vt 0.894932 0.104951
vt 0.901621 0.104655
vt 0.922619 0.190600
vt 0.912035 0.190600
vt 0.881864 0.656464
vt 0.873590 0.640219
vt 0.876303 0.638557
vt 0.775067 0.083999
vt 0.775066 0.073102
vt 0.779408 0.073102
vt 0.778625 0.083770
vt 0.922619 0.208077
vt 0.912035 0.208076
vt 0.865717 0.663149
vt 0.860696 0.647689
vt 0.862853 0.646796
vt 0.790842 0.083684
vt 0.790842 0.073101
vt 0.794024 0.073100
vt 0.793454 0.083684
vt 0.788791 0.083684
vt 0.779938 0.083685
vt 0.779409 0.083719
vt 0.922618 0.225554
vt 0.912034 0.225553
vt 0.848723 0.667225
vt 0.846512 0.653253
vt 0.848278 0.652830
vt 0.806617 0.083683
vt 0.806617 0.073099
vt 0.808951 0.073099
vt 0.808533 0.083683
vt 0.794025 0.083684
vt 0.804358 0.083683
vt 0.922617 0.243031
vt 0.912033 0.243030
vt 0.831299 0.668591
vt 0.831301 0.656637
vt 0.832938 0.656508
vt 0.822718 0.083682
vt 0.822392 0.073099
vt 0.824208 0.073099
vt 0.824209 0.083682
vt 0.808951 0.083683
vt 0.819980 0.083683
vt 0.922616 0.260508
vt 0.912033 0.260507
vt 0.813877 0.667216
vt 0.815401 0.657599
vt 0.817212 0.657742
vt 0.838461 0.083682
vt 0.838167 0.073099
vt 0.839809 0.073099
vt 0.839809 0.083682
vt 0.835663 0.083682
vt 0.822392 0.083682
vt 0.922615 0.277985
vt 0.912031 0.277984
vt 0.796884 0.663132
vt 0.799217 0.655955
vt 0.801486 0.656501
vt 0.854268 0.083683
vt 0.853942 0.073099
vt 0.855758 0.073099
vt 0.855758 0.083683
vt 0.851406 0.083682
vt 0.838167 0.083682
vt 0.923805 0.295462
vt 0.912029 0.295461
vt 0.922615 0.278953
vt 0.780738 0.656440
vt 0.783207 0.651596
vt 0.786148 0.652815
vt 0.869717 0.083683
vt 0.869717 0.073100
vt 0.872051 0.073100
vt 0.871632 0.083683
vt 0.867212 0.083683
vt 0.853942 0.083683
vt 0.924930 0.312939
vt 0.912028 0.312938
vt 0.765838 0.647307
vt 0.767872 0.644506
vt 0.771574 0.646775
vt 0.885492 0.083684
vt 0.885492 0.073100
vt 0.888675 0.073100
vt 0.901267 0.073101
vt 0.901267 0.084391
vt 0.892240 0.083684
vt 0.872050 0.083683
vt 0.883080 0.083684
vt 0.674479 0.684097
vt 0.660616 0.684097
vt 0.660616 0.666620
vt 0.673517 0.666620
vt 0.673958 0.674617
vt 0.752546 0.635958
vt 0.753725 0.634778
vt 0.758122 0.638533
vt 0.905609 0.073101
vt 0.904778 0.084645
vt 0.674507 0.684729
vt 0.665915 0.684729
vt 0.741189 0.622673
vt 0.741269 0.622615
vt 0.746123 0.628292
vt 0.917042 0.085531
vt 0.917042 0.073101
vt 0.922824 0.073101
vt 0.921635 0.085827
vt 0.905608 0.084705
vt 0.914754 0.085365
vt 0.508380 0.682367
vt 0.508241 0.668503
vt 0.508873 0.673803
vt 0.508873 0.682394
vt 0.660605 0.684195
vt 0.500773 0.681948
vt 0.500773 0.668503
vt 0.506609 0.682269
vt 0.922824 0.085904
vt 0.932817 0.073102
vt 0.930689 0.086410
vt 0.508241 0.682360
vt 0.932817 0.086547
vt 0.931205 0.086443
vt 0.946974 0.063103
vt 0.946915 0.066357
vt 0.932587 0.066097
vt 0.932646 0.062843
vt 0.961312 0.062717
vt 0.961242 0.066613
vt 0.953085 0.063213
vt 0.830132 0.256425
vt 0.844068 0.259761
vt 0.839957 0.272438
vt 0.829774 0.268227
vt 0.828326 0.267880
vt 0.918261 0.065836
vt 0.918320 0.062583
vt 0.975656 0.061936
vt 0.975570 0.066868
vt 0.857309 0.265239
vt 0.850530 0.278558
vt 0.841725 0.273168
vt 0.815846 0.255310
vt 0.817196 0.265216
vt 0.815854 0.265112
vt 0.011064 0.618360
vt 0.014316 0.617155
vt 0.014327 0.628176
vt 0.011072 0.628178
vt 0.011059 0.615669
vt 0.014313 0.615666
vt 0.011061 0.616995
vt 0.903934 0.065574
vt 0.903994 0.062321
vt 0.990000 0.061268
vt 0.989896 0.067122
vt 0.869530 0.272720
vt 0.859885 0.286005
vt 0.852755 0.279921
vt 0.011077 0.630092
vt 0.014329 0.630088
vt 0.014340 0.640414
vt 0.011083 0.639291
vt 0.011074 0.629883
vt 0.801562 0.256447
vt 0.804303 0.264212
vt 0.802818 0.264331
vt 0.011049 0.605472
vt 0.014301 0.604221
vt 0.011046 0.602877
vt 0.014300 0.602874
vt 0.011047 0.604078
vt 0.011063 0.617159
vt 0.889606 0.065312
vt 0.889667 0.062059
vt 0.659910 0.058800
vt 0.659910 0.065443
vt 0.645581 0.065443
vt 0.645581 0.059588
vt 0.648436 0.059431
vt 0.880430 0.282023
vt 0.867915 0.294545
vt 0.862593 0.288316
vt 0.010832 0.643025
vt 0.014342 0.643025
vt 0.014344 0.652399
vt 0.010302 0.651266
vt 0.011019 0.640416
vt 0.010851 0.642732
vt 0.011086 0.639471
vt 0.787632 0.259806
vt 0.791411 0.265239
vt 0.789551 0.265689
vt 0.011037 0.592553
vt 0.014290 0.591288
vt 0.011035 0.589800
vt 0.014289 0.589798
vt 0.011036 0.591128
vt 0.011048 0.604224
vt 0.875280 0.065049
vt 0.875341 0.061795
vt 0.674240 0.058166
vt 0.674240 0.065444
vt 0.889739 0.292918
vt 0.874554 0.303954
vt 0.870995 0.298149
vt 0.934389 0.101505
vt 0.938732 0.101507
vt 0.938731 0.109701
vt 0.933995 0.108625
vt 0.010229 0.652399
vt 0.014344 0.655959
vt 0.010028 0.655514
vt 0.774401 0.265308
vt 0.778840 0.268274
vt 0.776431 0.269276
vt 0.011030 0.579602
vt 0.014283 0.578355
vt 0.011028 0.576443
vt 0.014282 0.576441
vt 0.011029 0.578147
vt 0.011036 0.591289
vt 0.860954 0.064785
vt 0.861013 0.061532
vt 0.688569 0.057702
vt 0.688569 0.065444
vt 0.897228 0.305135
vt 0.879768 0.314033
vt 0.877754 0.309174
vt 0.933674 0.114440
vt 0.938730 0.114440
vt 0.938729 0.121252
vt 0.938727 0.127375
vt 0.933099 0.127373
vt 0.933936 0.109699
vt 0.933710 0.113798
vt 0.010000 0.655959
vt 0.762196 0.272816
vt 0.766900 0.273244
vt 0.763870 0.275108
vt 0.011024 0.566623
vt 0.014277 0.565420
vt 0.011023 0.562813
vt 0.014276 0.562811
vt 0.011023 0.565137
vt 0.011029 0.578357
vt 0.846627 0.064521
vt 0.846686 0.061268
vt 0.702897 0.057419
vt 0.702897 0.065445
vt 0.902713 0.318374
vt 0.883541 0.324604
vt 0.882705 0.321122
vt 0.938726 0.132634
vt 0.938725 0.140308
vt 0.932678 0.140308
vt 0.932713 0.139225
vt 0.751325 0.282150
vt 0.755890 0.280026
vt 0.752294 0.283114
vt 0.011021 0.552487
vt 0.014274 0.552487
vt 0.011022 0.561687
vt 0.011020 0.548928
vt 0.014274 0.548928
vt 0.011020 0.552100
vt 0.011023 0.565422
vt 0.013254 0.518732
vt 0.010000 0.518732
vt 0.010000 0.504403
vt 0.013512 0.504403
vt 0.013254 0.509112
vt 0.717227 0.057324
vt 0.717227 0.065445
vt 0.906059 0.332308
vt 0.885867 0.335506
vt 0.885725 0.333698
vt 0.938725 0.143889
vt 0.932618 0.143344
vt 0.742047 0.293070
vt 0.746077 0.288451
vt 0.742113 0.293118
vt 0.011019 0.539554
vt 0.014273 0.539554
vt 0.011020 0.547907
vt 0.011019 0.534814
vt 0.014273 0.534814
vt 0.011019 0.539037
vt 0.449861 0.544708
vt 0.446365 0.544366
vt 0.451690 0.544366
vt 0.450116 0.545161
vt 0.731557 0.057419
vt 0.731557 0.065445
vt 0.907183 0.346592
vt 0.886739 0.346592
vt 0.932421 0.153242
vt 0.938724 0.153242
vt 0.938724 0.155055
vt 0.938724 0.166175
vt 0.932335 0.166175
vt 0.932607 0.143889
vt 0.932450 0.151799
vt 0.433944 0.550323
vt 0.439268 0.550282
vt 0.439268 0.550363
vt 0.011019 0.526620
vt 0.014273 0.526620
vt 0.011019 0.533920
vt 0.105957 0.531778
vt 0.107235 0.530563
vt 0.112535 0.531082
vt 0.112535 0.537205
vt 0.109281 0.537205
vt 0.109281 0.535689
vt 0.745886 0.057702
vt 0.745886 0.065445
vt 0.906058 0.360879
vt 0.885866 0.357679
vt 0.932346 0.167908
vt 0.760214 0.058166
vt 0.760214 0.065444
vt 0.746463 0.057721
vt 0.902712 0.374813
vt 0.883540 0.368581
vt 0.885724 0.359487
vt 0.938724 0.177297
vt 0.932409 0.177297
vt 0.774544 0.058800
vt 0.774544 0.065443
vt 0.897227 0.388052
vt 0.879766 0.379152
vt 0.882704 0.372063
vt 0.932421 0.179110
vt 0.938724 0.179110
vt 0.938725 0.188463
vt 0.932578 0.187038
vt 0.932419 0.178830
vt 0.788873 0.059588
vt 0.788873 0.065443
vt 0.786019 0.059431
vt 0.889737 0.400269
vt 0.874552 0.389232
vt 0.877753 0.384011
vt 0.932678 0.192044
vt 0.938725 0.192043
vt 0.938726 0.199716
vt 0.932891 0.198584
vt 0.932794 0.195595
vt 0.932713 0.193127
vt 0.932607 0.188463
vt 0.932667 0.191503
vt 0.937810 0.253061
vt 0.932879 0.253061
vt 0.932877 0.238732
vt 0.938732 0.238732
vt 0.938215 0.246761
vt 0.880428 0.411163
vt 0.867913 0.398643
vt 0.870993 0.395038
vt 0.933099 0.204977
vt 0.938727 0.204976
vt 0.938728 0.211100
vt 0.938730 0.217910
vt 0.933674 0.217912
vt 0.932928 0.199718
vt 0.933074 0.204215
vt 0.936775 0.267390
vt 0.932879 0.267391
vt 0.869530 0.420467
vt 0.859883 0.407183
vt 0.862590 0.404872
vt 0.938731 0.222651
vt 0.933901 0.222023
vt 0.936133 0.281720
vt 0.932880 0.281720
vt 0.936133 0.275608
vt 0.857309 0.427951
vt 0.850527 0.414632
vt 0.852753 0.413269
vt 0.242276 0.522746
vt 0.246620 0.522746
vt 0.246620 0.526307
vt 0.242477 0.525871
vt 0.933936 0.222651
vt 0.938732 0.230845
vt 0.934331 0.229812
vt 0.936135 0.296049
vt 0.932880 0.296049
vt 0.844068 0.433430
vt 0.839954 0.420755
vt 0.841723 0.420023
vt 0.243107 0.535681
vt 0.246618 0.535682
vt 0.246616 0.538291
vt 0.243274 0.538002
vt 0.242505 0.526307
vt 0.243039 0.534613
vt 0.934388 0.230845
vt 0.936136 0.310378
vt 0.932882 0.310378
vt 0.830132 0.436769
vt 0.828323 0.425315
vt 0.829771 0.424967
vt 0.243349 0.548612
vt 0.246603 0.548617
vt 0.246599 0.550531
vt 0.243347 0.550316
vt 0.243351 0.547486
vt 0.243358 0.541616
vt 0.243360 0.539235
vt 0.243293 0.538290
vt 0.936138 0.324707
vt 0.932883 0.324707
vt 0.815846 0.437887
vt 0.815851 0.428085
vt 0.817194 0.427981
vt 0.243318 0.561707
vt 0.246574 0.561553
vt 0.246569 0.563043
vt 0.243315 0.563035
vt 0.243343 0.550526
vt 0.243324 0.560344
vt 0.936138 0.339036
vt 0.932885 0.339036
vt 0.801562 0.436756
vt 0.802814 0.428872
vt 0.804299 0.428989
vt 0.243283 0.574625
vt 0.246539 0.574488
vt 0.246534 0.575833
vt 0.243280 0.575825
vt 0.243289 0.573231
vt 0.243322 0.561545
vt 0.936139 0.353365
vt 0.932885 0.353365
vt 0.787630 0.433403
vt 0.789545 0.427520
vt 0.791406 0.427967
vt 0.243244 0.587574
vt 0.246500 0.587421
vt 0.246495 0.588910
vt 0.243240 0.588901
vt 0.243250 0.586149
vt 0.243286 0.574478
vt 0.936141 0.367694
vt 0.932887 0.367694
vt 0.774395 0.427911
vt 0.776421 0.423940
vt 0.778832 0.424940
vt 0.243208 0.600346
vt 0.246462 0.600354
vt 0.246456 0.602268
vt 0.243203 0.602050
vt 0.243212 0.599098
vt 0.243246 0.587411
vt 0.936143 0.382023
vt 0.932888 0.382024
vt 0.936141 0.373994
vt 0.762183 0.420414
vt 0.763854 0.418119
vt 0.766887 0.419981
vt 0.243172 0.613279
vt 0.246426 0.613288
vt 0.246419 0.615897
vt 0.243166 0.615604
vt 0.243201 0.602260
vt 0.243175 0.612078
vt 0.097289 0.532558
vt 0.097287 0.536072
vt 0.082958 0.536062
vt 0.082960 0.532809
vt 0.092580 0.532814
vt 0.751299 0.411094
vt 0.752267 0.410128
vt 0.755868 0.413211
vt 0.243138 0.626213
vt 0.246392 0.626221
vt 0.246383 0.629782
vt 0.243130 0.629385
vt 0.243164 0.615889
vt 0.243141 0.625087
vt 0.097807 0.532535
vt 0.097807 0.535966
vt 0.742012 0.400182
vt 0.742078 0.400134
vt 0.746046 0.404797
vt 0.243106 0.639148
vt 0.246360 0.639156
vt 0.246348 0.643897
vt 0.246328 0.652089
vt 0.243074 0.652081
vt 0.243108 0.638126
vt 0.243120 0.633209
vt 0.243129 0.629774
vt 0.246313 0.658212
vt 0.246207 0.658732
vt 0.242776 0.658723
vt 0.243070 0.653598
vt 0.741736 0.399729
vt 0.405141 0.957274
vt 0.405107 0.989790
vt 0.367617 0.989801
vt 0.367671 0.957285
vt 0.367690 0.943979
vt 0.405162 0.943966
vt 0.438046 0.957276
vt 0.438009 0.989785
vt 0.050646 0.289290
vt 0.050316 0.251826
vt 0.080319 0.251557
vt 0.080064 0.289236
vt 0.188709 0.989900
vt 0.188848 0.957373
vt 0.188890 0.944049
vt 0.367713 0.928531
vt 0.405183 0.928513
vt 0.438060 0.943961
vt 0.472276 0.957276
vt 0.472245 0.989785
vt 0.021831 0.252690
vt 0.022401 0.218714
vt 0.050006 0.225337
vt 0.049454 0.245267
vt 0.053864 0.245176
vt 0.080489 0.244950
vt 0.114317 0.289917
vt 0.115355 0.252762
vt 0.146056 0.254574
vt 0.145571 0.292755
vt 0.054256 0.299589
vt 0.080106 0.299598
vt 0.022608 0.474854
vt 0.021831 0.291435
vt 0.029522 0.300596
vt 0.030826 0.466175
vt 0.147591 0.989924
vt 0.147820 0.957375
vt 0.147866 0.944035
vt 0.188914 0.928575
vt 0.367743 0.895382
vt 0.405211 0.895365
vt 0.405200 0.912766
vt 0.367731 0.912782
vt 0.438075 0.928502
vt 0.472288 0.943959
vt 0.663215 0.717182
vt 0.645530 0.694048
vt 0.645529 0.675945
vt 0.662092 0.703916
vt 0.051169 0.218757
vt 0.051915 0.184359
vt 0.081563 0.184894
vt 0.080863 0.219422
vt 0.054446 0.225412
vt 0.080719 0.226038
vt 0.055281 0.530563
vt 0.075070 0.530563
vt 0.075070 0.539345
vt 0.055281 0.539345
vt 0.111854 0.246108
vt 0.118852 0.246308
vt 0.789951 0.763153
vt 0.789951 0.737200
vt 0.798732 0.737200
vt 0.798732 0.763153
vt 0.110583 0.300058
vt 0.137628 0.301594
vt 0.646429 0.335658
vt 0.646605 0.368165
vt 0.609233 0.368149
vt 0.608983 0.335645
vt 0.055385 0.467745
vt 0.081073 0.468145
vt 0.081112 0.478511
vt 0.051866 0.477987
vt 0.051345 0.519168
vt 0.081207 0.519844
vt 0.116630 0.990000
vt 0.116999 0.957334
vt 0.117021 0.943971
vt 0.147894 0.928548
vt 0.188954 0.895391
vt 0.188938 0.912807
vt 0.405218 0.775573
vt 0.405216 0.880283
vt 0.367747 0.880302
vt 0.367743 0.775579
vt 0.438097 0.895347
vt 0.438088 0.912748
vt 0.472304 0.928496
vt 0.664520 0.732581
vt 0.645531 0.715063
vt 0.617205 0.675947
vt 0.617206 0.694050
vt 0.587922 0.694052
vt 0.587920 0.675949
vt 0.146618 0.221344
vt 0.115494 0.220187
vt 0.116175 0.185681
vt 0.147285 0.186690
vt 0.111876 0.226711
vt 0.118887 0.226783
vt 0.839736 0.685260
vt 0.839736 0.676479
vt 0.865688 0.676479
vt 0.865688 0.685260
vt 0.786496 0.495141
vt 0.786496 0.475352
vt 0.812449 0.475352
vt 0.812449 0.495141
vt 0.789951 0.800704
vt 0.789951 0.793888
vt 0.798732 0.793888
vt 0.798732 0.800704
vt 0.146664 0.475465
vt 0.138720 0.466574
vt 0.111621 0.467911
vt 0.679287 0.335620
vt 0.679435 0.368127
vt 0.646675 0.381502
vt 0.609374 0.381486
vt 0.430375 0.368318
vt 0.429933 0.335828
vt 0.115432 0.478187
vt 0.147084 0.517379
vt 0.116163 0.519027
vt 0.052457 0.521384
vt 0.081190 0.522054
vt 0.022586 0.549038
vt 0.022530 0.517768
vt 0.043969 0.526168
vt 0.044280 0.542119
vt 0.039454 0.956984
vt 0.040559 0.989142
vt 0.011105 0.989790
vt 0.010000 0.957162
vt 0.010125 0.943727
vt 0.039721 0.943705
vt 0.117039 0.928483
vt 0.147935 0.895360
vt 0.147919 0.912777
vt 0.188954 0.880305
vt 0.188943 0.775594
vt 0.367732 0.757699
vt 0.405208 0.757695
vt 0.438105 0.775556
vt 0.438104 0.880266
vt 0.472319 0.895330
vt 0.472311 0.912737
vt 0.667319 0.765616
vt 0.645532 0.760142
vt 0.645532 0.736483
vt 0.665850 0.748277
vt 0.617207 0.715065
vt 0.587922 0.715066
vt 0.553729 0.675949
vt 0.553730 0.694052
vt 0.523065 0.694052
vt 0.523064 0.675949
vt 0.713491 0.335527
vt 0.713623 0.368033
vt 0.896423 0.685260
vt 0.896423 0.676479
vt 0.903239 0.676479
vt 0.903239 0.685260
vt 0.850000 0.495141
vt 0.843184 0.495141
vt 0.843184 0.475352
vt 0.850000 0.475352
vt 0.682466 0.990000
vt 0.662676 0.990000
vt 0.662676 0.981219
vt 0.682466 0.981219
vt 0.679448 0.381452
vt 0.646496 0.396994
vt 0.609124 0.397048
vt 0.430618 0.381605
vt 0.389454 0.368293
vt 0.389012 0.335819
vt 0.114940 0.521240
vt 0.125684 0.525994
vt 0.885076 0.528715
vt 0.897324 0.528715
vt 0.897324 0.556887
vt 0.885076 0.556887
vt 0.081134 0.549587
vt 0.051336 0.549587
vt 0.052482 0.547390
vt 0.081120 0.547380
vt 0.228873 0.262661
vt 0.228873 0.246620
vt 0.241122 0.246620
vt 0.241122 0.262661
vt 0.052767 0.657912
vt 0.052361 0.628010
vt 0.081919 0.627760
vt 0.082241 0.657604
vt 0.682988 0.703930
vt 0.699548 0.675964
vt 0.711170 0.708529
vt 0.681867 0.717196
vt 0.010165 0.928276
vt 0.039707 0.928248
vt 0.117072 0.895307
vt 0.117053 0.912714
vt 0.147935 0.880282
vt 0.147926 0.775585
vt 0.188930 0.757722
vt 0.367698 0.726354
vt 0.405178 0.726354
vt 0.405197 0.742871
vt 0.367719 0.742874
vt 0.438096 0.757679
vt 0.472325 0.775529
vt 0.472325 0.880248
vt 0.668592 0.885316
vt 0.645533 0.885316
vt 0.645532 0.780631
vt 0.668591 0.780630
vt 0.617208 0.736485
vt 0.617208 0.760144
vt 0.587923 0.760144
vt 0.587923 0.736485
vt 0.553730 0.715066
vt 0.523065 0.715066
vt 0.505380 0.717185
vt 0.506505 0.703919
vt 0.713655 0.381357
vt 0.679358 0.396930
vt 0.608990 0.412883
vt 0.529835 0.413133
vt 0.524719 0.408612
vt 0.509911 0.399394
vt 0.493808 0.392555
vt 0.476838 0.388211
vt 0.459399 0.386935
vt 0.441999 0.388326
vt 0.430756 0.391104
vt 0.646365 0.412801
vt 0.646217 0.430235
vt 0.608813 0.430349
vt 0.389755 0.381614
vt 0.358757 0.368322
vt 0.358162 0.335865
vt 0.147276 0.548993
vt 0.125343 0.542125
vt 0.885076 0.589928
vt 0.897324 0.589928
vt 0.897324 0.601549
vt 0.885076 0.601549
vt 0.113144 0.052518
vt 0.113144 0.079014
vt 0.084969 0.079014
vt 0.084969 0.052518
vt 0.115926 0.549438
vt 0.114720 0.547239
vt 0.683084 0.197741
vt 0.654912 0.197741
vt 0.654912 0.185493
vt 0.683084 0.185493
vt 0.116659 0.657358
vt 0.116441 0.627469
vt 0.147429 0.627536
vt 0.147560 0.657318
vt 0.730719 0.692481
vt 0.727868 0.675971
vt 0.757149 0.675971
vt 0.756585 0.687953
vt 0.694535 0.729137
vt 0.680560 0.732592
vt 0.010136 0.895203
vt 0.039715 0.895111
vt 0.039718 0.912497
vt 0.010167 0.912568
vt 0.117085 0.880236
vt 0.117082 0.775546
vt 0.147908 0.757719
vt 0.188888 0.726375
vt 0.188919 0.742895
vt 0.405133 0.698538
vt 0.405152 0.710199
vt 0.367673 0.710198
vt 0.367650 0.698538
vt 0.438067 0.726344
vt 0.438083 0.742856
vt 0.472319 0.757649
vt 0.667083 0.903116
vt 0.645532 0.909606
vt 0.617208 0.780631
vt 0.617209 0.885316
vt 0.587924 0.885316
vt 0.587923 0.780631
vt 0.523065 0.736485
vt 0.553731 0.736486
vt 0.553731 0.760144
vt 0.523066 0.760144
vt 0.504076 0.732585
vt 0.713616 0.396822
vt 0.679137 0.430134
vt 0.679255 0.412720
vt 0.390136 0.412085
vt 0.425134 0.392516
vt 0.409061 0.399197
vt 0.394371 0.408341
vt 0.608621 0.445474
vt 0.556223 0.445664
vt 0.548958 0.433429
vt 0.537785 0.420080
vt 0.646080 0.445329
vt 0.645455 0.550182
vt 0.607948 0.550366
vt 0.358978 0.381677
vt 0.282441 0.336163
vt 0.281480 0.368454
vt 0.252023 0.368330
vt 0.252865 0.335352
vt 0.741132 0.668591
vt 0.741132 0.652550
vt 0.753380 0.652550
vt 0.753380 0.668591
vt 0.041549 0.057745
vt 0.051928 0.052518
vt 0.051928 0.079014
vt 0.041549 0.073787
vt 0.727746 0.197741
vt 0.716125 0.197741
vt 0.716125 0.185493
vt 0.727746 0.185493
vt 0.787416 0.692900
vt 0.791340 0.675960
vt 0.822001 0.675946
vt 0.810396 0.708517
vt 0.848266 0.195209
vt 0.848266 0.221471
vt 0.765001 0.221471
vt 0.765001 0.195209
vt 0.183283 0.197331
vt 0.183283 0.170844
vt 0.266547 0.170844
vt 0.266547 0.197331
vt 0.679224 0.748286
vt 0.689936 0.755278
vt 0.695250 0.784353
vt 0.677751 0.765623
vt 0.039660 0.775479
vt 0.039660 0.880061
vt 0.010082 0.880152
vt 0.010080 0.775428
vt 0.117053 0.757690
vt 0.147900 0.742898
vt 0.147870 0.726391
vt 0.188855 0.710213
vt 0.188810 0.698553
vt 0.367591 0.666053
vt 0.405078 0.666050
vt 0.438025 0.698531
vt 0.438044 0.710192
vt 0.472287 0.726317
vt 0.472304 0.742829
vt 0.664439 0.934323
vt 0.645531 0.952191
vt 0.645532 0.929747
vt 0.665833 0.917875
vt 0.617208 0.909606
vt 0.587923 0.909606
vt 0.553731 0.780633
vt 0.553731 0.885316
vt 0.523066 0.885314
vt 0.523066 0.780631
vt 0.501279 0.765618
vt 0.502747 0.748280
vt 0.713546 0.412599
vt 0.713453 0.430006
vt 0.679034 0.445223
vt 0.678419 0.550029
vt 0.389258 0.412881
vt 0.359388 0.412894
vt 0.359139 0.397164
vt 0.556537 0.550635
vt 0.557053 0.549805
vt 0.563786 0.533545
vt 0.567953 0.516415
vt 0.569609 0.498862
vt 0.568533 0.481456
vt 0.564526 0.464512
vt 0.557869 0.448397
vt 0.645231 0.568080
vt 0.607728 0.568235
vt 0.281752 0.381726
vt 0.252167 0.381763
vt 0.838571 0.703912
vt 0.839699 0.717179
vt 0.848266 0.136197
vt 0.848266 0.163985
vt 0.765001 0.163985
vt 0.765001 0.136197
vt 0.768906 0.585393
vt 0.741836 0.591962
vt 0.741836 0.565699
vt 0.768946 0.569610
vt 0.183283 0.144298
vt 0.183283 0.114739
vt 0.266547 0.114739
vt 0.266547 0.144298
vt 0.786762 0.610480
vt 0.771711 0.633928
vt 0.754276 0.613991
vt 0.776383 0.598481
vt 0.676479 0.780635
vt 0.711160 0.804746
vt 0.717368 0.868047
vt 0.676479 0.885312
vt 0.010131 0.757608
vt 0.039715 0.757632
vt 0.117036 0.742889
vt 0.117008 0.726400
vt 0.147850 0.710227
vt 0.147798 0.698558
vt 0.188709 0.666075
vt 0.337952 0.233568
vt 0.375443 0.233569
vt 0.375449 0.262855
vt 0.337956 0.262855
vt 0.437974 0.666037
vt 0.472248 0.698506
vt 0.472264 0.710168
vt 0.662092 0.962030
vt 0.645530 0.990000
vt 0.645530 0.974142
vt 0.663076 0.950410
vt 0.617208 0.929746
vt 0.617207 0.952191
vt 0.587922 0.952189
vt 0.587923 0.929746
vt 0.553731 0.909606
vt 0.523066 0.909604
vt 0.500007 0.885314
vt 0.500007 0.780631
vt 0.713331 0.445102
vt 0.712726 0.549883
vt 0.678240 0.567919
vt 0.359814 0.445300
vt 0.359651 0.430248
vt 0.381302 0.419815
vt 0.370170 0.433108
vt 0.362896 0.445304
vt 0.281938 0.397172
vt 0.252337 0.397318
vt 0.607506 0.582988
vt 0.529547 0.583410
vt 0.535918 0.578282
vt 0.547667 0.564883
vt 0.645228 0.582816
vt 0.645378 0.599231
vt 0.607651 0.599349
vt 0.841009 0.732579
vt 0.827033 0.729124
vt 0.321339 0.197330
vt 0.321339 0.170844
vt 0.404604 0.170844
vt 0.404604 0.197330
vt 0.775669 0.550933
vt 0.752034 0.536188
vt 0.771386 0.516248
vt 0.787760 0.538126
vt 0.051105 0.101975
vt 0.130282 0.101975
vt 0.130282 0.117758
vt 0.051105 0.117758
vt 0.463311 0.138462
vt 0.463311 0.112200
vt 0.546575 0.112200
vt 0.546575 0.138462
vt 0.819746 0.615647
vt 0.826231 0.642734
vt 0.796672 0.642958
vt 0.801721 0.615791
vt 0.966247 0.745795
vt 0.966247 0.666620
vt 0.982113 0.666620
vt 0.982113 0.745795
vt 0.733768 0.856529
vt 0.730716 0.820798
vt 0.756585 0.825329
vt 0.757155 0.849941
vt 0.701768 0.890870
vt 0.677988 0.903111
vt 0.010146 0.726340
vt 0.039707 0.726332
vt 0.039715 0.742827
vt 0.010155 0.742839
vt 0.117016 0.710255
vt 0.116975 0.698575
vt 0.147636 0.666094
vt 0.554314 0.233584
vt 0.554323 0.262864
vt 0.337952 0.327719
vt 0.337956 0.297050
vt 0.375449 0.297048
vt 0.375443 0.327715
vt 0.305052 0.233569
vt 0.305052 0.262856
vt 0.472195 0.666006
vt 0.617206 0.974142
vt 0.617206 0.990000
vt 0.587921 0.989998
vt 0.587922 0.974141
vt 0.523065 0.929744
vt 0.553730 0.929746
vt 0.553730 0.952189
vt 0.523065 0.952188
vt 0.501515 0.903114
vt 0.712569 0.567764
vt 0.678349 0.599128
vt 0.678275 0.582672
vt 0.359840 0.451441
vt 0.361230 0.448032
vt 0.252516 0.413065
vt 0.282140 0.412923
vt 0.282348 0.430319
vt 0.252692 0.430406
vt 0.518797 0.581754
vt 0.527583 0.585250
vt 0.526462 0.586132
vt 0.521811 0.587831
vt 0.520690 0.588597
vt 0.520811 0.588497
vt 0.521205 0.588092
vt 0.520936 0.588641
vt 0.607872 0.615341
vt 0.432005 0.615664
vt 0.432313 0.603259
vt 0.432819 0.603494
vt 0.446410 0.606832
vt 0.460392 0.608033
vt 0.474076 0.606815
vt 0.486063 0.601128
vt 0.498149 0.595733
vt 0.509940 0.588567
vt 0.645650 0.615317
vt 0.645878 0.626996
vt 0.608644 0.627124
vt 0.831627 0.755267
vt 0.842338 0.748277
vt 0.843809 0.765616
vt 0.826306 0.784345
vt 0.321339 0.144299
vt 0.321342 0.114740
vt 0.404604 0.114740
vt 0.404604 0.144299
vt 0.794558 0.503419
vt 0.801221 0.530464
vt 0.051108 0.137608
vt 0.130282 0.137608
vt 0.130282 0.155221
vt 0.051108 0.155221
vt 0.762385 0.894926
vt 0.785537 0.888827
vt 0.790845 0.903693
vt 0.771279 0.906682
vt 0.463311 0.197474
vt 0.463311 0.169686
vt 0.546575 0.169686
vt 0.546575 0.197474
vt 0.877172 0.589390
vt 0.868250 0.614090
vt 0.845116 0.598577
vt 0.850345 0.583858
vt 0.932347 0.745795
vt 0.932347 0.666620
vt 0.950375 0.666620
vt 0.950375 0.745795
vt 0.784709 0.856930
vt 0.787416 0.820370
vt 0.810399 0.804743
vt 0.804188 0.868047
vt 0.258233 0.081740
vt 0.258233 0.045493
vt 0.282526 0.045493
vt 0.282526 0.081740
vt 0.368609 0.043521
vt 0.368609 0.079768
vt 0.340966 0.079768
vt 0.340966 0.043521
vt 0.679237 0.917868
vt 0.699539 0.910663
vt 0.702957 0.932715
vt 0.680630 0.934314
vt 0.039514 0.698586
vt 0.039687 0.710209
vt 0.010098 0.710101
vt 0.010053 0.698340
vt 0.116669 0.666133
vt 0.595360 0.233588
vt 0.595376 0.262866
vt 0.554304 0.297043
vt 0.554263 0.327700
vt 0.609800 0.659779
vt 0.646352 0.659538
vt 0.305052 0.327721
vt 0.305052 0.297052
vt 0.270819 0.262857
vt 0.270819 0.233569
vt 0.553729 0.974141
vt 0.553729 0.989998
vt 0.523064 0.989997
vt 0.523064 0.974139
vt 0.504158 0.934320
vt 0.502765 0.917873
vt 0.712553 0.582553
vt 0.712594 0.599025
vt 0.678458 0.615234
vt 0.678589 0.626885
vt 0.282457 0.445382
vt 0.283671 0.549954
vt 0.254147 0.550133
vt 0.252865 0.445443
vt 0.521157 0.580590
vt 0.531677 0.572807
vt 0.540274 0.563176
vt 0.543682 0.556720
vt 0.551168 0.559548
vt 0.547087 0.566728
vt 0.544909 0.569072
vt 0.544400 0.569612
vt 0.539185 0.576019
vt 0.537772 0.577604
vt 0.534156 0.579650
vt 0.533259 0.580214
vt 0.527875 0.584863
vt 0.432076 0.627154
vt 0.392334 0.614795
vt 0.393410 0.584975
vt 0.398817 0.588213
vt 0.399470 0.588436
vt 0.399611 0.588504
vt 0.399413 0.588909
vt 0.395248 0.586663
vt 0.394560 0.584416
vt 0.401190 0.581729
vt 0.409999 0.589436
vt 0.420493 0.597380
vt 0.845077 0.780630
vt 0.845071 0.885314
vt 0.821102 0.503406
vt 0.848827 0.513657
vt 0.833089 0.536643
vt 0.816622 0.530669
vt 0.978169 0.390263
vt 0.978169 0.469437
vt 0.962681 0.469437
vt 0.962681 0.390263
vt 0.773738 0.951456
vt 0.767419 0.925430
vt 0.790845 0.923540
vt 0.783807 0.939688
vt 0.197913 0.272053
vt 0.169488 0.270987
vt 0.185270 0.240454
vt 0.218308 0.257576
vt 0.866178 0.532841
vt 0.877606 0.558169
vt 0.850401 0.564187
vt 0.843405 0.548159
vt 0.745797 0.717587
vt 0.745797 0.796761
vt 0.730178 0.796761
vt 0.730178 0.717583
vt 0.310955 0.081740
vt 0.310955 0.045493
vt 0.333380 0.045493
vt 0.333380 0.081740
vt 0.410844 0.043521
vt 0.410844 0.079768
vt 0.388527 0.079768
vt 0.388527 0.043521
vt 0.826614 0.369039
vt 0.837035 0.346226
vt 0.861831 0.365202
vt 0.853781 0.388124
vt 0.681992 0.950400
vt 0.717365 0.953232
vt 0.699532 0.989992
vt 0.682975 0.962020
vt 0.011049 0.665406
vt 0.040672 0.666305
vt 0.626242 0.233593
vt 0.626274 0.262860
vt 0.595328 0.297031
vt 0.595261 0.327700
vt 0.432399 0.659658
vt 0.678849 0.659403
vt 0.270816 0.327721
vt 0.270816 0.297053
vt 0.506505 0.962026
vt 0.505520 0.950405
vt 0.712655 0.615143
vt 0.712723 0.626790
vt 0.363290 0.549837
vt 0.361368 0.549840
vt 0.361342 0.545603
vt 0.362777 0.549013
vt 0.283965 0.567779
vt 0.254374 0.567964
vt 0.546085 0.551862
vt 0.550614 0.539507
vt 0.552869 0.526371
vt 0.552933 0.512824
vt 0.550810 0.499191
vt 0.546575 0.485780
vt 0.540232 0.472914
vt 0.532372 0.461009
vt 0.525011 0.455204
vt 0.542247 0.457657
vt 0.548167 0.465139
vt 0.549634 0.466900
vt 0.550726 0.469480
vt 0.550951 0.470021
vt 0.555176 0.479191
vt 0.556473 0.481275
vt 0.556982 0.483208
vt 0.557088 0.483614
vt 0.559932 0.493804
vt 0.560986 0.496170
vt 0.561041 0.496500
vt 0.561156 0.497970
vt 0.562351 0.508727
vt 0.563027 0.511281
vt 0.563030 0.511578
vt 0.562918 0.512883
vt 0.562399 0.523675
vt 0.562629 0.526282
vt 0.562568 0.526599
vt 0.562197 0.527972
vt 0.560012 0.538287
vt 0.559727 0.540781
vt 0.558930 0.542440
vt 0.558770 0.542796
vt 0.555195 0.552180
vt 0.554554 0.554424
vt 0.391731 0.626651
vt 0.361413 0.615011
vt 0.361874 0.598874
vt 0.361804 0.582515
vt 0.390143 0.582588
vt 0.392513 0.585286
vt 0.395168 0.586619
vt 0.393807 0.586078
vt 0.392631 0.576532
vt 0.398718 0.580659
vt 0.843562 0.903115
vt 0.819781 0.890872
vt 0.947278 0.469437
vt 0.929761 0.469437
vt 0.929761 0.390263
vt 0.947278 0.390263
vt 0.741660 0.956434
vt 0.738835 0.930180
vt 0.755470 0.934377
vt 0.759177 0.956479
vt 0.782958 0.796761
vt 0.765471 0.796761
vt 0.765471 0.717587
vt 0.782958 0.717583
vt 0.443501 0.043521
vt 0.471145 0.043521
vt 0.471145 0.079768
vt 0.443501 0.079768
vt 0.784285 0.415838
vt 0.805825 0.390357
vt 0.832221 0.406652
vt 0.811927 0.416197
vt 0.179991 0.081740
vt 0.155698 0.081740
vt 0.155698 0.045493
vt 0.179991 0.045493
vt 0.778988 0.335582
vt 0.797042 0.318781
vt 0.820924 0.329252
vt 0.804089 0.353215
vt 0.727859 0.989996
vt 0.733762 0.964754
vt 0.757146 0.971345
vt 0.757146 0.989999
vt 0.703673 0.262850
vt 0.703702 0.233553
vt 0.733355 0.233724
vt 0.733233 0.262881
vt 0.626194 0.297025
vt 0.626108 0.327716
vt 0.391552 0.659350
vt 0.712873 0.659288
vt 0.361499 0.567692
vt 0.372112 0.563984
vt 0.383794 0.577397
vt 0.254515 0.582745
vt 0.284119 0.582561
vt 0.284206 0.599043
vt 0.254640 0.599190
vt 0.454454 0.423433
vt 0.475015 0.424109
vt 0.478628 0.424469
vt 0.480428 0.424592
vt 0.480903 0.424637
vt 0.489753 0.426815
vt 0.492309 0.427127
vt 0.495932 0.427697
vt 0.496871 0.427874
vt 0.512041 0.433777
vt 0.517326 0.436962
vt 0.518640 0.437770
vt 0.524559 0.441440
vt 0.526013 0.442220
vt 0.539255 0.453377
vt 0.541674 0.456435
vt 0.542017 0.457176
vt 0.519838 0.452906
vt 0.519251 0.452732
vt 0.522320 0.456674
vt 0.434629 0.454967
vt 0.434606 0.426316
vt 0.448502 0.423325
vt 0.448966 0.423494
vt 0.450818 0.423491
vt 0.361201 0.626745
vt 0.387948 0.582043
vt 0.386443 0.580814
vt 0.383329 0.578269
vt 0.382535 0.577558
vt 0.373044 0.566420
vt 0.368972 0.559013
vt 0.376263 0.556171
vt 0.379825 0.562786
vt 0.388320 0.572958
vt 0.822011 0.910667
vt 0.842313 0.917875
vt 0.840916 0.934322
vt 0.818593 0.932719
vt 0.491062 0.043521
vt 0.513379 0.043521
vt 0.513379 0.079768
vt 0.491062 0.079768
vt 0.750726 0.390812
vt 0.766751 0.362229
vt 0.784434 0.381192
vt 0.766806 0.406286
vt 0.230845 0.081740
vt 0.208419 0.081740
vt 0.208419 0.045493
vt 0.230845 0.045493
vt 0.791340 0.990000
vt 0.784703 0.964356
vt 0.804178 0.953237
vt 0.822004 0.990000
vt 0.704128 0.327728
vt 0.703699 0.297060
vt 0.733297 0.296956
vt 0.733585 0.327541
vt 0.360891 0.659472
vt 0.254675 0.615306
vt 0.284270 0.615173
vt 0.284036 0.626799
vt 0.254605 0.627058
vt 0.461911 0.423156
vt 0.464816 0.423019
vt 0.467708 0.423332
vt 0.532237 0.560882
vt 0.439270 0.560757
vt 0.520940 0.524229
vt 0.521167 0.501186
vt 0.434891 0.461052
vt 0.523457 0.457683
vt 0.528095 0.463343
vt 0.528669 0.464031
vt 0.531350 0.467293
vt 0.531677 0.467693
vt 0.535828 0.474909
vt 0.536337 0.475792
vt 0.537913 0.478535
vt 0.538106 0.478870
vt 0.541373 0.487448
vt 0.541773 0.488497
vt 0.542603 0.490663
vt 0.542705 0.490928
vt 0.542952 0.492102
vt 0.545028 0.501671
vt 0.545386 0.503337
vt 0.545431 0.503541
vt 0.545495 0.504786
vt 0.546216 0.514938
vt 0.546296 0.516263
vt 0.546306 0.516425
vt 0.546171 0.517681
vt 0.545150 0.527908
vt 0.545025 0.529099
vt 0.545008 0.529245
vt 0.544682 0.530448
vt 0.542074 0.540254
vt 0.541735 0.541534
vt 0.541693 0.541690
vt 0.541203 0.542786
vt 0.537362 0.551772
vt 0.536722 0.553350
vt 0.536728 0.553144
vt 0.532173 0.561051
vt 0.390729 0.456117
vt 0.390815 0.451376
vt 0.396024 0.447000
vt 0.397657 0.445813
vt 0.401395 0.442545
vt 0.402308 0.441745
vt 0.408388 0.437888
vt 0.409942 0.437070
vt 0.415509 0.434152
vt 0.416886 0.433387
vt 0.421854 0.431243
vt 0.423136 0.430695
vt 0.430410 0.427658
vt 0.432249 0.426898
vt 0.405745 0.455837
vt 0.408519 0.451929
vt 0.408558 0.452430
vt 0.403948 0.455333
vt 0.390059 0.468258
vt 0.384963 0.472873
vt 0.376385 0.484783
vt 0.370196 0.497789
vt 0.366897 0.511432
vt 0.366570 0.525219
vt 0.368918 0.538621
vt 0.373553 0.551209
vt 0.368476 0.557871
vt 0.367243 0.556205
vt 0.365657 0.554310
vt 0.365260 0.553916
vt 0.364581 0.551559
vt 0.360766 0.542004
vt 0.359946 0.540345
vt 0.359773 0.539963
vt 0.359545 0.537338
vt 0.357242 0.526677
vt 0.356864 0.525236
vt 0.356899 0.524903
vt 0.357197 0.522146
vt 0.356957 0.510770
vt 0.356912 0.509376
vt 0.357066 0.509111
vt 0.357957 0.506417
vt 0.360192 0.495082
vt 0.360494 0.493523
vt 0.360715 0.493255
vt 0.362127 0.490852
vt 0.366756 0.480461
vt 0.367691 0.478600
vt 0.368056 0.478315
vt 0.374216 0.469669
vt 0.375478 0.467617
vt 0.377067 0.465243
vt 0.377554 0.464858
vt 0.386030 0.456367
vt 0.839552 0.950409
vt 0.838568 0.962030
vt 0.255745 0.659661
vt 0.285205 0.658976
vt 0.490573 0.593345
vt 0.437697 0.593382
vt 0.435452 0.592409
vt 0.435407 0.562452
vt 0.531763 0.561685
vt 0.530578 0.563660
vt 0.530424 0.563911
vt 0.525107 0.570196
vt 0.524399 0.571045
vt 0.522407 0.573406
vt 0.522121 0.573745
vt 0.516737 0.578376
vt 0.515936 0.579064
vt 0.512874 0.581697
vt 0.512387 0.582115
vt 0.501413 0.588875
vt 0.421505 0.455609
vt 0.421528 0.478294
vt 0.434433 0.483924
vt 0.435583 0.539125
vt 0.422735 0.545409
vt 0.422953 0.560447
vt 0.396056 0.560921
vt 0.394867 0.558900
vt 0.393147 0.472157
vt 0.395710 0.467881
vt 0.396241 0.466993
vt 0.404663 0.456899
vt 0.396203 0.461967
vt 0.389358 0.452491
vt 0.489574 0.593761
vt 0.486627 0.594474
vt 0.486098 0.594602
vt 0.478423 0.596454
vt 0.477023 0.596795
vt 0.464137 0.597832
vt 0.462410 0.597697
vt 0.453067 0.596958
vt 0.451542 0.596839
vt 0.451263 0.596817
vt 0.443553 0.594972
vt 0.442176 0.594634
vt 0.439225 0.593922
vt 0.438697 0.593797
vt 0.432733 0.591228
vt 0.431691 0.590810
vt 0.427630 0.589003
vt 0.426941 0.588698
vt 0.416021 0.581889
vt 0.412924 0.579194
vt 0.412405 0.578840
vt 0.407017 0.574135
vt 0.406216 0.573494
vt 0.404262 0.571096
vt 0.403990 0.570762
vt 0.398743 0.564406
vt 0.398061 0.563590
vt 0.396869 0.561601
vt 0.396597 0.561671
vt 0.422812 0.568131
vt 0.495118 0.509983
vt 0.495128 0.510288
vt 0.391699 0.553964
vt 0.391091 0.553019
vt 0.390402 0.551460
vt 0.390319 0.551268
vt 0.386376 0.542284
vt 0.385892 0.541185
vt 0.385850 0.541028
vt 0.385511 0.539746
vt 0.382939 0.529887
vt 0.382618 0.528681
vt 0.382605 0.528535
vt 0.382484 0.527342
vt 0.381487 0.517072
vt 0.381359 0.515816
vt 0.381369 0.515654
vt 0.381443 0.514329
vt 0.382070 0.504151
vt 0.382138 0.502906
vt 0.382496 0.501238
vt 0.382548 0.501035
vt 0.384665 0.491440
vt 0.384928 0.490268
vt 0.385783 0.488106
vt 0.385863 0.487833
vt 0.389207 0.479254
vt 0.389604 0.478201
vt 0.391174 0.475444
vt 0.391405 0.475130
vt 0.154535 0.249859
vt 0.154413 0.225102
vt 0.404604 0.088873
vt 0.321339 0.088873
vt 0.914300 0.469437
vt 0.914300 0.390263
vt 0.716042 0.936385
vt 0.728053 0.949095
vt 0.709365 0.902236
vt 0.733335 0.900214
vt 0.728879 0.914084
vt 0.709431 0.917854
vt 0.916536 0.666620
vt 0.916536 0.745795
vt 0.849067 0.630584
vt 0.833713 0.608238
vt 0.266547 0.088873
vt 0.183283 0.088873
vt 0.202949 0.205211
vt 0.220986 0.227471
vt 0.176858 0.205211
vt 0.789951 0.732850
vt 0.798732 0.732850
vt 0.782146 0.475352
vt 0.782146 0.495141
vt 0.835386 0.676479
vt 0.835386 0.685260
vt 0.023354 0.184041
vt 0.305049 0.205242
vt 0.270816 0.205243
vt 0.337949 0.205242
vt 0.375430 0.205242
vt 0.554291 0.205263
vt 0.595315 0.205278
vt 0.626156 0.205302
vt 0.733662 0.205411
vt 0.704109 0.205211
vt 0.135655 0.081740
vt 0.135655 0.045493
vt 0.837206 0.306077
vt 0.817197 0.296195
vt 0.861831 0.345163
vt 0.852120 0.319281
vt 0.238190 0.081740
vt 0.238190 0.045493
vt 0.546575 0.086901
vt 0.463311 0.086901
vt 0.715233 0.796761
vt 0.715233 0.717583
vt 0.727455 0.877584
vt 0.716823 0.889285
vt 0.744365 0.871341
vt 0.747792 0.890214
vt 0.760239 0.871273
vt 0.774068 0.879048
vt 0.130282 0.086901
vt 0.051105 0.086901
vt 0.765004 0.246770
vt 0.848266 0.246770
vt 0.023752 0.628615
vt 0.024225 0.658412
vt 0.645357 0.197741
vt 0.645357 0.185493
vt 0.121140 0.073787
vt 0.121140 0.057745
vt 0.897324 0.519159
vt 0.885076 0.519159
vt 0.538451 0.043521
vt 0.538451 0.079768
vt 0.744319 0.344900
vt 0.742221 0.367226
vt 0.754438 0.318332
vt 0.773272 0.302986
vt 0.792125 0.296192
vt 0.435915 0.079768
vt 0.435915 0.043521
vt 0.935397 0.791522
vt 0.952976 0.791522
vt 0.952976 0.840141
vt 0.935397 0.840141
vt 0.809798 0.552253
vt 0.824366 0.552253
vt 0.824366 0.600873
vt 0.809798 0.600873
vt 0.968310 0.791522
vt 0.968310 0.840141
vt 0.922597 0.941382
vt 0.937338 0.941382
vt 0.937338 0.990000
vt 0.922596 0.990000
vt 0.951411 0.896647
vt 0.934255 0.896647
vt 0.934255 0.848028
vt 0.951411 0.848028
vt 0.790873 0.552253
vt 0.790873 0.600873
vt 0.966338 0.896647
vt 0.966338 0.848028
vt 0.956479 0.941382
vt 0.956479 0.990000
vt 0.023880 0.623525
vt 0.052282 0.623316
vt 0.052380 0.627805
vt 0.023985 0.627988
vt 0.082024 0.627558
vt 0.081965 0.623093
vt 0.116370 0.627264
vt 0.116340 0.622782
vt 0.147126 0.626918
vt 0.147103 0.622473
vt 0.286102 0.335976
vt 0.286336 0.368041
vt 0.281797 0.368076
vt 0.281752 0.336121
vt 0.286291 0.381748
vt 0.281951 0.381768
vt 0.282140 0.397177
vt 0.286547 0.397167
vt 0.282341 0.412956
vt 0.286759 0.412947
vt 0.282550 0.430272
vt 0.286964 0.430263
vt 0.282726 0.447238
vt 0.287156 0.447232
vt 0.288312 0.548150
vt 0.283879 0.548150
vt 0.288610 0.567708
vt 0.284164 0.567715
vt 0.284321 0.582594
vt 0.288780 0.582583
vt 0.284407 0.599033
vt 0.288841 0.599003
vt 0.284472 0.615084
vt 0.288818 0.615021
vt 0.284356 0.627208
vt 0.288895 0.627135
vt 0.284564 0.659235
vt 0.288892 0.659136
vt 0.699118 0.327454
vt 0.699058 0.296993
vt 0.703497 0.296987
vt 0.703513 0.327437
vt 0.703472 0.262952
vt 0.699051 0.262958
vt 0.699058 0.233572
vt 0.703501 0.233574
vt 0.703494 0.205456
vt 0.699096 0.205461
vt 0.039833 0.698178
vt 0.040009 0.666232
vt 0.044377 0.666143
vt 0.044377 0.698174
vt 0.044242 0.710289
vt 0.039889 0.710298
vt 0.039908 0.726339
vt 0.044322 0.726343
vt 0.039916 0.742792
vt 0.044346 0.742797
vt 0.039916 0.757696
vt 0.044340 0.757699
vt 0.039904 0.777284
vt 0.044334 0.777289
vt 0.044332 0.878207
vt 0.039900 0.878200
vt 0.044338 0.895170
vt 0.039916 0.895159
vt 0.039918 0.912461
vt 0.044348 0.912470
vt 0.039908 0.928240
vt 0.044326 0.928230
vt 0.039921 0.943664
vt 0.044274 0.943621
vt 0.039784 0.957355
vt 0.044338 0.957307
vt 0.044250 0.989337
vt 0.039926 0.989373
vt 0.023703 0.163803
vt 0.052313 0.164162
vt 0.082026 0.164719
vt 0.116721 0.165467
vt 0.147778 0.166500
vt 0.733521 0.335444
vt 0.733652 0.367957
vt 0.733662 0.381291
vt 0.733640 0.396759
vt 0.733563 0.412549
vt 0.733479 0.429940
vt 0.733415 0.445027
vt 0.732807 0.549800
vt 0.732663 0.567699
vt 0.732592 0.582503
vt 0.732621 0.598973
vt 0.732672 0.615100
vt 0.732723 0.626744
vt 0.732848 0.659235
vt 0.250780 0.297053
vt 0.250780 0.327721
vt 0.250780 0.262857
vt 0.250780 0.233569
vt 0.250780 0.205243
vt 0.492227 0.665977
vt 0.492280 0.698480
vt 0.492294 0.710145
vt 0.492317 0.726296
vt 0.492329 0.742810
vt 0.492347 0.757630
vt 0.492353 0.775503
vt 0.492357 0.880226
vt 0.492349 0.895316
vt 0.492337 0.912737
vt 0.492333 0.928499
vt 0.492321 0.943963
vt 0.492308 0.957280
vt 0.492280 0.989788
vt 0.052254 0.623114
vt 0.023620 0.622910
vt 0.081857 0.622893
vt 0.116419 0.622582
vt 0.147388 0.621850
vt 0.286659 0.368414
vt 0.285445 0.336185
vt 0.286490 0.381709
vt 0.286749 0.397159
vt 0.286960 0.412911
vt 0.287165 0.430311
vt 0.287457 0.445381
vt 0.354718 0.464200
vt 0.350903 0.481129
vt 0.349913 0.498467
vt 0.351637 0.515931
vt 0.355948 0.532914
vt 0.288665 0.549944
vt 0.288812 0.567769
vt 0.288982 0.582548
vt 0.289043 0.599009
vt 0.289020 0.615107
vt 0.289216 0.626728
vt 0.288245 0.658920
vt 0.698856 0.297067
vt 0.698510 0.327752
vt 0.698849 0.262855
vt 0.698856 0.233550
vt 0.698481 0.205217
vt 0.044721 0.698566
vt 0.043786 0.666436
vt 0.044444 0.710202
vt 0.044524 0.726334
vt 0.044548 0.742832
vt 0.044540 0.757636
vt 0.044577 0.775485
vt 0.044576 0.880069
vt 0.044540 0.895122
vt 0.044548 0.912505
vt 0.044527 0.928235
vt 0.044475 0.943660
vt 0.044659 0.956930
vt 0.043627 0.989112
vt 0.740967 0.195209
vt 0.740967 0.163985
vt 0.740967 0.136197
vt 0.297305 0.197330
vt 0.297305 0.170844
vt 0.297305 0.144299
vt 0.297305 0.114740
vt 0.297305 0.088873
vt 0.439277 0.169687
vt 0.439277 0.197474
vt 0.439277 0.138462
vt 0.439277 0.112200
vt 0.439277 0.086902
vt 0.290582 0.088873
vt 0.290581 0.114739
vt 0.290581 0.144298
vt 0.290581 0.170844
vt 0.290581 0.197331
vt 0.740967 0.246769
vt 0.740967 0.221471
vt 0.155916 0.170844
vt 0.155916 0.197331
vt 0.155916 0.144298
vt 0.155916 0.114739
vt 0.155916 0.088873
vt 0.573944 0.112200
vt 0.573944 0.086902
vt 0.573944 0.138462
vt 0.573944 0.169686
vt 0.573944 0.197474
vt 0.431972 0.114740
vt 0.431972 0.088873
vt 0.431972 0.144299
vt 0.431972 0.170844
vt 0.431972 0.197330
vt 0.875634 0.163985
vt 0.875634 0.136197
vt 0.875634 0.195209
vt 0.875634 0.221471
vt 0.875634 0.246770
vt 0.901875 0.962990
vt 0.901217 0.945424
vt 0.914005 0.938499
vt 0.915070 0.966924
vt 0.893444 0.974868
vt 0.900593 0.987322
vt 0.888700 0.936564
vt 0.892877 0.923546
vt 0.873959 0.936493
vt 0.868118 0.923424
vt 0.861264 0.965745
vt 0.874592 0.976546
vt 0.870486 0.990000
vt 0.848226 0.971959
vt 0.861264 0.950818
vt 0.848226 0.945872
vt 0.156800 0.473380
vt 0.185245 0.473380
vt 0.185245 0.659021
vt 0.156800 0.659021
vt 0.178929 0.465781
vt 0.153919 0.465781
vt 0.153919 0.280141
vt 0.178929 0.280141
vt 0.211127 0.473380
vt 0.211127 0.659021
vt 0.854406 0.706056
vt 0.879160 0.706056
vt 0.879160 0.891697
vt 0.854406 0.891697
vt 0.610955 0.197612
vt 0.582299 0.197612
vt 0.582299 0.011972
vt 0.610955 0.011972
vt 0.209155 0.465781
vt 0.209155 0.280141
vt 0.637042 0.197612
vt 0.637042 0.011972
vt 0.909155 0.706056
vt 0.909155 0.891697
# 2191 texture coordinates

vn 0.000000 1.000000 0.000000
vn 0.000000 1.000000 0.000000
vn 0.000000 1.000000 0.000000
vn 0.000000 1.000000 0.000000
vn -0.000000 -0.409633 0.912251
vn -0.000000 -0.409633 0.912251
vn -0.000000 -0.409633 0.912251
vn -0.000000 -0.409633 0.912251
vn -0.000000 -0.409633 0.912251
vn 1.000000 0.000000 0.000000
vn 1.000000 0.000000 0.000000
vn 1.000000 0.000000 0.000000
vn 1.000000 0.000000 0.000000
vn -0.000000 0.415491 -0.909598
vn -0.000000 0.415491 -0.909598
vn -0.000000 0.415491 -0.909598
vn -0.000000 0.415491 -0.909598
vn -0.000000 0.415491 -0.909598
vn 0.000000 -1.000000 0.000000
vn 0.000000 -1.000000 0.000000
vn 0.000000 -1.000000 0.000000
vn 0.000000 -1.000000 0.000000
vn 1.000000 0.000000 0.000000
vn 1.000000 0.000000 0.000000
vn 0.000000 1.000000 0.000000
vn 0.000000 1.000000 0.000000
vn 0.000000 1.000000 0.000000
vn 0.000000 1.000000 0.000000
vn 0.000001 -0.409633 -0.912251
vn 0.000001 -0.409633 -0.912251
vn 0.000001 -0.409633 -0.912251
vn 0.000001 -0.409633 -0.912251
vn 0.000001 -0.409633 -0.912251
vn 0.000001 -0.409633 -0.912251
vn 1.000000 0.000000 0.000000
vn 1.000000 0.000000 0.000000
vn 0.000000 0.415491 0.909597
vn 0.000000 0.415491 0.909597
vn 0.000000 0.415491 0.909597
vn 0.000000 0.415491 0.909597
vn 0.000000 0.415491 0.909597
vn 0.000000 1.000000 0.000000
vn 0.000000 1.000000 0.000000
vn 0.000000 1.000000 0.000000
vn 0.000000 1.000000 0.000000
vn 0.000000 1.000000 0.000000
vn 0.000001 0.951058 0.309013
vn 0.000001 0.951058 0.309013
vn 0.000000 0.987689 0.156430
vn 0.000000 0.987689 0.156430
vn 0.000000 0.891006 0.453991
vn 0.000000 0.891006 0.453991
vn 0.000002 0.923878 0.382687
vn 1.000000 0.000000 0.000000
vn 1.000000 0.000000 0.000000
vn 1.000000 0.000000 0.000000
vn 1.000000 0.000000 0.000000
vn 1.000000 0.000000 0.000000
vn 0.000000 1.000000 -0.000000
vn 0.000000 1.000000 -0.000000
vn -0.000001 0.809018 0.587784
vn -0.000001 0.809018 0.587784
vn -0.000001 0.852642 0.522496
vn 1.000000 0.000000 0.000000
vn 1.000000 0.000000 0.000000
vn 1.000000 0.000000 0.000000
vn 1.000000 0.000000 0.000000
vn 1.000000 0.000000 0.000000
vn 1.000000 0.000000 0.000000
vn -0.000002 -0.923887 -0.382665
vn -0.000002 -0.951052 -0.309031
vn -0.000005 -0.923886 -0.382669
vn -0.000005 -0.923886 -0.382669
vn -0.000004 -0.972369 -0.233448
vn -0.000004 -0.972369 -0.233448
vn -0.000001 -0.972358 -0.233495
vn 0.000000 0.987688 -0.156435
vn 0.000000 0.987688 -0.156435
vn 0.000000 0.707107 0.707107
vn 0.000000 0.707107 0.707107
vn 1.000000 0.000000 0.000000
vn 1.000000 0.000000 0.000000
vn 1.000000 0.000000 0.000000
vn 0.000001 -0.890955 -0.454093
vn -0.000001 -0.902578 -0.430527
vn 0.000001 -0.852639 -0.522501
vn 0.000001 -0.852649 -0.522485
vn -0.000003 -0.923841 -0.382776
vn 1.000000 0.000000 0.000000
vn 1.000000 0.000000 0.000000
vn 1.000000 0.000000 0.000000
vn -0.000003 -0.972374 -0.233429
vn -0.000001 -0.987694 -0.156397
vn 0.000002 -0.996918 -0.078447
vn 0.000002 -0.996918 -0.078447
vn 0.000001 -0.996922 -0.078400
vn 0.000000 -0.951047 -0.309046
vn 0.000000 0.951057 -0.309014
vn 0.000000 0.951057 -0.309014
vn 0.000000 0.587786 0.809017
vn 0.000000 0.587786 0.809017
vn 0.000001 0.649447 0.760407
vn 0.000001 0.649447 0.760407
vn 1.000000 0.000000 0.000000
vn 1.000000 0.000000 0.000000
vn 1.000000 0.000000 0.000000
vn -0.000000 -0.809026 -0.587773
vn 0.000000 -0.824152 -0.566369
vn -0.000001 -0.760410 -0.649443
vn -0.000000 -0.707111 -0.707103
vn -0.000000 -0.707111 -0.707103
vn -0.000001 -0.760410 -0.649443
vn 0.000001 -0.852637 -0.522504
vn 0.000001 -0.852636 -0.522505
vn 1.000000 0.000000 0.000000
vn 1.000000 0.000000 0.000000
vn 1.000000 0.000000 0.000000
vn 0.000001 -0.996917 -0.078469
vn -0.000000 -1.000000 -0.000013
vn -0.000002 -0.996915 0.078491
vn -0.000002 -0.996915 0.078491
vn -0.000001 -0.996919 0.078442
vn 0.000000 -0.987699 -0.156367
vn 0.000000 0.891006 -0.453992
vn 0.000000 0.891006 -0.453992
vn 0.000001 0.923881 -0.382680
vn 0.000000 0.453989 0.891007
vn 0.000000 0.453989 0.891007
vn 1.000000 0.000000 0.000000
vn 1.000000 0.000000 0.000000
vn 1.000000 0.000000 0.000000
vn -0.000002 -0.649445 -0.760408
vn 0.000000 -0.649446 -0.760408
vn 0.000000 -0.649452 -0.760403
vn 1.000000 0.000000 0.000000
vn 1.000000 0.000000 0.000000
vn 1.000000 0.000000 0.000000
vn -0.000001 -0.996918 0.078456
vn -0.000000 -0.987687 0.156446
vn -0.000003 -0.972369 0.233449
vn -0.000003 -0.972369 0.233449
vn 0.000000 -0.972363 0.233472
vn 0.000000 -1.000000 -0.000065
vn -0.000000 0.809016 -0.587786
vn -0.000000 0.809016 -0.587786
vn -0.000000 0.852636 -0.522505
vn -0.000000 0.309014 0.951058
vn -0.000000 0.309014 0.951058
vn 1.000000 0.000000 0.000000
vn 1.000000 0.000000 0.000000
vn 1.000000 0.000000 0.000000
vn -0.000000 -0.587745 -0.809046
vn -0.000002 -0.608772 -0.793345
vn 0.000001 -0.522493 -0.852643
vn -0.000000 -0.522501 -0.852639
vn -0.000002 -0.649442 -0.760411
vn -0.000002 -0.649405 -0.760443
vn 1.000000 0.000000 0.000000
vn 1.000000 0.000000 0.000000
vn 1.000000 0.000000 0.000000
vn -0.000003 -0.972364 0.233468
vn -0.000002 -0.951060 0.309005
vn 0.000000 -0.923886 0.382668
vn -0.000000 -0.923883 0.382676
vn 0.000000 -0.923898 0.382638
vn 0.000000 -0.987684 0.156459
vn -0.000000 0.707108 -0.707105
vn -0.000000 0.707108 -0.707105
vn -0.000000 0.156436 0.987688
vn -0.000000 0.156436 0.987688
vn -0.000001 0.233443 0.972370
vn 1.000000 0.000000 0.000000
vn 1.000000 0.000000 0.000000
vn 1.000000 0.000000 0.000000
vn -0.000001 -0.454012 -0.890995
vn 0.000001 -0.477208 -0.878790
vn -0.000000 -0.382680 -0.923881
vn -0.000001 -0.382678 -0.923882
vn 0.000002 -0.522487 -0.852647
vn 0.000002 -0.522507 -0.852635
vn 1.000000 0.000000 0.000000
vn 1.000000 0.000000 0.000000
vn 1.000000 0.000000 0.000000
vn -0.000001 -0.891004 0.453996
vn -0.000001 -0.891004 0.453996
vn -0.000000 -0.923875 0.382695
vn -0.000001 -0.923876 0.382691
vn -0.000001 -0.809034 0.587762
vn -0.000001 -0.793337 0.608782
vn -0.000001 -0.852638 0.522502
vn 0.000000 -0.951056 0.309019
vn -0.000000 0.587762 -0.809034
vn -0.000000 0.587762 -0.809034
vn -0.000000 0.649449 -0.760406
vn -0.000000 0.649449 -0.760406
vn 0.000000 -0.000000 1.000000
vn 0.000000 -0.000000 1.000000
vn 1.000000 0.000000 0.000000
vn 1.000000 0.000000 0.000000
vn 1.000000 0.000000 0.000000
vn -0.000002 -0.309022 -0.951055
vn -0.000001 -0.333856 -0.942624
vn -0.000003 -0.233445 -0.972370
vn -0.000001 -0.130497 -0.991449
vn -0.000002 -0.156436 -0.987688
vn -0.000003 -0.233445 -0.972370
vn 0.000000 -0.382677 -0.923882
vn 0.000000 -0.382690 -0.923877
vn 0.747735 -0.537227 -0.390231
vn 1.000000 0.000000 0.000000
vn 0.747735 -0.537227 -0.390231
vn -0.000001 -0.760404 0.649450
vn -0.000001 -0.760401 0.649454
vn -0.000001 -0.760428 0.649422
vn 0.000000 0.522448 -0.852671
vn 0.000000 0.522448 -0.852671
vn 0.000000 -0.156437 0.987688
vn 0.000000 -0.156437 0.987688
vn 1.000000 0.000000 0.000000
vn 1.000000 0.000000 0.000000
vn 0.000000 -0.078487 -0.996915
vn -0.000001 -0.078482 -0.996916
vn -0.000001 -0.078482 -0.996916
vn 0.118214 -0.803406 -0.583579
vn -0.000000 -0.707112 0.707101
vn -0.000001 -0.688328 0.725400
vn -0.000000 -0.760397 0.649459
vn -0.000001 -0.760395 0.649461
vn -0.000001 -0.649397 0.760450
vn -0.000001 -0.649397 0.760450
vn -0.000000 -0.649467 0.760390
vn -0.000001 -0.649462 0.760394
vn 0.000000 -0.649099 0.760704
vn -0.000001 -0.649215 0.760605
vn -0.000001 -0.649215 0.760605
vn 0.000000 -0.309015 0.951057
vn 0.000000 -0.309015 0.951057
vn 1.000000 0.000000 0.000000
vn 1.000000 0.000000 0.000000
vn -0.000002 0.000000 -1.000000
vn -0.000002 -0.078438 -0.996919
vn -0.000003 -0.078452 -0.996918
vn 0.000000 -0.453989 0.891007
vn 0.000000 -0.453989 0.891007
vn 1.000000 0.000000 0.000000
vn 1.000000 0.000000 0.000000
vn 1.000000 0.000000 0.000000
vn -0.000002 0.078439 -0.996919
vn -0.000001 0.078486 -0.996915
vn -0.000001 0.078486 -0.996915
vn -0.000003 0.078452 -0.996918
vn 0.000000 0.000001 -1.000000
vn 0.000001 -0.587785 0.809017
vn 0.000001 -0.587785 0.809017
vn 1.000000 0.000000 0.000000
vn 1.000000 0.000000 0.000000
vn 1.000000 0.000000 0.000000
vn -0.000001 0.156436 -0.987688
vn -0.000000 0.130500 -0.991448
vn -0.000001 0.233444 -0.972370
vn -0.000001 0.233451 -0.972368
vn 0.000001 0.078491 -0.996915
vn 0.000001 -0.707106 0.707108
vn 0.000001 -0.707106 0.707108
vn 0.000002 -0.649447 0.760407
vn 1.000000 0.000000 0.000000
vn 1.000000 0.000000 0.000000
vn 1.000000 0.000000 0.000000
vn -0.000001 0.309024 -0.951054
vn -0.000001 0.283969 -0.958834
vn -0.000002 0.382677 -0.923882
vn -0.000002 0.453993 -0.891006
vn -0.000002 0.453993 -0.891006
vn -0.000001 0.233443 -0.972370
vn -0.000001 0.233447 -0.972369
vn -0.000000 -0.809018 0.587784
vn -0.000000 -0.809018 0.587784
vn 1.000000 0.000000 0.000000
vn 1.000000 0.000000 0.000000
vn 1.000000 0.000000 0.000000
vn -0.000001 0.522509 -0.852634
vn -0.000001 0.522516 -0.852629
vn -0.000000 -0.891006 0.453991
vn -0.000000 -0.891006 0.453991
vn -0.000000 -0.852643 0.522495
vn 1.000000 0.000000 0.000000
vn 1.000000 0.000000 0.000000
vn 1.000000 0.000000 0.000000
vn -0.000001 0.587792 -0.809012
vn -0.000001 0.566370 -0.824151
vn -0.000002 0.649444 -0.760410
vn -0.000000 0.707104 -0.707110
vn -0.000000 0.707104 -0.707110
vn -0.000001 0.522509 -0.852634
vn -0.000001 0.522506 -0.852635
vn 0.000000 -0.951056 0.309019
vn 0.000000 -0.951056 0.309019
vn 1.000000 0.000000 0.000000
vn 1.000000 0.000000 0.000000
vn 1.000000 0.000000 0.000000
vn -0.000000 0.760403 -0.649452
vn 0.000000 0.760397 -0.649459
vn 0.000000 -0.987688 0.156435
vn 0.000000 -0.987688 0.156435
vn 1.000000 0.000000 0.000000
vn 1.000000 0.000000 0.000000
vn 1.000000 0.000000 0.000000
vn 0.000001 0.809023 -0.587777
vn 0.000000 0.793331 -0.608791
vn 0.000001 0.852627 -0.522520
vn 0.000001 0.852616 -0.522538
vn -0.000001 0.760420 -0.649432
vn -0.000002 0.760414 -0.649438
vn -0.000001 0.760402 -0.649453
vn 0.000000 -1.000000 0.000000
vn 0.000000 -1.000000 0.000000
vn 1.000000 0.000000 0.000000
vn 1.000000 0.000000 0.000000
vn 1.000000 0.000000 0.000000
vn 0.000000 0.890992 -0.454019
vn 0.000001 0.878786 -0.477215
vn -0.000001 0.923862 -0.382726
vn 0.000000 0.923854 -0.382744
vn 0.000001 0.852623 -0.522527
vn 0.000001 0.852644 -0.522492
vn 0.000000 -0.987688 -0.156435
vn 0.000000 -0.987688 -0.156435
vn 1.000000 0.000000 0.000000
vn 1.000000 0.000000 0.000000
vn 1.000000 0.000000 0.000000
vn -0.000001 0.972374 -0.233427
vn -0.000001 0.951061 -0.309002
vn -0.000003 0.972379 -0.233406
vn -0.000003 0.972379 -0.233406
vn -0.000002 0.923866 -0.382717
vn -0.000002 0.923884 -0.382673
vn 0.000000 -0.951057 -0.309014
vn 0.000000 -0.951057 -0.309014
vn 1.000000 0.000000 0.000000
vn 1.000000 0.000000 0.000000
vn 1.000000 0.000000 0.000000
vn -0.000003 0.996898 -0.078709
vn -0.000003 0.987670 -0.156550
vn -0.000002 0.996916 -0.078476
vn -0.000002 0.996916 -0.078476
vn -0.000002 0.972374 -0.233430
vn 0.000000 0.951054 -0.309024
vn -0.000000 -0.891008 -0.453988
vn -0.000000 -0.891008 -0.453988
vn 1.000000 0.000000 0.000000
vn 1.000000 0.000000 0.000000
vn 1.000000 0.000000 0.000000
vn -0.000002 0.996922 0.078406
vn -0.000001 1.000000 -0.000029
vn -0.000002 0.996915 0.078492
vn -0.000002 0.996915 0.078492
vn 0.000001 0.996917 -0.078463
vn 0.000000 0.987655 -0.156648
vn -0.000000 -0.809017 -0.587786
vn -0.000000 -0.809017 -0.587786
vn -0.000000 -0.852641 -0.522497
vn 1.000000 0.000000 0.000000
vn 1.000000 0.000000 0.000000
vn 1.000000 0.000000 0.000000
vn -0.000002 0.987694 0.156401
vn -0.000001 0.991454 0.130457
vn -0.000003 0.972364 0.233469
vn -0.000002 0.972361 0.233482
vn 0.000000 0.996917 0.078458
vn 0.000000 1.000000 -0.000092
vn -0.000000 -0.707105 -0.707109
vn -0.000000 -0.707105 -0.707109
vn 1.000000 0.000000 0.000000
vn 1.000000 0.000000 0.000000
vn 1.000000 0.000000 0.000000
vn -0.000001 0.951050 0.309036
vn -0.000002 0.958830 0.283981
vn -0.000002 0.923875 0.382693
vn -0.000002 0.891013 0.453977
vn -0.000002 0.891013 0.453977
vn -0.000002 0.923875 0.382693
vn -0.000002 0.972354 0.233512
vn -0.000002 0.972367 0.233458
vn -0.000000 -0.587793 -0.809012
vn -0.000000 -0.587793 -0.809012
vn -0.000001 -0.649445 -0.760408
vn 1.000000 0.000000 0.000000
vn 1.000000 0.000000 0.000000
vn 1.000000 0.000000 0.000000
vn -0.000000 0.852645 0.522490
vn -0.000001 0.852649 0.522485
vn 0.000000 -0.522517 -0.852629
vn 0.000000 -0.522517 -0.852629
vn 0.747704 0.537122 -0.390433
vn 0.747704 0.537122 -0.390433
vn 1.000000 0.000000 0.000000
vn -0.000000 0.809016 0.587787
vn 0.000000 0.824152 0.566369
vn -0.000000 0.760397 0.649459
vn -0.000000 0.760391 0.649466
vn 0.000001 0.852637 0.522503
vn 0.000001 0.852642 0.522496
vn -0.000001 0.649606 0.760271
vn -0.000000 0.649530 0.760336
vn -0.000002 0.649453 0.760401
vn -0.000002 0.649453 0.760401
vn 0.118124 0.803217 -0.583857
vn 0.000004 0.707109 0.707104
vn 0.000002 0.725410 0.688317
vn 0.000001 0.649453 0.760402
vn 0.000000 0.760397 0.649459
vn 0.000003 0.760410 0.649443
vn 0.000000 0.649610 0.760268
vn 0.000006 0.760412 0.649441
vn -0.000000 -0.951057 -0.309014
vn -0.000000 -0.951057 -0.309014
vn 0.000000 -0.987689 -0.156429
vn 0.000000 -0.987689 -0.156429
vn -0.000000 -0.891006 -0.453991
vn -0.000000 -0.891006 -0.453991
vn -0.000001 -0.923882 -0.382676
vn 1.000000 0.000000 0.000000
vn 1.000000 0.000000 0.000000
vn 1.000000 0.000000 0.000000
vn 1.000000 0.000000 0.000000
vn 1.000000 0.000000 0.000000
vn 0.000000 -1.000000 0.000005
vn 0.000000 -1.000000 0.000005
vn 0.000000 -0.809016 -0.587786
vn 0.000000 -0.809016 -0.587786
vn 1.000000 0.000000 0.000000
vn 1.000000 0.000000 0.000000
vn 1.000000 0.000000 0.000000
vn 1.000000 0.000000 0.000000
vn 1.000000 0.000000 0.000000
vn 1.000000 0.000000 0.000000
vn 0.000001 0.923876 0.382692
vn -0.000001 0.951041 0.309066
vn 0.000007 0.923888 0.382663
vn 0.000007 0.923888 0.382663
vn -0.000007 0.972377 0.233415
vn -0.000007 0.972377 0.233415
vn -0.000004 0.972348 0.233536
vn 0.000000 -0.987689 0.156429
vn 0.000000 -0.987689 0.156429
vn -0.000001 -0.707109 -0.707104
vn -0.000001 -0.707109 -0.707104
vn 1.000000 0.000000 0.000000
vn 1.000000 0.000000 0.000000
vn 1.000000 0.000000 0.000000
vn 0.000000 0.891092 0.453822
vn 0.000004 0.902667 0.430340
vn -0.000001 0.852630 0.522515
vn -0.000005 0.852638 0.522503
vn 0.000005 0.923962 0.382484
vn 1.000000 0.000000 0.000000
vn 1.000000 0.000000 0.000000
vn 1.000000 0.000000 0.000000
vn -0.000003 0.972372 0.233437
vn 0.000002 0.987710 0.156299
vn 0.000012 0.996918 0.078455
vn 0.000012 0.996918 0.078455
vn 0.000006 0.996938 0.078194
vn 0.000000 0.951015 0.309145
vn 0.000000 -0.951057 0.309017
vn 0.000000 -0.951057 0.309017
vn -0.000001 -0.587785 -0.809018
vn -0.000001 -0.587785 -0.809018
vn -0.000001 -0.649450 -0.760405
vn 1.000000 0.000000 0.000000
vn 1.000000 0.000000 0.000000
vn 1.000000 0.000000 0.000000
vn 0.000004 0.809044 0.587748
vn 0.000005 0.824162 0.566354
vn 0.000006 0.760416 0.649436
vn 0.000004 0.760420 0.649431
vn -0.000002 0.852627 0.522520
vn 0.000003 0.852654 0.522477
vn -0.000010 0.852638 0.522502
vn 1.000000 0.000000 0.000000
vn 1.000000 0.000000 0.000000
vn 1.000000 0.000000 0.000000
vn 0.000006 0.996916 0.078478
vn 0.000005 1.000000 -0.000023
vn 0.000006 0.996921 -0.078410
vn 0.000006 0.996921 -0.078410
vn 0.000004 0.996912 -0.078525
vn 0.000000 0.987732 0.156160
vn 0.000000 -0.891004 0.453995
vn 0.000000 -0.891004 0.453995
vn 0.000000 -0.453990 -0.891007
vn 0.000000 -0.453990 -0.891007
vn 1.000000 0.000000 0.000000
vn 1.000000 0.000000 0.000000
vn 1.000000 0.000000 0.000000
vn -0.000000 0.707170 0.707043
vn 0.000003 0.725449 0.688276
vn 0.000000 0.649448 0.760406
vn -0.000000 0.649453 0.760402
vn 0.000004 0.760423 0.649428
vn 0.000004 0.760462 0.649383
vn 1.000000 0.000000 0.000000
vn 1.000000 0.000000 0.000000
vn 1.000000 0.000000 0.000000
vn 0.000002 0.996918 -0.078450
vn 0.000001 0.987688 -0.156438
vn 0.000004 0.972368 -0.233453
vn 0.000004 0.972368 -0.233453
vn -0.000000 0.972366 -0.233460
vn 0.000000 1.000000 -0.000091
vn 0.000000 -0.809017 0.587786
vn 0.000000 -0.809017 0.587786
vn 0.000000 -0.309018 -0.951056
vn 0.000000 -0.309018 -0.951056
vn 1.000000 0.000000 0.000000
vn 1.000000 0.000000 0.000000
vn 1.000000 0.000000 0.000000
vn -0.000001 0.587789 0.809015
vn -0.000000 0.608798 0.793326
vn -0.000002 0.522502 0.852638
vn 0.000001 0.453991 0.891007
vn 0.000001 0.453991 0.891007
vn 0.000001 0.649443 0.760410
vn 0.000001 0.649444 0.760410
vn 1.000000 0.000000 0.000000
vn 1.000000 0.000000 0.000000
vn 1.000000 0.000000 0.000000
vn 0.000004 0.972376 -0.233419
vn 0.000006 0.951031 -0.309095
vn 0.000008 0.923871 -0.382705
vn 0.000008 0.923876 -0.382693
vn 0.000008 0.923806 -0.382861
vn 0.000000 0.987689 -0.156431
vn 0.000004 -0.707108 0.707105
vn 0.000004 -0.707108 0.707105
vn 0.000000 -0.156435 -0.987688
vn 0.000000 -0.156435 -0.987688
vn 1.000000 0.000000 0.000000
vn 1.000000 0.000000 0.000000
vn 1.000000 0.000000 0.000000
vn 0.000003 0.382680 0.923881
vn 0.000002 0.309027 0.951053
vn 0.000002 0.309027 0.951053
vn 0.000003 0.382680 0.923881
vn 1.000000 0.000000 0.000000
vn 1.000000 0.000000 0.000000
vn 1.000000 0.000000 0.000000
vn 0.000004 0.890962 -0.454079
vn 0.000007 0.878762 -0.477261
vn 0.000004 0.923877 -0.382689
vn 0.000006 0.852621 -0.522529
vn 0.000007 0.852627 -0.522520
vn 0.000006 0.852582 -0.522593
vn 0.000000 0.951008 -0.309168
vn 0.000004 -0.587800 0.809006
vn 0.000004 -0.587800 0.809006
vn 0.000007 -0.649450 0.760404
vn 0.000000 -0.000000 -1.000000
vn 0.000000 -0.000000 -1.000000
vn 1.000000 0.000000 0.000000
vn 1.000000 0.000000 0.000000
vn 1.000000 0.000000 0.000000
vn -0.000000 0.233460 0.972367
vn 0.000000 0.233471 0.972364
vn 0.740649 0.543288 0.395320
vn 1.000000 0.000000 0.000000
vn 0.740649 0.543288 0.395320
vn 0.000005 0.808998 -0.587811
vn 0.000005 0.793313 -0.608814
vn 0.000005 0.852623 -0.522527
vn 0.000003 0.760396 -0.649459
vn 0.000004 0.760400 -0.649455
vn 0.000003 0.760389 -0.649467
vn 0.000000 -0.522527 0.852623
vn 0.000000 -0.522527 0.852623
vn 0.000000 0.156436 -0.987688
vn 0.000000 0.156436 -0.987688
vn 1.000000 0.000000 0.000000
vn 1.000000 0.000000 0.000000
vn 0.000002 0.156432 0.987689
vn 0.000001 0.182279 0.983247
vn 0.000003 0.078463 0.996917
vn 0.000002 -0.026225 0.999656
vn 0.000002 -0.000002 1.000000
vn -0.000000 0.233454 0.972368
vn -0.000000 0.233437 0.972372
vn 0.097121 0.804770 0.585587
vn 0.000008 0.707097 -0.707117
vn 0.000008 0.707097 -0.707117
vn 0.000003 0.760394 -0.649462
vn 0.000009 0.649424 -0.760426
vn 0.000009 0.649424 -0.760426
vn 0.000009 0.649424 -0.760426
vn 0.000009 0.649424 -0.760426
vn -0.000002 0.309016 -0.951057
vn -0.000002 0.309016 -0.951057
vn 1.000000 0.000000 0.000000
vn 1.000000 0.000000 0.000000
vn 0.000001 -0.078462 0.996917
vn -0.000002 0.453988 -0.891008
vn -0.000002 0.453988 -0.891008
vn -0.000004 0.382681 -0.923881
vn 1.000000 0.000000 0.000000
vn 1.000000 0.000000 0.000000
vn 1.000000 0.000000 0.000000
vn 0.000001 -0.078480 0.996916
vn 0.000001 -0.078480 0.996916
vn -0.000000 0.587785 -0.809017
vn -0.000000 0.587785 -0.809017
vn 1.000000 0.000000 0.000000
vn 1.000000 0.000000 0.000000
vn 1.000000 0.000000 0.000000
vn 0.000002 -0.156446 0.987687
vn 0.000002 -0.130501 0.991448
vn 0.000001 -0.233433 0.972373
vn 0.000002 -0.233420 0.972376
vn 0.000000 -0.078495 0.996915
vn -0.000000 0.707107 -0.707107
vn -0.000000 0.707107 -0.707107
vn -0.000000 0.649451 -0.760403
vn 1.000000 0.000000 0.000000
vn 1.000000 0.000000 0.000000
vn 1.000000 0.000000 0.000000
vn -0.000001 -0.309049 0.951046
vn -0.000001 -0.283996 0.958826
vn -0.000001 -0.382690 0.923877
vn -0.000001 -0.382691 0.923876
vn -0.000002 -0.382680 0.923881
vn -0.000002 -0.382680 0.923881
vn -0.000001 -0.233430 0.972374
vn -0.000001 -0.233487 0.972360
vn 0.000000 0.809019 -0.587783
vn 0.000000 0.809019 -0.587783
vn 0.000000 0.760403 -0.649452
vn 1.000000 0.000000 0.000000
vn 1.000000 0.000000 0.000000
vn 1.000000 0.000000 0.000000
vn 0.000000 -0.453998 0.891003
vn -0.000000 -0.430474 0.902603
vn 0.000000 -0.522494 0.852643
vn 0.000001 -0.587780 0.809021
vn 0.000001 -0.587780 0.809021
vn -0.000001 -0.382696 0.923874
vn -0.000001 -0.382696 0.923874
vn 0.000002 0.891007 -0.453989
vn 0.000002 0.891007 -0.453989
vn 1.000000 0.000000 0.000000
vn 1.000000 0.000000 0.000000
vn 1.000000 0.000000 0.000000
vn -0.000002 -0.649443 0.760411
vn 0.000000 -0.649438 0.760415
vn 0.000002 0.951056 -0.309020
vn 0.000002 0.951056 -0.309020
vn 0.000004 0.923877 -0.382690
vn 1.000000 0.000000 0.000000
vn 1.000000 0.000000 0.000000
vn 1.000000 0.000000 0.000000
vn -0.000004 -0.707127 0.707087
vn -0.000005 -0.688335 0.725393
vn -0.000004 -0.760443 0.649405
vn -0.000004 -0.760463 0.649381
vn -0.000003 -0.649442 0.760411
vn -0.000003 -0.649471 0.760387
vn 0.000000 0.987688 -0.156434
vn 0.000000 0.987688 -0.156434
vn 1.000000 0.000000 0.000000
vn 1.000000 0.000000 0.000000
vn 1.000000 0.000000 0.000000
vn -0.000002 -0.809027 0.587772
vn -0.000003 -0.793330 0.608792
vn -0.000000 -0.852664 0.522461
vn -0.000002 -0.852677 0.522439
vn -0.000002 -0.760460 0.649384
vn -0.000002 -0.760410 0.649444
vn 0.000000 1.000000 0.000000
vn 0.000000 1.000000 0.000000
vn 1.000000 0.000000 0.000000
vn 1.000000 0.000000 0.000000
vn 1.000000 0.000000 0.000000
vn -0.000008 -0.891005 0.453994
vn -0.000004 -0.878792 0.477205
vn -0.000005 -0.923950 0.382514
vn -0.000008 -0.923987 0.382423
vn 0.000002 -0.852630 0.522516
vn 0.000003 -0.852638 0.522503
vn 0.000003 -0.852638 0.522503
vn 0.000002 -0.852671 0.522448
vn 0.000000 0.987688 0.156434
vn 0.000000 0.987688 0.156434
vn 1.000000 0.000000 0.000000
vn 1.000000 0.000000 0.000000
vn 1.000000 0.000000 0.000000
vn 0.000004 -0.972443 0.233139
vn 0.000002 -0.951103 0.308874
vn 0.000003 -0.972384 0.233389
vn 0.000003 -0.972384 0.233389
vn 0.000000 -0.923980 0.382442
vn 0.000000 -0.923874 0.382697
vn 0.000000 0.951055 0.309021
vn 0.000000 0.951055 0.309021
vn 1.000000 0.000000 0.000000
vn 1.000000 0.000000 0.000000
vn 1.000000 0.000000 0.000000
vn 0.000009 -0.996949 0.078054
vn 0.000004 -0.987719 0.156241
vn 0.000015 -0.996918 0.078455
vn 0.000015 -0.996918 0.078455
vn -0.000001 -0.972366 0.233461
vn 0.000000 -0.951130 0.308791
vn 0.000000 0.891005 0.453993
vn 0.000000 0.891005 0.453993
vn 1.000000 0.000000 0.000000
vn 1.000000 0.000000 0.000000
vn 1.000000 0.000000 0.000000
vn 0.000006 -0.996899 -0.078696
vn 0.000006 -1.000000 -0.000109
vn 0.000008 -0.996918 -0.078447
vn 0.000008 -0.996918 -0.078447
vn 0.000006 -0.996916 0.078478
vn 0.000000 -0.987751 0.156037
vn 0.000003 0.809019 0.587782
vn 0.000003 0.809019 0.587782
vn 1.000000 0.000000 0.000000
vn 1.000000 0.000000 0.000000
vn 1.000000 0.000000 0.000000
vn -0.000006 -0.987689 -0.156427
vn -0.000003 -0.991452 -0.130469
vn -0.000001 -0.972338 -0.233579
vn -0.000006 -0.972321 -0.233648
vn 0.000002 -0.996919 -0.078435
vn 0.000000 -1.000000 -0.000218
vn 0.000005 0.707107 0.707107
vn 0.000005 0.707107 0.707107
vn 0.000006 0.760408 0.649446
vn 1.000000 0.000000 0.000000
vn 1.000000 0.000000 0.000000
vn 1.000000 0.000000 0.000000
vn -0.000002 -0.951060 -0.309005
vn 0.000001 -0.958836 -0.283960
vn -0.000000 -0.923861 -0.382728
vn -0.000002 -0.923852 -0.382750
vn 0.000004 -0.972324 -0.233636
vn 0.000004 -0.972376 -0.233419
vn 0.000090 0.587325 0.809351
vn 0.000090 0.587325 0.809351
vn 0.000003 0.649446 0.760408
vn 1.000000 0.000000 0.000000
vn 1.000000 0.000000 0.000000
vn 1.000000 0.000000 0.000000
vn -0.000004 -0.891005 -0.453993
vn -0.000001 -0.902605 -0.430470
vn -0.000006 -0.852613 -0.522543
vn -0.000004 -0.852596 -0.522571
vn 0.000002 -0.923856 -0.382739
vn 0.000002 -0.923882 -0.382677
vn 0.000176 0.521531 0.853233
vn 0.000176 0.521531 0.853233
vn 0.995041 -0.080419 0.058542
vn 0.995041 -0.080419 0.058542
vn 1.000000 0.000000 0.000000
vn -0.000002 -0.809007 -0.587800
vn -0.000005 -0.824149 -0.566373
vn -0.000004 -0.760409 -0.649445
vn 0.000010 -0.707059 -0.707154
vn 0.000010 -0.707059 -0.707154
vn -0.000005 -0.852633 -0.522510
vn -0.000011 -0.852647 -0.522487
vn -0.000005 -0.852605 -0.522556
vn 0.000024 -0.649342 -0.760496
vn 0.000024 -0.649342 -0.760496
vn 0.000024 -0.649342 -0.760496
vn 0.000024 -0.649342 -0.760496
vn 0.980211 -0.160041 0.116503
vn -0.860481 0.000000 0.509483
vn -0.393639 0.000000 0.919265
vn -0.648707 0.000000 0.761038
vn -0.860481 0.000000 0.509483
vn -0.996433 0.000000 0.084392
vn -0.996433 0.000000 0.084392
vn -0.996435 0.000000 0.084370
vn -0.996435 0.000000 0.084370
vn -0.860481 0.000001 0.509482
vn -0.393639 0.000000 0.919265
vn 0.000000 0.000000 1.000000
vn 0.000000 0.000000 1.000000
vn 0.000000 0.000000 1.000000
vn 0.000000 0.000000 1.000000
vn -0.648707 0.000000 0.761038
vn -0.860481 0.000000 0.509483
vn -0.996433 0.000000 0.084392
vn -0.996435 0.000000 0.084370
vn -0.996431 0.000000 0.084410
vn -0.996431 0.000000 0.084410
vn -0.996433 0.000000 0.084392
vn -0.996435 0.000000 0.084370
vn -0.860482 -0.000001 0.509481
vn -0.495237 -0.000000 0.868758
vn 0.000000 0.000000 1.000000
vn 0.000000 0.000000 1.000000
vn 0.000000 0.000000 1.000000
vn 0.000000 0.000000 1.000000
vn 0.000000 0.000000 1.000000
vn 0.000000 0.000000 1.000000
vn 0.393646 0.000000 0.919262
vn 0.648720 0.000000 0.761028
vn 0.000000 0.762129 0.647425
vn 0.000000 0.762129 0.647425
vn 0.000000 0.762129 0.647425
vn 0.000000 0.762129 0.647425
vn 0.762112 0.000000 0.647445
vn 0.762112 0.000000 0.647445
vn 0.762112 0.000000 0.647445
vn 0.762112 0.000000 0.647445
vn -0.393639 0.000000 0.919265
vn -0.860481 0.000000 0.509483
vn -0.996435 0.000000 0.084370
vn -0.996433 0.000000 0.084392
vn -0.996431 0.000000 0.084410
vn -0.996431 0.000000 0.084407
vn -0.996431 0.000000 0.084407
vn -0.996431 0.000000 0.084411
vn -0.996431 0.000000 0.084410
vn -0.996431 0.000000 0.084410
vn -0.996433 0.000000 0.084392
vn -0.996435 0.000000 0.084370
vn 0.000000 -1.000000 0.000000
vn 0.000000 -1.000000 0.000000
vn 0.000000 -1.000000 0.000000
vn 0.000000 -1.000000 0.000000
vn 0.000000 0.000000 1.000000
vn 0.000000 0.000000 1.000000
vn 0.000000 0.000000 1.000000
vn 0.000000 0.000000 1.000000
vn 0.000000 0.000000 1.000000
vn 0.000000 0.000000 1.000000
vn 1.000000 0.000000 0.000000
vn 1.000000 0.000000 0.000000
vn 1.000000 0.000000 0.000000
vn 1.000000 0.000000 0.000000
vn 0.000000 0.000000 1.000000
vn 0.000000 0.000000 1.000000
vn 0.000000 -1.000000 0.000000
vn 0.000000 -1.000000 0.000000
vn 0.000000 -1.000000 0.000000
vn 0.000000 -1.000000 0.000000
vn 0.000000 0.762129 0.647425
vn 0.000000 0.762129 0.647425
vn 0.000000 0.762129 0.647425
vn 0.000000 0.762129 0.647425
vn 0.860492 0.000000 0.509463
vn 0.860492 0.000000 0.509463
vn 0.000000 0.000000 1.000000
vn 0.000000 0.000000 1.000000
vn 0.000000 0.000000 1.000000
vn 0.000000 0.000000 1.000000
vn 0.000000 -0.762128 0.647426
vn 0.000000 -0.762128 0.647426
vn 0.000000 -0.762128 0.647426
vn 0.000000 -0.762128 0.647426
vn 0.000000 0.000000 1.000000
vn 0.000000 0.000000 1.000000
vn 0.000000 0.000000 1.000000
vn 0.000000 0.000000 1.000000
vn -0.393639 -0.000001 0.919265
vn -0.860480 -0.000001 0.509484
vn -0.996435 -0.000001 0.084366
vn -0.996433 -0.000001 0.084391
vn -0.996431 0.000000 0.084410
vn -0.996431 0.000000 0.084407
vn -0.996431 0.000000 0.084410
vn -0.999108 0.000000 -0.042241
vn -0.999108 0.000000 0.042237
vn -0.999108 0.000000 0.042238
vn -0.999108 0.000000 -0.042241
vn -0.996431 0.000000 0.084407
vn -0.996431 0.000000 0.084411
vn -0.996431 0.000000 0.084410
vn 0.000000 -1.000000 0.000000
vn 0.000000 -1.000000 0.000000
vn 0.000000 -1.000000 0.000000
vn 0.000000 -1.000000 0.000000
vn 0.000000 -1.000000 0.000000
vn 0.000000 -1.000000 0.000000
vn 0.393646 -0.000000 0.919262
vn 0.000000 0.000000 1.000000
vn 0.000000 0.000000 1.000000
vn 0.495245 0.000000 0.868754
vn 0.000000 0.000000 1.000000
vn 0.000000 0.000000 1.000000
vn 0.000000 1.000000 0.000000
vn 0.000000 1.000000 0.000000
vn 0.000000 1.000000 0.000000
vn 0.000000 1.000000 0.000000
vn 0.000000 0.000000 1.000000
vn 0.000000 0.000000 1.000000
vn 0.000000 0.000000 1.000000
vn 0.000000 0.000000 1.000000
vn 0.000000 -1.000000 0.000000
vn 0.000000 -1.000000 0.000000
vn 0.000000 -1.000000 0.000000
vn 0.000000 -1.000000 0.000000
vn -0.762120 0.000000 0.647435
vn -0.762120 0.000000 0.647435
vn -0.762120 0.000000 0.647435
vn -0.762120 0.000000 0.647435
vn 0.000000 0.000000 1.000000
vn 0.000000 0.000000 1.000000
vn 0.000000 0.000000 1.000000
vn 0.000000 0.000000 1.000000
vn 0.860492 -0.000001 0.509464
vn 0.996426 0.000000 0.084469
vn 0.996429 0.000000 0.084440
vn 0.996429 0.000000 0.084439
vn 0.996426 0.000000 0.084469
vn 0.860492 0.000000 0.509463
vn 0.648720 0.000000 0.761028
vn 0.000000 -0.762128 0.647426
vn 0.000000 -0.762128 0.647426
vn 0.000000 -0.762128 0.647426
vn 0.000000 -0.762128 0.647426
vn 0.393646 0.000000 0.919262
vn 0.000000 0.000000 1.000000
vn 0.000000 0.000000 1.000000
vn 0.000000 0.000000 1.000000
vn 0.000000 0.000000 1.000000
vn 0.000000 0.000000 1.000000
vn 0.000000 0.000000 1.000000
vn -0.860481 0.000000 0.509483
vn -0.495236 0.000000 0.868759
vn -0.495236 0.000000 0.868759
vn -0.860481 0.000000 0.509483
vn -0.996433 0.000000 0.084392
vn -0.996432 -0.000064 0.084399
vn -0.996435 0.000000 0.084370
vn -0.996435 0.000000 0.084370
vn -0.996431 -0.000000 0.084410
vn -0.996431 0.000000 0.084407
vn -0.996431 0.000000 0.084410
vn -0.999108 0.000000 0.042238
vn -0.999108 0.000000 -0.042241
vn -0.996431 0.000000 -0.084407
vn -0.996431 0.000000 -0.084407
vn -0.999108 0.000000 -0.042241
vn -0.999108 0.000000 0.042237
vn -0.996431 0.000000 0.084407
vn -0.996431 0.000000 0.084411
vn 0.000000 -1.000000 0.000000
vn 0.000000 -1.000000 0.000000
vn 0.000000 -1.000000 0.000000
vn 0.000000 -1.000000 0.000000
vn 0.000000 -1.000000 0.000000
vn 0.000000 -1.000000 0.000000
vn 0.000000 -1.000000 0.000000
vn 0.000000 -1.000000 0.000000
vn 0.000000 -1.000000 0.000000
vn 0.000000 -1.000000 0.000000
vn 0.860491 0.000001 0.509465
vn 0.000000 1.000000 0.000000
vn 0.000000 1.000000 0.000000
vn 0.000000 1.000000 0.000000
vn 0.000000 1.000000 0.000000
vn 0.000000 0.000000 1.000000
vn 0.000000 0.000000 1.000000
vn 0.000000 0.000000 1.000000
vn 0.000000 0.000000 1.000000
vn -1.000000 0.000000 0.000000
vn -1.000000 0.000000 0.000000
vn -1.000000 0.000000 0.000000
vn -1.000000 0.000000 0.000000
vn 0.996426 -0.000001 0.084466
vn 0.996429 -0.000001 0.084440
vn 0.996431 0.000000 0.084411
vn 0.996431 0.000000 0.084410
vn 0.996429 0.000000 0.084439
vn 0.996426 0.000000 0.084469
vn 0.860492 0.000000 0.509463
vn 0.000000 0.000000 1.000000
vn 0.000000 0.000000 1.000000
vn -0.285435 -0.958398 0.000000
vn -0.285435 -0.958398 0.000000
vn 0.000000 -1.000000 0.000000
vn 0.000000 -1.000000 0.000000
vn 0.000000 -0.000001 1.000000
vn -0.000000 -0.000001 1.000000
vn 0.000000 0.000000 1.000000
vn 0.000000 0.000000 1.000000
vn -1.000000 0.000000 0.000000
vn -1.000000 0.000000 0.000000
vn -1.000000 0.000000 0.000000
vn -1.000000 0.000000 0.000000
vn 0.000000 0.000000 1.000000
vn 0.000000 0.000000 1.000000
vn 0.000000 0.000000 1.000000
vn 0.000000 0.000000 1.000000
vn 0.000000 1.000000 0.000000
vn 0.000000 1.000000 0.000000
vn 0.000000 1.000000 0.000000
vn 0.000000 1.000000 0.000000
vn -0.996431 0.000000 0.084410
vn -0.996431 -0.000146 0.084409
vn -0.996431 0.000000 0.084407
vn -0.996431 -0.000000 0.084409
vn -0.999108 0.000000 0.042238
vn -0.999108 0.000000 -0.042241
vn -0.996431 0.000000 -0.084407
vn -0.996431 -0.000000 -0.084416
vn -0.996431 -0.000000 -0.084416
vn -0.996431 -0.000000 -0.084415
vn -0.996431 -0.000000 -0.084415
vn -0.996431 0.000000 -0.084407
vn -0.999107 0.000000 -0.042241
vn -0.999108 0.000000 0.042237
vn 0.000000 -1.000000 0.000000
vn 0.000000 -1.000000 0.000000
vn 0.000000 -1.000000 0.000000
vn 0.000000 -1.000000 0.000000
vn 0.000000 -1.000000 0.000000
vn 0.000000 -1.000000 0.000000
vn 0.000000 -1.000000 0.000000
vn 0.000000 -1.000000 0.000000
vn 0.000000 -1.000000 0.000000
vn 0.000000 -1.000000 0.000000
vn 0.000000 -1.000000 0.000000
vn 0.000000 -1.000000 0.000000
vn 0.996427 0.000001 0.084463
vn 0.996429 0.000001 0.084440
vn 0.996431 -0.000001 0.084413
vn 0.996432 0.000000 0.084404
vn 0.996432 -0.000000 0.084402
vn 0.996431 0.000000 0.084408
vn 0.996431 0.000000 0.084408
vn 0.996431 0.000000 0.084408
vn 0.996431 0.000000 0.084408
vn 0.996431 0.000000 0.084408
vn 0.996431 0.000000 0.084408
vn 0.996431 0.000001 0.084409
vn 0.996431 0.000001 0.084406
vn 0.996432 0.000001 0.084397
vn 0.996432 0.000001 0.084397
vn 0.996429 0.000000 0.084440
vn 0.996426 0.000000 0.084469
vn 0.860492 0.000000 0.509463
vn 0.393647 -0.000000 0.919262
vn 0.000000 0.000000 1.000000
vn 0.231167 -0.972914 0.000000
vn 0.231167 -0.972914 0.000000
vn 0.449811 -0.893124 0.000000
vn 0.449811 -0.893124 0.000000
vn 0.000000 0.000000 1.000000
vn 0.000000 0.000000 1.000000
vn 0.000000 0.000000 1.000000
vn 0.000000 0.000000 1.000000
vn 0.000000 -0.000001 1.000000
vn 0.000000 0.000000 1.000000
vn 0.000000 1.000000 0.000000
vn -0.285435 0.958398 0.000000
vn -0.285435 0.958398 0.000000
vn 0.000000 1.000000 0.000000
vn 0.000000 0.000000 1.000000
vn 0.000000 0.000000 1.000000
vn 0.495246 0.000000 0.868753
vn 0.495246 0.000000 0.868753
vn 0.000000 1.000000 0.000000
vn 0.000000 1.000000 0.000000
vn 0.000000 1.000000 0.000000
vn 0.000000 1.000000 0.000000
vn 0.000000 1.000000 0.000000
vn 0.000000 1.000000 0.000000
vn -0.996431 0.000000 0.084407
vn -0.991467 -0.100817 0.082643
vn -0.996431 -0.000198 0.084410
vn -0.996431 0.000000 0.084410
vn -0.999108 0.000000 0.042238
vn -0.999107 0.000000 -0.042241
vn -0.996431 0.000000 -0.084407
vn -0.996431 0.000000 -0.084416
vn -0.996431 0.000000 -0.084415
vn -0.996436 0.000000 -0.084348
vn -0.996434 -0.000000 -0.084380
vn -0.996434 -0.000000 -0.084380
vn -0.996436 0.000000 -0.084348
vn -0.996431 0.000000 -0.084416
vn -0.996431 0.000000 -0.084415
vn -0.996431 0.000000 -0.084407
vn 0.000000 -1.000000 0.000000
vn 0.000000 -1.000000 0.000000
vn 0.000000 -1.000000 0.000000
vn 0.000000 -1.000000 0.000000
vn 0.000000 -1.000000 0.000000
vn 0.000000 -1.000000 0.000000
vn 0.000000 -1.000000 0.000000
vn 0.000000 -1.000000 0.000000
vn 0.000000 -1.000000 0.000000
vn 0.000000 -1.000000 0.000000
vn 0.000000 -1.000000 0.000000
vn 0.996431 0.000000 0.084414
vn 0.996432 -0.000001 0.084397
vn 0.996431 -0.000001 0.084406
vn 0.996431 0.000000 0.084411
vn 0.996431 0.000001 0.084410
vn 0.996431 0.000001 0.084410
vn 0.996431 0.000001 0.084410
vn 0.999108 0.000000 0.042236
vn 0.999108 -0.000001 0.042236
vn 0.996432 -0.000001 0.084396
vn 0.996432 -0.000001 0.084396
vn 0.999108 0.000001 0.042235
vn 0.999107 0.000000 -0.042242
vn 0.999107 0.000000 -0.042243
vn 0.996429 -0.000000 0.084440
vn 0.996426 0.000000 0.084469
vn 0.860492 0.000000 0.509463
vn 0.860492 0.000000 0.509463
vn 1.000000 0.000000 0.000000
vn 1.000000 0.000000 0.000000
vn 1.000000 0.000000 0.000000
vn 1.000000 0.000000 0.000000
vn 0.000000 0.000000 1.000000
vn 0.000000 0.000000 1.000000
vn 0.000000 0.000000 1.000000
vn 0.000000 0.000000 1.000000
vn 0.449811 0.893124 0.000000
vn 0.231167 0.972914 0.000000
vn 0.231167 0.972914 0.000000
vn 0.449811 0.893124 0.000000
vn 0.000000 1.000000 0.000000
vn 0.000000 1.000000 0.000000
vn 0.000000 1.000000 0.000000
vn 0.000000 1.000000 0.000000
vn -0.172436 0.000001 0.985021
vn -0.417175 0.000001 0.908826
vn -0.417175 -0.000001 0.908826
vn -0.172436 -0.000001 0.985021
vn -0.778227 0.000000 0.627983
vn -0.910473 0.000000 0.413569
vn -0.910473 0.000000 0.413569
vn -0.778228 0.000000 0.627983
vn 0.000000 1.000000 0.000000
vn 0.000000 1.000000 0.000000
vn 0.000000 1.000000 0.000000
vn 0.000000 1.000000 0.000000
vn -0.989721 -0.137327 -0.039926
vn -0.989808 -0.136752 0.039731
vn -0.999108 0.000000 0.042238
vn -0.999107 0.000000 -0.042241
vn -0.996431 -0.000000 -0.084405
vn -0.996431 0.000000 -0.084415
vn -0.996431 0.000000 -0.084416
vn -0.996434 0.000000 -0.084380
vn -0.996436 0.000000 -0.084348
vn -0.860481 0.000000 -0.509482
vn -0.495236 0.000000 -0.868758
vn -0.495236 0.000000 -0.868758
vn -0.860481 0.000000 -0.509482
vn -0.996436 0.000000 -0.084348
vn -0.996434 0.000000 -0.084380
vn -0.996431 0.000000 -0.084416
vn -0.996431 0.000000 -0.084415
vn 0.000000 -1.000000 0.000000
vn 0.000000 -1.000000 0.000000
vn 0.000000 -1.000000 0.000000
vn 0.000000 -1.000000 0.000000
vn 0.000000 -1.000000 0.000000
vn 0.000000 -1.000000 0.000000
vn 0.000000 -1.000000 0.000000
vn 0.000000 -1.000000 0.000000
vn 0.000000 -1.000000 0.000000
vn 0.000000 -1.000000 0.000000
vn 0.000000 -1.000000 0.000000
vn 0.000000 -1.000000 0.000000
vn 0.996432 -0.000001 0.084404
vn 0.996432 -0.000001 0.084398
vn 0.999108 -0.000001 0.042235
vn 0.999107 -0.000001 -0.042243
vn 0.996432 0.000002 0.084404
vn 0.996432 0.000001 0.084403
vn 0.996431 -0.000000 0.084411
vn 0.999107 0.000000 -0.042245
vn 1.000000 0.000000 0.000000
vn 1.000000 0.000000 0.000000
vn 1.000000 0.000000 0.000000
vn 1.000000 0.000000 0.000000
vn 1.000000 0.000000 0.000000
vn 1.000000 0.000000 0.000000
vn 1.000000 0.000000 0.000000
vn 0.996431 0.000000 -0.084414
vn 0.996431 0.000000 -0.084414
vn 0.996426 0.000000 0.084469
vn 0.996429 0.000005 0.084431
vn 0.996429 0.000000 0.084440
vn 0.996426 0.000000 0.084469
vn 0.000000 1.000000 0.000000
vn 0.000000 1.000000 0.000000
vn 0.562281 0.000000 0.826946
vn 0.369316 0.000000 0.929304
vn 0.369316 0.000000 0.929304
vn 0.562281 0.000000 0.826946
vn 0.000000 1.000000 0.000000
vn 0.000000 1.000000 0.000000
vn 0.000000 1.000000 0.000000
vn 0.000000 1.000000 0.000000
vn -0.983685 0.000000 -0.179899
vn -0.912451 0.000000 -0.409186
vn -0.912451 0.000000 -0.409186
vn -0.983685 0.000000 -0.179899
vn 0.000000 1.000000 0.000000
vn 0.000000 1.000000 0.000000
vn 0.000000 1.000000 0.000000
vn 0.000000 1.000000 0.000000
vn 0.000000 1.000000 0.000000
vn 0.000000 1.000000 0.000000
vn 0.000000 1.000000 0.000000
vn 0.000000 1.000000 0.000000
vn -0.996431 0.000000 -0.084407
vn -0.991399 -0.101327 -0.082833
vn -0.996431 -0.000001 -0.084415
vn -0.996430 -0.000000 -0.084418
vn -0.996434 0.000000 -0.084380
vn -0.996436 0.000000 -0.084348
vn -0.860481 0.000000 -0.509482
vn -0.495236 0.000000 -0.868758
vn 0.000000 0.000000 -1.000000
vn 0.000000 0.000000 -1.000000
vn 0.000000 0.000000 -1.000000
vn 0.000000 0.000000 -1.000000
vn -0.495236 0.000000 -0.868758
vn -0.860481 0.000000 -0.509482
vn -0.996436 0.000000 -0.084348
vn -0.996434 0.000000 -0.084380
vn 0.000000 -1.000000 0.000000
vn 0.000000 -1.000000 0.000000
vn 0.000000 -1.000000 0.000000
vn 0.000000 -1.000000 0.000000
vn 0.000000 -1.000000 0.000000
vn 0.000000 -1.000000 0.000000
vn 0.000000 -1.000000 0.000000
vn 0.000000 -1.000000 0.000000
vn 0.000000 -1.000000 0.000000
vn 0.000000 -1.000000 0.000000
vn 0.000000 -1.000000 0.000000
vn 0.000000 -1.000000 0.000000
vn 0.999108 -0.000001 0.042237
vn 0.999107 0.000000 -0.042244
vn 0.996431 -0.000001 -0.084414
vn 0.999108 0.000001 0.042237
vn 0.996432 0.000002 0.084397
vn 0.996432 0.000005 0.084396
vn 0.996432 0.000005 0.084396
vn 0.999108 0.000002 0.042236
vn 0.996431 0.000059 0.084412
vn 0.996431 0.000000 0.084411
vn 0.996431 0.000000 -0.084415
vn 0.996431 -0.000000 -0.084411
vn 0.996431 0.000000 -0.084414
vn 0.996431 0.000000 -0.084414
vn 0.996430 0.000000 -0.084419
vn 0.996431 0.000000 -0.084411
vn 0.996431 -0.000000 -0.084410
vn 0.000000 1.000000 0.000000
vn 0.000000 1.000000 0.000000
vn 0.778228 0.000000 0.627983
vn 0.910473 0.000000 0.413568
vn 0.910473 0.000000 0.413568
vn 0.778227 0.000000 0.627983
vn 0.000000 1.000000 0.000000
vn 0.000000 1.000000 0.000000
vn 0.000000 1.000000 0.000000
vn 0.000000 1.000000 0.000000
vn -0.418292 0.000001 0.908312
vn -0.418292 0.000001 0.908312
vn -0.169952 0.000001 0.985452
vn -0.169952 0.000001 0.985452
vn -0.172446 0.000000 -0.985019
vn -0.417180 -0.000000 -0.908824
vn -0.417179 0.000000 -0.908824
vn -0.172444 -0.000001 -0.985019
vn 0.000000 1.000000 0.000000
vn 0.000000 1.000000 0.000000
vn 0.000000 1.000000 0.000000
vn 0.000000 1.000000 0.000000
vn -0.910560 0.000001 0.413378
vn -0.910560 0.000001 0.413378
vn -0.774819 0.000001 0.632183
vn -0.774819 0.000001 0.632183
vn 0.000000 1.000000 0.000000
vn 0.000000 1.000000 0.000000
vn 0.000000 1.000000 0.000000
vn 0.000000 1.000000 0.000000
vn 0.000000 1.000000 0.000000
vn 0.000000 1.000000 0.000000
vn -0.996431 0.000000 -0.084416
vn -0.996431 0.000126 -0.084416
vn -0.996431 0.000002 -0.084414
vn -0.996431 0.000000 -0.084415
vn -0.996434 -0.000000 -0.084378
vn -0.996437 -0.000001 -0.084344
vn -0.860481 0.000000 -0.509482
vn -0.495236 0.000000 -0.868758
vn 0.000000 0.000000 -1.000000
vn 0.000000 0.000000 -1.000000
vn 0.495246 0.000000 -0.868753
vn 0.000000 0.000000 -1.000000
vn 0.000000 0.000000 -1.000000
vn 0.495246 0.000000 -0.868753
vn 0.000000 0.000000 -1.000000
vn 0.000000 0.000000 -1.000000
vn -0.495236 0.000000 -0.868758
vn -0.860481 0.000000 -0.509482
vn 0.000000 -1.000000 0.000000
vn 0.000000 -1.000000 0.000000
vn 0.000000 -1.000000 0.000000
vn 0.000000 -1.000000 0.000000
vn 0.000000 -1.000000 0.000000
vn 0.000000 -1.000000 0.000000
vn 0.000000 -1.000000 0.000000
vn 0.000000 -1.000000 0.000000
vn 0.000000 -1.000000 0.000000
vn 0.996431 0.000001 -0.084413
vn 0.996431 -0.000000 -0.084411
vn 0.996430 -0.000001 -0.084418
vn 1.000000 0.000000 0.000000
vn 1.000000 0.000000 0.000000
vn 0.996432 0.000000 0.084403
vn 0.996432 0.000076 0.084402
vn 0.991481 -0.100684 0.082634
vn 0.996432 0.000000 0.084398
vn 0.996431 -0.000005 -0.084413
vn 0.996431 -0.000005 -0.084413
vn 0.996431 -0.000000 -0.084408
vn 0.996431 -0.000000 -0.084408
vn 0.996431 -0.000000 -0.084408
vn 0.996431 -0.000000 -0.084408
vn 0.996431 -0.000000 -0.084408
vn 0.996431 -0.000000 -0.084408
vn 0.996430 -0.000000 -0.084420
vn 0.996430 -0.000000 -0.084421
vn 0.996431 -0.000000 -0.084408
vn 0.996431 -0.000000 -0.084408
vn 0.996431 -0.000000 -0.084408
vn 0.996431 -0.000000 -0.084408
vn 0.996431 -0.000000 -0.084408
vn 0.996431 -0.000000 -0.084408
vn 0.996431 -0.000000 -0.084408
vn 0.996431 -0.000000 -0.084408
vn 0.996430 0.000000 -0.084419
vn 0.996429 0.000000 -0.084433
vn 0.996429 0.000000 -0.084433
vn 0.000000 1.000000 0.000000
vn 0.000000 1.000000 0.000000
vn 0.000000 1.000000 0.000000
vn 0.000000 1.000000 0.000000
vn 0.983685 -0.000000 -0.179898
vn 0.912452 -0.000000 -0.409185
vn 0.912452 -0.000000 -0.409185
vn 0.983685 -0.000000 -0.179898
vn 0.000000 1.000000 0.000000
vn 0.000000 1.000000 0.000000
vn 0.368848 0.000002 0.929490
vn 0.368848 0.000002 0.929490
vn 0.550784 0.000002 0.834648
vn 0.550784 0.000002 0.834648
vn 0.000000 1.000000 0.000000
vn 0.000000 1.000000 0.000000
vn 0.000000 1.000000 0.000000
vn 0.000000 1.000000 0.000000
vn 0.562284 0.000001 -0.826944
vn 0.369319 0.000001 -0.929303
vn 0.369318 -0.000001 -0.929303
vn 0.562284 -0.000001 -0.826944
vn 0.000000 1.000000 0.000000
vn 0.000000 1.000000 0.000000
vn 0.000000 1.000000 0.000000
vn 0.000000 1.000000 0.000000
vn -0.912599 0.000001 -0.408856
vn -0.912599 0.000001 -0.408856
vn -0.983599 0.000000 -0.180369
vn -0.983599 0.000000 -0.180369
vn 0.000000 1.000000 0.000000
vn 0.000000 1.000000 0.000000
vn 0.000000 1.000000 0.000000
vn 0.000000 1.000000 0.000000
vn -0.429145 0.000002 0.903236
vn -0.429145 0.000002 0.903236
vn -0.271229 0.000001 0.962515
vn -0.271229 0.000001 0.962515
vn -0.937360 0.000001 0.348362
vn -0.937360 0.000001 0.348362
vn -0.825647 0.000002 0.564187
vn -0.825647 0.000002 0.564187
vn 0.000000 1.000000 0.000000
vn 0.000000 1.000000 0.000000
vn 0.000000 1.000000 0.000000
vn 0.000000 1.000000 0.000000
vn -0.996436 0.000000 -0.084348
vn -0.996433 0.000113 -0.084391
vn -0.996434 0.000000 -0.084380
vn -0.996436 0.000000 -0.084348
vn -0.860481 -0.000001 -0.509483
vn -0.495236 -0.000000 -0.868759
vn 0.000000 0.000000 -1.000000
vn 0.000000 0.000000 -1.000000
vn 0.000000 0.000000 -1.000000
vn 0.495246 0.000000 -0.868753
vn 0.860493 0.000000 -0.509462
vn 0.860493 0.000000 -0.509462
vn 0.495246 0.000000 -0.868753
vn 0.000000 0.000000 -1.000000
vn 0.000000 0.000000 -1.000000
vn 0.000000 0.000000 -1.000000
vn 0.000000 -1.000000 0.000000
vn 0.000000 -1.000000 0.000000
vn 0.000000 -1.000000 0.000000
vn 0.000000 -1.000000 0.000000
vn 0.000000 -1.000000 0.000000
vn 0.000000 -1.000000 0.000000
vn 0.996431 0.000000 -0.084416
vn 0.996431 -0.000000 -0.084411
vn 0.996430 -0.000000 -0.084419
vn 0.996429 -0.000000 -0.084433
vn 0.989796 -0.136840 0.039731
vn 0.989693 -0.137532 -0.039924
vn 0.999107 0.000000 -0.042242
vn 0.999108 0.000000 0.042239
vn 0.996431 -0.000009 -0.084417
vn 0.996431 -0.000009 -0.084417
vn 0.996431 -0.000009 -0.084417
vn 0.999107 -0.000004 -0.042246
vn 0.999107 -0.000004 -0.042246
vn 0.996431 -0.000009 -0.084417
vn 0.996431 -0.000009 -0.084417
vn 0.996431 -0.000009 -0.084417
vn 0.996431 -0.000009 -0.084417
vn 0.996431 -0.000009 -0.084417
vn 0.996431 -0.000009 -0.084417
vn 0.996431 -0.000009 -0.084417
vn 0.996431 -0.000009 -0.084417
vn 0.996429 0.000000 -0.084433
vn 0.996430 0.000000 -0.084421
vn 0.996431 0.000000 -0.084410
vn 0.996431 -0.000000 -0.084408
vn 0.996431 -0.000000 -0.084408
vn 0.996431 -0.000000 -0.084408
vn 0.996431 -0.000000 -0.084408
vn 0.996433 0.000004 -0.084386
vn 0.996432 0.000002 -0.084400
vn 0.996431 -0.000000 -0.084411
vn 0.996431 -0.000000 -0.084408
vn 0.996431 -0.000000 -0.084408
vn 0.000000 1.000000 0.000000
vn 0.000000 1.000000 0.000000
vn 0.000001 1.000000 0.000003
vn -0.000001 1.000000 0.000000
vn -0.000001 1.000000 0.000000
vn 0.000001 1.000000 0.000003
vn 0.770738 0.000000 0.637152
vn 0.770738 0.000000 0.637152
vn 0.910896 0.000000 0.412636
vn 0.910896 0.000000 0.412636
vn 0.000000 1.000000 0.000000
vn 0.000000 1.000000 0.000000
vn 0.000000 1.000000 0.000000
vn 0.000000 1.000000 0.000000
vn -0.000008 1.000000 -0.000007
vn -0.000008 1.000000 0.000000
vn -0.000001 1.000000 0.000000
vn -0.000001 1.000000 -0.000007
vn -0.000002 1.000000 -0.000002
vn 0.000000 1.000000 0.000000
vn 0.000000 1.000000 0.000000
vn -0.000002 1.000000 -0.000002
vn -0.167256 0.000002 -0.985914
vn -0.167256 0.000002 -0.985914
vn -0.418115 0.000002 -0.908394
vn -0.418115 0.000002 -0.908394
vn 0.374267 0.000000 0.927321
vn 0.374267 0.000000 0.927321
vn 0.495786 0.000000 0.868445
vn 0.495786 0.000000 0.868445
vn -0.927546 0.000000 -0.373709
vn -0.927546 0.000000 -0.373709
vn -0.988203 0.000000 -0.153147
vn -0.988203 0.000000 -0.153147
vn 0.000000 1.000000 0.000000
vn 0.000000 1.000000 0.000000
vn 0.000000 1.000000 0.000000
vn 0.000000 1.000000 0.000000
vn 0.000000 1.000000 0.000000
vn 0.000000 1.000000 0.000000
vn 0.000000 1.000000 0.000000
vn 0.000000 1.000000 0.000000
vn -0.860481 0.000000 -0.509482
vn -0.495236 0.000000 -0.868758
vn -0.495236 0.000000 -0.868758
vn -0.860481 0.000000 -0.509482
vn 0.000000 0.000000 -1.000000
vn 0.000000 0.000000 -1.000000
vn 0.000000 0.000000 -1.000000
vn 0.495246 0.000000 -0.868753
vn 0.860493 0.000000 -0.509462
vn 0.860493 0.000000 -0.509462
vn 0.495246 0.000000 -0.868753
vn 0.000000 0.000000 -1.000000
vn 0.000000 -1.000000 0.000000
vn 0.000000 -1.000000 0.000000
vn 0.996430 0.000000 -0.084419
vn 0.996429 0.000000 -0.084433
vn 0.999107 -0.000001 -0.042249
vn 0.999107 -0.000001 -0.042245
vn 1.000000 0.000000 0.000000
vn 1.000000 0.000000 0.000000
vn 0.991388 -0.101430 -0.082837
vn 0.996431 0.000000 -0.084414
vn 1.000000 0.000000 0.000000
vn 1.000000 0.000000 0.000000
vn 1.000000 0.000000 0.000000
vn 1.000000 0.000000 0.000000
vn 1.000000 0.000000 0.000000
vn 1.000000 0.000000 0.000000
vn 1.000000 0.000000 0.000000
vn 1.000000 0.000000 0.000000
vn 0.999108 -0.000000 0.042238
vn 0.999108 -0.000000 0.042238
vn 1.000000 0.000000 0.000000
vn 1.000000 0.000000 0.000000
vn 1.000000 0.000000 0.000000
vn 1.000000 0.000000 0.000000
vn 1.000000 0.000000 0.000000
vn 1.000000 0.000000 0.000000
vn 1.000000 0.000000 0.000000
vn 1.000000 0.000000 0.000000
vn 1.000000 0.000000 0.000000
vn 1.000000 0.000000 0.000000
vn 1.000000 0.000000 0.000000
vn 1.000000 0.000000 0.000000
vn 1.000000 0.000000 0.000000
vn 1.000000 0.000000 0.000000
vn 1.000000 0.000000 0.000000
vn 1.000000 0.000000 0.000000
vn 1.000000 0.000000 0.000000
vn 1.000000 0.000000 0.000000
vn 1.000000 0.000000 0.000000
vn 1.000000 0.000000 0.000000
vn 1.000000 0.000000 0.000000
vn 1.000000 0.000000 0.000000
vn 1.000000 0.000000 0.000000
vn 1.000000 0.000000 0.000000
vn 1.000000 0.000000 0.000000
vn 1.000000 0.000000 0.000000
vn 0.996429 0.000000 -0.084433
vn 0.996430 0.000000 -0.084420
vn 0.996431 0.000000 -0.084411
vn 0.996431 -0.000000 -0.084418
vn 0.996431 -0.000001 -0.084417
vn 0.996433 0.000004 -0.084389
vn 0.996435 0.000008 -0.084365
vn 0.996435 0.000008 -0.084365
vn 0.996431 -0.000000 -0.084414
vn 0.996431 -0.000000 -0.084414
vn 0.000000 1.000000 0.000000
vn 0.000000 1.000000 0.000000
vn 0.984770 0.000000 -0.173864
vn 0.912737 0.000001 -0.408547
vn 0.912737 0.000001 -0.408547
vn 0.984770 0.000000 -0.173864
vn 0.000000 1.000000 0.000000
vn 0.000000 1.000000 0.000000
vn 0.000000 1.000000 0.000000
vn 0.000000 1.000000 0.000000
vn 0.552117 0.000002 -0.833767
vn 0.368772 0.000002 -0.929520
vn 0.368772 0.000002 -0.929520
vn 0.552117 0.000002 -0.833767
vn 0.825644 0.000000 0.564191
vn 0.937359 0.000000 0.348365
vn 0.937359 0.000000 0.348365
vn 0.825644 0.000000 0.564191
vn 0.000000 1.000000 0.000000
vn 0.000000 1.000000 0.000000
vn 0.000000 1.000000 0.000000
vn 0.000000 1.000000 0.000000
vn -0.271226 0.000000 -0.962516
vn -0.429143 0.000000 -0.903236
vn -0.429143 0.000000 -0.903236
vn -0.271226 0.000000 -0.962516
vn 0.000000 1.000000 0.000000
vn 0.000000 1.000000 0.000000
vn 0.000000 1.000000 0.000000
vn 0.000000 1.000000 0.000000
vn 0.000000 1.000000 0.000000
vn 0.000000 1.000000 0.000000
vn 0.000000 1.000000 0.000000
vn 0.000000 1.000000 0.000000
vn 0.000000 0.000000 -1.000000
vn 0.000000 0.000000 -1.000000
vn 0.000000 0.000000 -1.000000
vn 0.000000 0.000000 -1.000000
vn 0.000000 0.000000 -1.000000
vn 0.495246 0.000000 -0.868753
vn 0.860493 0.000000 -0.509462
vn 0.860493 0.000000 -0.509462
vn 0.996431 -0.000001 -0.084417
vn 0.996430 -0.000003 -0.084422
vn 0.996430 -0.000003 -0.084422
vn 0.996430 0.000000 -0.084419
vn 0.996430 -0.000026 -0.084418
vn 0.996431 -0.000083 -0.084413
vn 0.996431 0.000000 -0.084411
vn 0.996427 -0.000000 0.084464
vn 0.996427 -0.000000 0.084464
vn 0.996432 -0.000000 0.084400
vn 0.996432 -0.000000 0.084400
vn 0.996432 -0.000000 0.084400
vn 0.996432 -0.000000 0.084400
vn 0.996432 -0.000000 0.084400
vn 0.996432 -0.000000 0.084400
vn 0.996432 -0.000000 0.084400
vn 0.996432 -0.000000 0.084400
vn 0.996432 -0.000000 0.084400
vn 0.996432 -0.000000 0.084400
vn 0.996432 -0.000000 0.084400
vn 0.996432 -0.000000 0.084400
vn 0.996432 -0.000000 0.084400
vn 0.996432 -0.000000 0.084400
vn 0.996432 -0.000000 0.084400
vn 0.996432 -0.000000 0.084400
vn 0.996432 -0.000000 0.084400
vn 0.999108 -0.000000 0.042238
vn 0.999108 -0.000000 0.042238
vn 0.996432 -0.000000 0.084401
vn 0.996432 -0.000000 0.084400
vn 0.996432 -0.000000 0.084400
vn 0.996432 -0.000000 0.084400
vn 0.996429 0.000000 -0.084433
vn 0.996431 -0.000001 -0.084414
vn 0.996431 -0.000001 -0.084414
vn 0.996431 -0.000001 -0.084414
vn 0.996431 -0.000001 -0.084414
vn 0.996431 -0.000001 -0.084414
vn 0.999107 -0.000000 -0.042245
vn 0.999107 -0.000000 -0.042245
vn 0.996431 -0.000001 -0.084414
vn 0.996431 -0.000001 -0.084414
vn 0.000000 1.000000 0.000000
vn 0.000000 1.000000 0.000000
vn 0.000000 1.000000 0.000000
vn 0.000000 1.000000 0.000000
vn 0.988202 0.000000 -0.153154
vn 0.927544 0.000000 -0.373713
vn 0.927544 0.000000 -0.373713
vn 0.988202 0.000000 -0.153154
vn 0.000000 1.000000 0.000000
vn 0.000000 1.000000 0.000000
vn 0.000000 1.000000 0.000000
vn 0.000000 1.000000 0.000000
vn 0.495786 0.000000 -0.868445
vn 0.374266 0.000000 -0.927321
vn 0.374266 0.000000 -0.927321
vn 0.495786 0.000000 -0.868445
vn 0.000000 1.000000 0.000000
vn 0.000000 1.000000 0.000000
vn 0.000000 1.000000 0.000000
vn 0.000000 1.000000 0.000000
vn 0.495246 0.000000 -0.868753
vn 0.000000 0.000000 -1.000000
vn 0.000000 0.000000 -1.000000
vn 0.495246 0.000000 -0.868753
vn 0.860493 0.000000 -0.509462
vn 0.996430 0.000000 -0.084419
vn 0.996431 -0.000129 -0.084415
vn 0.996429 0.000000 -0.084433
vn 0.996429 0.000000 -0.084433
vn 0.996421 0.000000 0.084528
vn 0.996421 0.000000 0.084528
vn 0.996421 0.000000 0.084528
vn 0.999108 -0.000002 -0.042241
vn 0.999108 -0.000002 -0.042241
vn 1.000000 0.000000 0.000000
vn 1.000000 0.000000 0.000000
vn 1.000000 0.000000 0.000000
vn 1.000000 0.000000 0.000000
vn 1.000000 0.000000 0.000000
vn 1.000000 0.000000 0.000000
vn 1.000000 0.000000 0.000000
vn 1.000000 0.000000 0.000000
vn 1.000000 0.000000 0.000000
vn 1.000000 0.000000 0.000000
vn 1.000000 0.000000 0.000000
vn 1.000000 0.000000 0.000000
vn 1.000000 0.000000 0.000000
vn 1.000000 0.000000 0.000000
vn 1.000000 0.000000 0.000000
vn 1.000000 0.000000 0.000000
vn 1.000000 0.000000 0.000000
vn 1.000000 0.000000 0.000000
vn 1.000000 0.000000 0.000000
vn 1.000000 0.000000 0.000000
vn 1.000000 0.000000 0.000000
vn 1.000000 0.000000 0.000000
vn 1.000000 0.000000 0.000000
vn 1.000000 0.000000 0.000000
vn 1.000000 0.000000 0.000000
vn 1.000000 0.000000 0.000000
vn 1.000000 0.000000 0.000000
vn 1.000000 0.000000 0.000000
vn 1.000000 0.000000 0.000000
vn 1.000000 0.000000 0.000000
vn 1.000000 0.000000 0.000000
vn 1.000000 0.000000 0.000000
vn 1.000000 0.000000 0.000000
vn 1.000000 0.000000 0.000000
vn 1.000000 0.000000 0.000000
vn 1.000000 0.000000 0.000000
vn 1.000000 0.000000 0.000000
vn 0.999108 -0.000004 0.042238
vn 0.996432 -0.000008 0.084401
vn 0.996432 0.000000 0.084402
vn 0.996432 0.000000 0.084402
vn 0.996432 0.000000 0.084402
vn 0.996432 0.000000 0.084402
vn 0.996432 0.000000 0.084402
vn 0.996432 0.000000 0.084402
vn 0.996432 0.000000 0.084402
vn 0.996432 0.000000 0.084402
vn 0.996432 0.000000 0.084402
vn 0.996432 0.000000 0.084402
vn 0.996432 0.000000 0.084402
vn 0.996432 0.000000 0.084402
vn 0.999108 0.000000 0.042238
vn 0.996432 0.000000 0.084402
vn 0.996432 0.000000 0.084402
vn 0.999108 0.000000 0.042238
vn 1.000000 0.000000 0.000000
vn 1.000000 0.000000 0.000000
vn 1.000000 0.000000 0.000000
vn 1.000000 0.000000 0.000000
vn 1.000000 0.000000 0.000000
vn 1.000000 0.000000 0.000000
vn 1.000000 0.000000 0.000000
vn 1.000000 0.000000 0.000000
vn 1.000000 0.000000 0.000000
vn 1.000000 0.000000 0.000000
vn 1.000000 0.000000 0.000000
vn 1.000000 0.000000 0.000000
vn 1.000000 0.000000 0.000000
vn 1.000000 0.000000 0.000000
vn 1.000000 0.000000 0.000000
vn 1.000000 0.000000 0.000000
vn 1.000000 0.000000 0.000000
vn 1.000000 0.000000 0.000000
vn 1.000000 0.000000 0.000000
vn 1.000000 0.000000 0.000000
vn 1.000000 0.000000 0.000000
vn 1.000000 0.000000 0.000000
vn 1.000000 0.000000 0.000000
vn 1.000000 0.000000 0.000000
vn 1.000000 0.000000 0.000000
vn 1.000000 0.000000 0.000000
vn 1.000000 0.000000 0.000000
vn 1.000000 0.000000 0.000000
vn 1.000000 0.000000 0.000000
vn 1.000000 0.000000 0.000000
vn 1.000000 0.000000 0.000000
vn 1.000000 0.000000 0.000000
vn 1.000000 0.000000 0.000000
vn 1.000000 0.000000 0.000000
vn 1.000000 0.000000 0.000000
vn 1.000000 0.000000 0.000000
vn 0.999108 -0.000008 0.042238
vn 0.000000 1.000000 0.000000
vn 0.000000 1.000000 0.000000
vn 0.860493 0.000000 -0.509462
vn 0.860493 0.000000 -0.509462
vn 0.996430 0.000000 -0.084421
vn 0.996430 0.000000 -0.084421
vn 0.996431 -0.000001 -0.084411
vn 0.996431 -0.000001 -0.084411
vn 0.996431 -0.000004 -0.084408
vn 0.996431 -0.000004 -0.084408
vn 0.996431 -0.000004 -0.084408
vn 0.996431 -0.000004 -0.084408
vn 0.996431 -0.000004 -0.084408
vn 0.996431 -0.000004 -0.084408
vn 0.996431 -0.000004 -0.084408
vn 0.996431 -0.000004 -0.084408
vn 0.996431 -0.000004 -0.084408
vn 0.996431 -0.000004 -0.084408
vn 0.996431 -0.000004 -0.084408
vn 0.996431 -0.000004 -0.084408
vn 1.000000 0.000000 0.000000
vn 1.000000 0.000000 0.000000
vn 1.000000 0.000000 0.000000
vn 1.000000 0.000000 0.000000
vn 1.000000 0.000000 0.000000
vn 0.999107 0.000001 -0.042245
vn 0.999107 0.000001 -0.042245
vn 1.000000 0.000000 0.000000
vn 1.000000 0.000000 0.000000
vn 1.000000 0.000000 0.000000
vn 1.000000 0.000000 0.000000
vn 1.000000 0.000000 0.000000
vn 1.000000 0.000000 0.000000
vn 0.996432 -0.000016 0.084400
vn 0.996429 0.000005 -0.084435
vn 0.996429 0.000005 -0.084435
vn 0.996429 0.000005 -0.084435
vn 0.996429 0.000005 -0.084435
vn 0.996429 0.000005 -0.084435
vn 0.996429 0.000005 -0.084435
vn 0.996429 0.000005 -0.084435
vn 0.996429 0.000005 -0.084435
vn 0.996429 0.000005 -0.084435
vn 0.996429 0.000005 -0.084435
vn 0.996429 0.000005 -0.084435
vn 0.996429 0.000005 -0.084435
vn 0.996429 0.000005 -0.084435
vn 0.996429 0.000005 -0.084435
vn 0.996431 0.000002 -0.084414
vn 0.996431 0.000002 -0.084414
vn 0.996431 0.000002 -0.084414
vn 0.996431 0.000002 -0.084414
vn 0.996431 0.000002 -0.084414
vn 0.996431 0.000002 -0.084414
vn 0.996431 0.000002 -0.084414
vn 0.996431 0.000002 -0.084414
vn 0.996431 0.000002 -0.084414
vn 0.996431 0.000002 -0.084414
vn 0.996431 0.000002 -0.084414
vn 0.996431 0.000002 -0.084414
vn 0.996431 0.000002 -0.084414
vn 0.996431 0.000002 -0.084414
vn 0.996431 0.000002 -0.084414
vn 0.996431 0.000002 -0.084414
vn 1.000000 0.000000 0.000000
vn 1.000000 0.000000 0.000000
vn 1.000000 0.000000 0.000000
vn 1.000000 0.000000 0.000000
vn 1.000000 0.000000 0.000000
vn 1.000000 0.000000 0.000000
vn 1.000000 0.000000 0.000000
vn 1.000000 0.000000 0.000000
vn 1.000000 0.000000 0.000000
vn 1.000000 0.000000 0.000000
vn 1.000000 0.000000 0.000000
vn 1.000000 0.000000 0.000000
vn 1.000000 0.000000 0.000000
vn 1.000000 0.000000 0.000000
vn 1.000000 0.000000 0.000000
vn 1.000000 0.000000 0.000000
vn 1.000000 0.000000 0.000000
vn 1.000000 0.000000 0.000000
vn 1.000000 0.000000 0.000000
vn 1.000000 0.000000 0.000000
vn 1.000000 0.000000 0.000000
vn 1.000000 0.000000 0.000000
vn 1.000000 0.000000 0.000000
vn 1.000000 0.000000 0.000000
vn 1.000000 0.000000 0.000000
vn 1.000000 0.000000 0.000000
vn 1.000000 0.000000 0.000000
vn 1.000000 0.000000 0.000000
vn 1.000000 0.000000 0.000000
vn 1.000000 0.000000 0.000000
vn 0.984938 0.000000 0.172908
vn 0.984938 0.000000 0.172908
vn 0.987244 0.000000 0.159214
vn 0.987244 0.000000 0.159214
vn -0.000008 1.000000 0.000008
vn -0.000001 1.000000 0.000008
vn -0.985929 0.000000 0.167166
vn -0.985929 0.000000 0.167166
vn -0.984938 0.000000 0.172909
vn -0.984938 0.000000 0.172909
vn 0.788618 -0.000001 -0.614884
vn 0.788618 -0.000000 -0.614883
vn 0.785699 0.000001 -0.618610
vn 0.785699 0.000001 -0.618610
vn 0.000000 1.000000 0.000000
vn 0.000000 1.000000 0.000000
vn 0.000000 1.000000 0.000000
vn 0.000000 1.000000 0.000000
vn 0.000000 1.000000 0.000000
vn 0.000000 1.000000 0.000000
vn -0.789354 0.000001 -0.613938
vn -0.789354 0.000001 -0.613938
vn 0.000000 1.000000 0.000000
vn 0.000000 1.000000 0.000000
vn -0.788617 0.000000 -0.614884
vn -0.788617 0.000000 -0.614884
vn 0.245922 0.000000 -0.969290
vn 0.245922 0.000000 -0.969290
vn 0.245924 0.000000 0.969289
vn 0.245924 0.000000 0.969289
vn 0.158732 0.000001 -0.987322
vn 0.158730 -0.000001 -0.987322
vn 0.169649 0.000002 -0.985505
vn 0.169649 0.000002 -0.985505
vn 0.000007 1.000000 0.000000
vn 0.000007 1.000000 -0.000007
vn 0.000007 1.000000 0.000008
vn 0.171385 0.000002 0.985204
vn 0.171385 0.000002 0.985204
vn 0.158729 0.000000 0.987322
vn 0.158729 0.000000 0.987322
vn 0.000000 -1.000000 0.000000
vn 0.000000 -1.000000 0.000000
vn 0.000000 0.000000 1.000000
vn 0.000000 0.000000 1.000000
vn 0.000000 1.000000 0.000000
vn 0.000000 1.000000 0.000000
vn -0.574851 0.000000 -0.818258
vn -0.574851 0.000000 -0.818258
vn 0.000000 1.000000 0.000000
vn 0.000000 1.000000 0.000000
vn 0.000000 1.000000 0.000000
vn 0.000000 1.000000 0.000000
vn -0.574851 0.000002 0.818258
vn -0.574851 0.000002 0.818258
vn -0.634504 0.000001 -0.772919
vn -0.634504 -0.000001 -0.772919
vn -0.640149 0.000002 -0.768251
vn -0.640149 0.000002 -0.768251
vn 0.000000 1.000000 0.000000
vn 0.000000 1.000000 0.000000
vn 0.000000 1.000000 0.000000
vn 0.000000 1.000000 0.000000
vn 0.000000 1.000000 0.000000
vn 0.000000 1.000000 0.000000
vn -0.638346 0.000001 0.769749
vn -0.638346 0.000001 0.769749
vn -0.634504 -0.000001 0.772919
vn -0.634505 0.000001 0.772919
vn -0.547120 0.837054 0.000000
vn -0.547120 0.837054 0.000000
vn 0.000000 0.000000 1.000000
vn 0.000000 0.000000 1.000000
vn -0.547120 -0.837054 0.000000
vn -0.547120 -0.837054 0.000000
vn 0.000000 -0.762128 0.647426
vn 0.000000 -0.762128 0.647426
vn 0.000000 0.000000 1.000000
vn 0.000000 0.000000 1.000000
vn 0.000000 0.762129 0.647425
vn 0.000000 0.762129 0.647425
vn 0.993712 0.000000 0.111965
vn 0.993712 0.000000 0.111965
vn -0.993712 0.000000 0.111963
vn -0.993712 0.000000 0.111963
vn 0.818352 0.000000 -0.574718
vn 0.818352 0.000000 -0.574718
vn 0.000000 1.000000 0.000000
vn 0.000000 1.000000 0.000000
vn 0.000000 1.000000 0.000000
vn 0.000000 1.000000 0.000000
vn 0.000000 1.000000 0.000000
vn -0.818353 0.000000 -0.574717
vn -0.818353 0.000000 -0.574717
vn 0.907747 0.000001 0.419518
vn 0.907747 0.000001 0.419518
vn 0.907747 0.000001 0.419518
vn 0.907747 0.000001 0.419518
vn 0.464570 0.000000 0.885536
vn 0.464570 0.000000 0.885536
vn 0.464570 0.000000 0.885536
vn 0.464570 0.000000 0.885536
vn 0.884908 -0.000001 -0.465766
vn 0.884908 -0.000001 -0.465766
vn 0.884908 -0.000001 -0.465766
vn 0.884908 -0.000001 -0.465766
vn 0.457705 -0.000003 -0.889104
vn 0.457705 -0.000003 -0.889104
vn 0.457705 -0.000003 -0.889104
vn 0.457705 -0.000003 -0.889104
vn -0.913360 0.000000 0.407152
vn -0.913360 0.000000 0.407152
vn -0.913360 0.000000 0.407152
vn -0.913360 0.000000 0.407152
vn -0.372516 0.000000 0.928026
vn -0.372516 0.000000 0.928026
vn -0.372516 0.000000 0.928026
vn -0.372516 0.000000 0.928026
vn -0.891388 0.000000 -0.453241
vn -0.891388 0.000000 -0.453241
vn -0.891388 0.000000 -0.453241
vn -0.891388 0.000000 -0.453241
vn -0.366544 -0.000002 -0.930401
vn -0.366544 -0.000002 -0.930401
vn -0.366544 -0.000002 -0.930401
vn -0.366544 -0.000002 -0.930401
vn -0.498935 0.000023 0.866639
vn -0.006910 0.000012 0.999976
vn -0.006912 0.000012 0.999976
vn -0.498935 0.000023 0.866639
vn 0.000000 0.000009 1.000000
vn 0.000000 0.000009 1.000000
vn 0.006380 0.000012 0.999980
vn 0.006378 0.000013 0.999980
vn 0.497683 0.000011 0.867359
vn 0.497683 0.000011 0.867359
vn 0.853523 0.000000 0.521055
vn 0.853523 0.000000 0.521055
vn 0.994378 0.000002 0.105887
vn 0.995798 -0.000015 0.091575
vn 0.995798 0.000006 0.091575
vn 0.994378 0.000002 0.105887
vn 0.996431 0.000059 0.084413
vn 0.996431 -0.000067 0.084413
vn 0.996432 0.000076 0.084402
vn 0.996432 -0.000076 0.084402
vn 0.991706 -0.100685 0.079888
vn 0.991711 0.100630 0.079888
vn 0.989905 -0.136825 0.036973
vn 0.989916 0.136749 0.036974
vn 0.989798 0.137442 -0.037559
vn 0.989787 -0.137518 -0.037558
vn 0.991589 0.101376 -0.080458
vn 0.991584 -0.101431 -0.080458
vn 0.996431 -0.000026 -0.084417
vn 0.996431 0.000026 -0.084417
vn 0.996431 -0.000083 -0.084415
vn 0.996431 0.000083 -0.084415
vn 0.995715 -0.000129 -0.092479
vn 0.995715 0.000129 -0.092479
vn 0.994086 0.000000 -0.108599
vn 0.994086 0.000000 -0.108599
vn 0.497471 0.000000 -0.867481
vn 0.853269 0.000000 -0.521471
vn 0.853269 0.000000 -0.521471
vn 0.497471 0.000000 -0.867481
vn 0.006380 0.000000 -0.999980
vn 0.006380 0.000000 -0.999980
vn 0.000000 0.000000 -1.000000
vn 0.000000 0.000000 -1.000000
vn -0.006912 0.000000 -0.999976
vn -0.006912 0.000000 -0.999976
vn -0.498725 0.000000 -0.866760
vn -0.498725 0.000000 -0.866760
vn -0.853944 0.000000 -0.520365
vn -0.853944 0.000000 -0.520365
vn -0.994093 0.000000 -0.108532
vn -0.995717 -0.000113 -0.092458
vn -0.995717 0.000113 -0.092458
vn -0.994093 0.000000 -0.108532
vn -0.996431 0.000130 -0.084416
vn -0.996430 -0.000092 -0.084419
vn -0.996431 0.000011 -0.084412
vn -0.996431 0.000066 -0.084411
vn -0.991595 -0.101323 -0.080455
vn -0.991589 0.101380 -0.080452
vn -0.989815 -0.137313 -0.037561
vn -0.989812 0.137339 -0.037561
vn -0.989914 0.136763 0.036973
vn -0.989917 -0.136737 0.036973
vn -0.991690 0.100828 0.079900
vn -0.991691 -0.100818 0.079900
vn -0.996431 -0.000192 0.084409
vn -0.996431 0.000152 0.084407
vn -0.996431 -0.000136 0.084408
vn -0.996431 0.000080 0.084408
vn -0.995801 -0.000052 0.091541
vn -0.995801 0.000030 0.091544
vn -0.994389 0.000016 0.105782
vn -0.994389 0.000016 0.105782
vn -0.854195 0.000022 0.519953
vn -0.854195 0.000022 0.519953
vn -0.495237 -0.000002 0.868758
vn 0.000000 0.000000 1.000000
vn 0.000000 0.000000 1.000000
vn 0.000000 0.000000 1.000000
vn 0.495245 0.000002 0.868753
vn 0.860491 0.000004 0.509465
vn 0.996427 0.000004 0.084463
vn 0.996429 0.000004 0.084440
vn 0.996431 0.000002 0.084414
vn 0.996432 0.000000 0.084403
vn 0.996432 0.000000 0.084398
vn 0.999108 0.000000 0.042239
vn 0.999107 0.000002 -0.042244
vn 0.996431 0.000004 -0.084413
vn 0.996431 0.000002 -0.084416
vn 0.996431 0.000000 -0.084411
vn 0.996430 0.000000 -0.084419
vn 0.996429 0.000000 -0.084433
vn 0.860493 0.000000 -0.509462
vn 0.495246 0.000000 -0.868753
vn 0.000000 0.000000 -1.000000
vn 0.000000 0.000000 -1.000000
vn 0.000000 0.000000 -1.000000
vn -0.495236 0.000000 -0.868758
vn -0.860481 0.000000 -0.509482
vn -0.996436 0.000000 -0.084348
vn -0.996434 0.000000 -0.084380
vn -0.996431 0.000000 -0.084416
vn -0.996431 0.000000 -0.084415
vn -0.996431 0.000000 -0.084407
vn -0.999107 0.000000 -0.042241
vn -0.999108 0.000000 0.042237
vn -0.996431 0.000000 0.084407
vn -0.996431 0.000000 0.084411
vn -0.996431 0.000000 0.084410
vn -0.996433 0.000000 0.084392
vn -0.996435 0.000000 0.084370
vn -0.860482 -0.000004 0.509481
vn 0.000002 -0.000001 1.000000
vn -0.495236 -0.000001 0.868759
vn 0.000000 -0.000001 1.000000
vn -0.000002 -0.000001 1.000000
vn 0.495247 -0.000001 0.868752
vn 0.860492 0.000000 0.509463
vn 0.996429 -0.000016 0.084431
vn 0.996426 0.000000 0.084469
vn 0.996431 -0.000067 0.084412
vn 0.996432 -0.000076 0.084402
vn 0.991486 0.100630 0.082634
vn 0.989807 0.136764 0.039733
vn 1.000000 0.000000 0.000000
vn 1.000000 0.000000 0.000000
vn 1.000000 0.000000 0.000000
vn 1.000000 0.000000 0.000000
vn 1.000000 0.000000 0.000000
vn 0.989703 0.137455 -0.039926
vn 0.991393 0.101376 -0.082838
vn 0.996430 0.000026 -0.084418
vn 0.996431 0.000083 -0.084413
vn 0.996431 0.000129 -0.084415
vn 0.996429 0.000000 -0.084433
vn 0.495246 0.000000 -0.868753
vn 0.860493 0.000000 -0.509462
vn 0.000000 0.000000 -1.000000
vn 0.000000 0.000000 -1.000000
vn 0.000000 0.000000 -1.000000
vn -0.495235 -0.000001 -0.868759
vn -0.860480 -0.000001 -0.509484
vn -0.996433 -0.000114 -0.084388
vn -0.996437 -0.000001 -0.084340
vn -0.996430 -0.000096 -0.084420
vn -0.996431 0.000057 -0.084413
vn -0.991394 0.101375 -0.082828
vn -0.989717 0.137352 -0.039926
vn -0.989805 0.136778 0.039730
vn -0.991466 0.100827 0.082643
vn -0.996431 0.000146 0.084407
vn -0.996431 0.000069 0.084410
vn -0.996432 0.000017 0.084401
vn -0.996435 -0.000001 0.084362
vn -0.860479 -0.000001 0.509485
vn -0.005854 0.824183 0.566293
vn -0.005854 0.824183 0.566293
vn -0.005854 0.824183 0.566293
vn -0.005854 0.824183 0.566293
vn -0.005848 -0.824236 0.566216
vn -0.005848 -0.824236 0.566216
vn -0.005848 -0.824236 0.566216
vn -0.005848 -0.824236 0.566216
vn 0.005395 -0.824584 0.565714
vn 0.005395 -0.824584 0.565714
vn 0.005395 -0.824584 0.565714
vn 0.005395 -0.824584 0.565714
vn 0.005401 0.824531 0.565791
vn 0.005401 0.824531 0.565791
vn 0.005401 0.824531 0.565791
vn 0.005401 0.824531 0.565791
vn 0.441297 0.857256 0.265272
vn 0.643530 0.744754 0.176668
vn 0.643530 0.744754 0.176668
vn 0.441297 0.857256 0.265272
vn 0.643322 -0.744951 0.176594
vn 0.441097 -0.857396 0.265152
vn 0.441097 -0.857396 0.265152
vn 0.643322 -0.744951 0.176594
vn 0.806246 0.586520 0.077214
vn 0.806246 0.586520 0.077214
vn 0.806059 -0.586779 0.077196
vn 0.806059 -0.586779 0.077196
vn 0.646615 -0.741416 -0.179419
vn 0.806127 -0.586530 -0.078368
vn 0.806127 -0.586530 -0.078368
vn 0.646615 -0.741416 -0.179419
vn 0.806299 0.586292 -0.078384
vn 0.646754 0.741287 -0.179451
vn 0.646754 0.741287 -0.179451
vn 0.806299 0.586292 -0.078384
vn 0.448536 -0.852080 -0.269768
vn 0.448536 -0.852080 -0.269768
vn 0.448604 0.852032 -0.269806
vn 0.448604 0.852032 -0.269806
vn 0.005393 0.824529 -0.565794
vn 0.005393 0.824529 -0.565794
vn 0.005393 0.824529 -0.565794
vn 0.005393 0.824529 -0.565794
vn 0.005395 -0.824584 -0.565714
vn 0.005395 -0.824584 -0.565714
vn 0.005395 -0.824584 -0.565714
vn 0.005395 -0.824584 -0.565714
vn -0.005848 -0.824236 -0.566216
vn -0.005848 -0.824236 -0.566216
vn -0.005848 -0.824236 -0.566216
vn -0.005848 -0.824236 -0.566216
vn -0.005846 0.824181 -0.566296
vn -0.005846 0.824181 -0.566296
vn -0.005846 0.824181 -0.566296
vn -0.005846 0.824181 -0.566296
vn -0.656420 -0.731228 -0.185520
vn -0.470393 -0.836014 -0.282510
vn -0.470393 -0.836014 -0.282510
vn -0.656420 -0.731228 -0.185520
vn -0.470229 0.836138 -0.282413
vn -0.656187 0.731456 -0.185449
vn -0.656187 0.731456 -0.185449
vn -0.470229 0.836138 -0.282413
vn -0.806094 0.586586 -0.078295
vn -0.806094 0.586586 -0.078295
vn -0.806349 -0.586231 -0.078327
vn -0.806349 -0.586231 -0.078327
vn -0.652728 -0.735281 0.182505
vn -0.806079 -0.586762 0.077117
vn -0.806079 -0.586762 0.077117
vn -0.652728 -0.735281 0.182505
vn -0.805956 0.586935 0.077095
vn -0.652682 0.735319 0.182514
vn -0.652682 0.735319 0.182514
vn -0.805956 0.586935 0.077095
vn -0.462452 0.842068 0.277598
vn -0.462452 0.842068 0.277598
vn -0.462379 -0.842124 0.277548
vn -0.462379 -0.842124 0.277548
vn 0.158729 0.000000 0.987322
vn 0.369316 0.000000 0.929304
vn 0.562281 0.000000 0.826946
vn 0.778228 0.000000 0.627983
vn 0.910473 0.000000 0.413568
vn 0.984938 0.000000 0.172908
vn 0.983685 0.000000 -0.179898
vn 0.912452 0.000000 -0.409185
vn 0.788618 0.000000 -0.614883
vn 0.369319 0.000002 -0.929303
vn 0.562284 0.000001 -0.826944
vn 0.158733 0.000002 -0.987322
vn -0.172448 -0.000001 -0.985019
vn -0.417180 -0.000001 -0.908824
vn -0.634504 -0.000002 -0.772920
vn -0.788617 0.000000 -0.614884
vn -0.912451 0.000000 -0.409186
vn -0.983685 0.000000 -0.179899
vn -0.984938 0.000000 0.172909
vn -0.910473 0.000000 0.413569
vn -0.778228 0.000000 0.627983
vn -0.634503 -0.000001 0.772920
vn -0.417175 -0.000002 0.908826
vn -0.172437 -0.000002 0.985020
vn -0.910473 0.000000 0.413569
vn -0.778227 0.000000 0.627983
vn -0.984938 0.000000 0.172909
vn -0.912451 0.000000 -0.409186
vn -0.983685 0.000000 -0.179899
vn -0.788617 0.000000 -0.614884
vn -0.417178 -0.000000 -0.908825
vn -0.634503 0.000002 -0.772920
vn -0.172445 -0.000002 -0.985019
vn 0.158729 -0.000003 -0.987322
vn 0.369317 -0.000002 -0.929303
vn 0.562284 -0.000001 -0.826944
vn 0.912452 -0.000000 -0.409185
vn 0.788618 -0.000001 -0.614884
vn 0.983685 0.000000 -0.179898
vn 0.910473 0.000000 0.413568
vn 0.984938 0.000000 0.172908
vn 0.778227 0.000000 0.627983
vn 0.369316 0.000000 0.929304
vn 0.562281 0.000000 0.826946
vn 0.158729 0.000000 0.987322
vn -0.417175 0.000003 0.908826
vn -0.172437 0.000002 0.985021
vn -0.634504 0.000003 0.772919
vn 0.000009 -1.000000 0.000008
vn 0.000011 -1.000000 -0.000000
vn 0.000011 -1.000000 -0.000000
vn 0.000009 -1.000000 0.000008
vn 0.000001 -1.000000 0.000012
vn 0.000001 -1.000000 0.000012
vn 0.000009 -1.000000 -0.000009
vn 0.000009 -1.000000 -0.000009
vn 0.000001 -1.000000 -0.000012
vn 0.000001 -1.000000 -0.000012
vn -0.000011 -1.000000 -0.000000
vn -0.000008 -1.000000 0.000008
vn -0.000008 -1.000000 0.000008
vn -0.000011 -1.000000 -0.000000
vn -0.000008 -1.000000 -0.000009
vn -0.000008 -1.000000 -0.000009
vn 0.907745 0.000008 0.419522
vn 0.907745 0.000008 0.419522
vn 0.907745 0.000008 0.419522
vn 0.907745 0.000008 0.419522
vn 0.464574 0.000007 0.885534
vn 0.464574 0.000007 0.885534
vn 0.464574 0.000007 0.885534
vn 0.464574 0.000007 0.885534
vn 0.884903 0.000008 -0.465775
vn 0.884903 0.000008 -0.465775
vn 0.884903 0.000008 -0.465775
vn 0.884903 0.000008 -0.465775
vn 0.457710 0.000008 -0.889101
vn 0.457710 0.000008 -0.889101
vn 0.457710 0.000008 -0.889101
vn 0.457710 0.000008 -0.889101
vn -0.913358 0.000006 0.407159
vn -0.913358 0.000006 0.407159
vn -0.913358 0.000006 0.407159
vn -0.913358 0.000006 0.407159
vn -0.372528 0.000007 0.928021
vn -0.372528 0.000007 0.928021
vn -0.372528 0.000007 0.928021
vn -0.372528 0.000007 0.928021
vn -0.891386 0.000008 -0.453246
vn -0.891386 0.000008 -0.453246
vn -0.891386 0.000008 -0.453246
vn -0.891386 0.000008 -0.453246
vn -0.366547 0.000008 -0.930400
vn -0.366547 0.000008 -0.930400
vn -0.366547 0.000008 -0.930400
vn -0.366547 0.000008 -0.930400
# 2321 normals

usemtl initialShadingGroup
s 1
f 1/1/1 2/2/2 3/3/3 4/4/4
s 2
f 5/5/5 6/6/6 2/7/7 1/8/8 7/9/9
s 3
f 6/10/10 8/11/11 3/12/12 2/13/13
f 6/10/10 12/21/23 13/22/24 8/11/11
f 13/22/24 12/21/23 18/31/35 19/32/36
s 4
f 8/14/14 9/15/15 10/16/16 4/4/17 3/3/18
s 5
f 11/17/19 12/18/20 6/19/21 5/20/22
s 6
f 9/15/25 8/14/26 13/23/27 14/24/28
s 7
f 12/25/29 11/26/30 15/27/31 16/28/32 17/29/33 18/30/34
s 8
f 14/24/37 13/23/38 19/33/39 20/34/40 21/35/41
s 9
f 20/34/42 19/33/43 18/36/44 17/37/45 22/38/46
s 10
f 23/39/47 24/40/48 25/41/49 26/42/50
f 27/43/51 28/44/52 24/40/48 23/39/47 29/45/53
f 26/42/50 25/41/49 33/51/59 34/52/60
f 35/53/61 36/54/62 28/44/52 27/43/51 37/55/63
f 34/52/60 33/51/59 46/69/77 47/70/78
f 48/71/79 49/72/80 36/54/62 35/53/61
f 47/70/78 46/69/77 61/90/98 62/91/99
f 63/92/100 64/93/101 49/94/80 48/95/79 65/96/102 66/97/103
f 62/91/99 61/90/98 80/118/124 81/119/125 82/120/126
f 83/121/127 84/122/128 64/93/101 63/92/100
f 81/119/125 80/118/124 95/140/144 96/141/145 97/142/146
f 98/143/147 99/144/148 84/122/128 83/121/127
f 96/141/145 95/140/144 112/163/167 113/164/168
f 114/165/169 115/166/170 99/144/148 98/143/147 116/167/171
f 113/188/168 112/189/167 130/190/192 131/191/193 132/192/194 133/193/195
f 134/194/196 135/195/197 115/166/170 114/165/169
f 131/191/193 130/190/192 147/213/215 148/214/216
f 149/215/217 150/216/218 135/195/197 134/194/196
f 161/235/236 162/236/237 150/216/218 149/215/217
f 166/243/243 167/244/244 162/236/237 161/235/236
f 174/253/253 175/254/254 167/244/244 166/243/243
f 181/263/263 182/264/264 175/254/254 174/253/253 183/265/265
f 190/276/276 191/277/277 182/278/264 181/279/263
f 195/285/283 196/286/284 191/277/277 190/276/276 197/287/285
f 204/298/296 205/299/297 196/286/284 195/285/283
f 209/307/303 210/308/304 205/299/297 204/298/296
f 218/319/315 219/320/316 210/308/304 209/307/303
f 226/330/326 227/331/327 219/320/316 218/319/315
f 234/341/337 235/342/338 227/331/327 226/330/326
f 242/352/348 243/353/349 235/342/338 234/341/337
f 250/363/359 251/364/360 243/353/349 242/352/348 252/365/361
f 259/375/371 260/376/372 251/364/360 250/363/359
f 268/388/384 269/389/385 260/390/372 259/391/371 270/392/386
f 274/398/392 275/399/393 269/389/385 268/388/384
s 11
f 25/46/54 24/47/55 30/48/56 31/49/57 32/50/58
f 24/47/55 28/56/64 38/57/65 39/58/66 30/48/56
f 33/59/67 25/46/54 32/50/58 40/60/68 41/61/69
f 28/56/64 36/73/81 50/74/82 51/75/83 38/57/65
f 46/81/89 33/59/67 41/61/69 55/82/90 56/83/91
f 36/73/81 49/98/104 67/99/105 68/100/106 50/74/82
f 61/109/115 46/81/89 56/83/91 74/110/116 75/111/117
f 49/98/104 64/123/129 85/124/130 86/125/131 67/99/105
f 80/131/135 61/109/115 75/111/117 89/132/136 90/133/137
f 64/123/129 84/145/149 100/146/150 101/147/151 85/124/130
f 95/154/158 80/131/135 90/133/137 106/155/159 107/156/160
f 84/145/149 99/168/172 117/169/173 118/170/174 100/146/150
f 112/177/181 95/154/158 107/156/160 123/178/182 124/179/183
f 99/168/172 115/196/198 136/197/199 137/198/200 117/169/173
f 130/207/209 112/177/181 124/179/183 143/208/210 144/209/211
f 136/197/199 115/196/198 135/217/219 151/218/220
f 147/213/224 130/190/209 144/222/211
f 151/218/220 135/217/219 150/237/238 163/238/239
f 150/237/238 162/245/245 168/246/246 169/247/247 163/238/239
f 162/245/245 167/255/255 176/256/256 177/257/257 168/246/246
f 167/255/255 175/266/266 184/267/267 185/268/268 176/256/256
f 175/266/266 182/280/278 192/281/279 193/282/280 184/267/267
f 182/280/278 191/288/286 198/289/287 199/290/288 192/281/279
f 191/288/286 196/300/298 206/301/299 207/302/300 198/289/287
f 196/300/298 205/309/305 211/310/306 212/311/307 206/301/299
f 205/309/305 210/321/317 220/322/318 221/323/319 211/310/306
f 210/321/317 219/332/328 228/333/329 229/334/330 220/322/318
f 219/332/328 227/343/339 236/344/340 237/345/341 228/333/329
f 227/343/339 235/354/350 244/355/351 245/356/352 236/344/340
f 235/354/350 243/366/362 253/367/363 254/368/364 244/355/351
f 243/366/362 251/377/373 261/378/374 262/379/375 253/367/363
f 251/377/373 260/393/387 271/394/388 272/395/389 261/378/374
f 260/393/387 269/400/394 276/401/395 277/402/396 271/394/388
f 276/413/395 269/389/394 275/399/407
s 12
f 42/62/70 31/63/71 30/64/72 43/65/73
f 44/66/74 32/67/75 31/63/71 45/68/76
f 52/76/84 39/77/85 38/78/86 53/79/87
f 43/65/73 30/64/72 39/77/85 54/80/88
f 57/84/92 40/85/93 32/67/75 44/66/74
f 58/86/94 41/87/95 40/85/93 59/88/96
f 60/89/97 31/63/71 42/62/70
f 45/68/76 31/63/71 60/89/97
f 69/101/107 51/102/108 50/103/109 68/104/110 70/105/111 71/106/112
f 72/107/113 38/78/86 51/102/108 73/108/114
f 54/80/88 39/77/85 52/76/84
f 53/79/87 38/78/86 72/107/113
f 76/112/118 55/113/119 41/87/95 58/86/94
f 77/114/120 56/115/121 55/113/119 78/116/122
f 79/117/123 40/85/93 57/84/92
f 59/88/96 40/85/93 79/117/123
f 73/108/114 51/102/108 69/101/107
f 91/134/138 74/135/139 56/115/121 77/114/120
f 92/136/140 75/137/141 74/135/139 93/138/142
f 94/139/143 55/113/119 76/112/118
f 78/116/122 55/113/119 94/139/143
f 108/157/161 89/158/162 75/137/141 92/136/140
f 109/159/163 90/160/164 89/158/162 110/161/165
f 111/162/166 74/135/139 91/134/138
f 93/138/142 74/135/139 111/162/166
f 125/180/184 106/181/185 90/160/164 126/182/186 127/183/187
f 128/184/188 123/185/189 107/186/190 106/181/185 125/180/184
f 129/187/191 89/158/162 108/157/161
f 126/182/186 90/160/164 109/159/163
f 110/161/165 89/158/162 129/187/191
f 145/210/212 124/211/213 123/185/189 146/212/214
f 146/212/214 123/185/189 128/184/188
f 154/223/225 143/224/226 124/211/213 155/225/227 156/226/228
f 157/227/229 144/228/230 143/229/226 158/230/231 159/231/232
f 155/225/227 124/211/213 145/210/212
f 148/232/233 147/233/234 160/234/235
f 160/234/235 147/233/234 144/228/230 157/227/229
f 158/230/231 143/229/226 154/242/225
s 13
f 70/126/111 68/127/110 67/128/132 87/129/133 88/130/134
f 102/148/152 86/149/153 85/150/154 103/151/155
f 104/152/156 67/128/132 86/149/153 105/153/157
f 87/129/133 67/128/132 104/152/156
f 119/171/175 101/172/176 100/173/177 120/174/178
f 121/175/179 85/150/154 101/172/176 122/176/180
f 105/153/157 86/149/153 102/148/152
f 103/151/155 85/150/154 121/175/179
f 138/199/201 118/200/202 117/201/203 137/202/204 139/203/205 140/204/206
f 141/205/207 100/173/177 118/200/202 142/206/208
f 122/176/180 101/172/176 119/171/175
f 120/174/178 100/173/177 141/205/207
f 152/219/221 137/202/204 136/220/222 153/221/223
f 142/206/208 118/200/202 138/199/201
f 139/203/205 137/202/204 152/219/221
f 153/221/223 136/220/222 151/239/240 164/240/241 165/241/242
f 170/248/248 151/239/240 163/249/249 171/250/250 172/251/251
f 164/240/241 151/239/240 173/252/252
f 178/258/258 169/259/259 168/260/260 179/261/261
f 171/250/250 163/249/249 169/259/259 180/262/262
f 173/252/252 151/239/240 170/248/248
f 186/269/269 177/270/270 176/271/271 185/272/272 187/273/273
f 188/274/274 168/260/260 177/270/270 189/275/275
f 180/262/262 169/259/259 178/258/258
f 179/261/261 168/260/260 188/274/274
f 187/273/273 185/272/272 184/283/281 194/284/282
f 189/275/275 177/270/270 186/269/269
f 200/291/289 193/292/290 192/293/291 199/294/292 201/295/293
f 202/296/294 184/283/281 193/292/290 203/297/295
f 194/284/282 184/283/281 202/296/294
f 201/303/293 199/304/292 198/305/301 208/306/302
f 203/297/295 193/292/290 200/291/289
f 213/312/308 207/313/309 206/314/310 214/315/311
f 207/313/309 215/316/312 216/317/313 217/318/314 198/305/301
f 208/306/302 198/305/301 217/318/314
f 222/324/320 212/325/321 211/326/322 223/327/323
f 224/328/324 206/314/310 212/325/321 225/329/325
f 215/316/312 207/313/309 213/312/308
f 214/315/311 206/314/310 224/328/324
f 230/335/331 221/336/332 220/337/333 231/338/334
f 232/339/335 211/326/322 221/336/332 233/340/336
f 225/329/325 212/325/321 222/324/320
f 223/327/323 211/326/322 232/339/335
f 238/346/342 229/347/343 228/348/344 239/349/345
f 231/338/334 220/337/333 229/347/343 240/350/346
f 241/351/347 221/336/332 230/335/331
f 233/340/336 221/336/332 241/351/347
f 246/357/353 237/358/354 236/359/355 247/360/356
f 239/349/345 228/348/344 237/358/354 248/361/357
f 249/362/358 229/347/343 238/346/342
f 240/350/346 229/347/343 249/362/358
f 255/369/365 245/370/366 244/371/367 256/372/368
f 247/360/356 236/359/355 245/370/366 257/373/369
f 258/374/370 237/358/354 246/357/353
f 248/361/357 237/358/354 258/374/370
f 263/380/376 254/381/377 253/382/378 262/383/379 264/384/380 265/385/381
f 266/386/382 244/371/367 254/381/377 267/387/383
f 257/373/369 245/370/366 255/369/365
f 256/372/368 244/371/367 266/386/382
f 264/384/380 262/383/379 261/396/390 273/397/391
f 267/387/383 254/381/377 263/380/376
f 278/403/397 272/404/398 271/405/399 279/406/400
f 280/407/401 261/396/390 272/404/398 281/408/402
f 273/397/391 261/396/390 280/407/401
f 282/409/403 276/410/404 275/411/405 274/412/406
f 283/414/408 277/415/409 276/410/404 284/416/410
f 285/417/411 271/405/399 277/418/409 286/419/412
f 281/408/402 272/404/398 278/403/397
f 279/406/400 271/405/399 285/417/411
f 287/420/413 276/410/404 282/409/403
f 286/419/412 277/418/409 283/421/408 288/422/414
f 284/416/410 276/410/404 287/420/413
s 14
f 289/423/415 290/424/416 291/425/417 292/426/418
f 293/427/419 294/428/420 290/424/416 289/423/415 295/429/421
f 292/426/418 291/425/417 299/435/427 300/436/428
f 301/437/429 302/438/430 294/428/420 293/427/419
f 300/436/428 299/435/427 311/452/444 312/453/445
f 313/454/446 314/455/447 302/438/430 301/437/429
f 312/453/445 311/452/444 326/473/465 327/474/466
f 328/475/467 329/476/468 314/477/447 313/478/446 330/479/469
f 327/474/466 326/473/465 344/499/489 345/500/490
f 346/501/491 347/502/492 329/476/468 328/475/467
f 345/500/490 344/499/489 360/522/511 361/523/512
f 362/524/513 363/525/514 347/502/492 346/501/491
f 361/523/512 360/522/511 376/546/534 377/547/535
f 378/548/536 379/549/537 363/525/514 362/524/513
f 377/567/535 376/568/534 391/569/555 392/570/556 393/571/557
f 394/572/558 395/573/559 379/549/537 378/548/536
f 392/588/556 391/589/555 405/590/574 406/591/575
f 407/592/576 408/593/577 395/573/559 394/572/558
f 417/615/595 418/616/596 408/593/577 407/592/576
f 421/620/600 422/621/601 418/616/596 417/615/595 423/622/602
f 427/628/608 428/629/609 422/621/601 421/620/600
f 434/638/618 435/639/619 428/629/609 427/628/608 436/640/620
f 445/652/632 446/653/633 435/654/619 434/655/618 447/656/634
f 454/667/645 455/668/646 446/653/633 445/652/632
f 459/674/652 460/675/653 455/668/646 454/667/645 461/676/654
f 468/687/664 469/688/665 460/675/653 459/674/652
f 476/699/675 477/700/676 469/688/665 468/687/664
f 486/712/688 487/713/689 477/700/676 476/699/675
f 494/723/699 495/724/700 487/713/689 486/712/688
f 502/734/710 503/735/711 495/724/700 494/723/699
f 510/745/721 511/746/722 503/735/711 502/734/710
f 518/756/732 519/757/733 511/746/722 510/745/721 520/758/734
f 527/768/744 528/769/745 519/770/733 518/771/732 529/772/746
f 536/782/756 537/783/757 528/769/745 527/768/744
s 15
f 291/430/422 290/431/423 296/432/424 297/433/425 298/434/426
f 290/431/423 294/439/431 303/440/432 304/441/433 296/432/424
f 299/442/434 291/430/422 298/434/426 305/443/435 306/444/436
f 294/439/431 302/456/448 315/457/449 316/458/450 303/440/432
f 311/464/456 299/442/434 306/444/436 320/465/457 321/466/458
f 302/456/448 314/480/470 331/481/471 332/482/472 315/457/449
f 326/490/480 311/464/456 321/466/458 338/491/481 339/492/482
f 314/480/470 329/503/493 348/504/494 349/505/495 331/481/471
f 344/513/502 326/490/480 339/492/482 354/514/503 355/515/504
f 329/503/493 347/526/515 364/527/516 365/528/517 348/504/494
f 360/537/525 344/513/502 355/515/504 370/538/526 371/539/527
f 347/526/515 363/550/538 380/551/539 381/552/540 364/527/516
f 376/557/545 360/537/525 371/539/527 384/558/546 385/559/547
f 363/550/538 379/574/560 396/575/561 397/576/562 380/551/539
f 391/579/565 376/557/545 385/559/547 399/580/566 400/581/567
f 396/575/561 379/574/560 395/594/578 409/595/579
f 405/603/587 391/604/565 400/605/567
f 409/595/579 395/594/578 408/617/597 419/618/598
f 408/617/597 418/623/603 424/624/604 425/625/605 419/618/598
f 418/623/603 422/630/610 429/631/611 430/632/612 424/624/604
f 422/630/610 428/641/621 437/642/622 438/643/623 429/631/611
f 428/641/621 435/657/635 448/658/636 449/659/637 437/642/622
f 435/657/635 446/669/647 456/670/648 457/671/649 448/658/636
f 446/669/647 455/677/655 462/678/656 463/679/657 456/670/648
f 455/677/655 460/689/666 470/690/667 471/691/668 462/678/656
f 460/689/666 469/701/677 478/702/678 479/703/679 470/690/667
f 469/701/677 477/714/690 488/715/691 489/716/692 478/702/678
f 477/714/690 487/725/701 496/726/702 497/727/703 488/715/691
f 487/725/701 495/736/712 504/737/713 505/738/714 496/726/702
f 495/736/712 503/747/723 512/748/724 513/749/725 504/737/713
f 503/747/723 511/759/735 521/760/736 522/761/737 512/748/724
f 511/759/735 519/773/747 530/774/748 531/775/749 521/760/736
f 519/773/747 528/784/758 538/785/759 539/786/760 530/774/748
f 538/785/759 528/784/758 537/799/773
s 16
f 307/445/437 297/446/438 296/447/439 308/448/440
f 309/449/441 298/450/442 297/446/438 310/451/443
f 317/459/451 304/460/452 303/461/453 318/462/454
f 308/448/440 296/447/439 304/460/452 319/463/455
f 322/467/459 305/468/460 298/450/442 309/449/441
f 323/469/461 306/470/462 305/468/460 324/471/463
f 325/472/464 297/446/438 307/445/437
f 310/451/443 297/446/438 325/472/464
f 333/483/473 316/484/474 315/485/475 334/486/476
f 335/487/477 303/461/453 316/484/474 336/488/478
f 319/463/455 304/460/452 317/459/451
f 318/462/454 303/461/453 335/487/477 337/489/479
f 340/493/483 320/494/484 306/470/462 323/469/461
f 341/495/485 321/496/486 320/494/484 342/497/487
f 343/498/488 305/468/460 322/467/459
f 324/471/463 305/468/460 343/498/488
f 350/506/496 332/507/497 331/508/498 351/509/499
f 352/510/500 315/485/475 332/511/497 353/512/501
f 336/488/478 316/484/474 333/483/473
f 334/486/476 315/485/475 352/510/500
f 356/516/505 338/517/506 321/496/486 341/495/485
f 357/518/507 339/519/508 338/517/506 358/520/509
f 359/521/510 320/494/484 340/493/483
f 342/497/487 320/494/484 359/521/510
f 366/529/518 349/530/519 348/531/520 365/532/521 367/533/522
f 368/534/523 331/508/498 349/530/519 369/535/524
f 353/512/501 332/511/497 350/536/496
f 351/509/499 331/508/498 368/534/523
f 372/540/528 354/541/529 339/519/508 357/518/507
f 373/542/530 355/543/531 354/541/529 374/544/532
f 375/545/533 338/517/506 356/516/505
f 358/520/509 338/517/506 375/545/533
f 369/535/524 349/530/519 366/529/518
f 386/560/548 370/561/549 355/543/531 387/562/550
f 388/563/551 371/564/552 370/561/549 389/565/553
f 390/566/554 354/541/529 372/540/528
f 387/562/550 355/543/531 373/542/530
f 374/544/532 354/541/529 390/566/554
f 401/582/568 384/583/569 371/564/552 402/584/570
f 403/585/571 385/586/572 384/583/569 404/587/573
f 389/565/553 370/561/549 386/560/548
f 402/584/570 371/564/552 388/563/551
f 414/606/588 399/607/589 385/586/572 415/608/590
f 406/609/591 405/610/592 400/611/593 399/612/589 414/613/588 416/614/594
f 404/587/573 384/583/569 401/582/568
f 415/608/590 385/586/572 403/585/571
s 17
f 367/533/522 365/532/521 364/553/541 381/554/542 382/555/543 383/556/544
f 382/555/543 381/554/542 380/577/563 398/578/564
f 410/596/580 397/597/581 396/598/582 409/599/583 411/600/584
f 412/601/585 380/577/563 397/597/581 413/602/586
f 398/578/564 380/577/563 412/601/585
f 413/602/586 397/597/581 410/596/580
f 411/600/584 409/599/583 420/619/599
f 420/619/599 409/599/583 419/626/606 426/627/607
f 431/633/613 425/634/614 424/635/615 432/636/616
f 426/627/607 419/626/606 425/634/614 433/637/617
f 439/644/624 430/645/625 429/646/626 440/647/627 441/648/628 442/649/629
f 443/650/630 424/635/615 430/645/625 444/651/631
f 433/637/617 425/634/614 431/633/613
f 432/636/616 424/635/615 443/650/630
f 450/660/638 438/661/639 437/662/640 449/663/641 451/664/642
f 452/665/643 429/646/626 438/661/639 453/666/644
f 444/651/631 430/645/625 439/644/624
f 440/647/627 429/646/626 452/665/643
f 451/664/642 449/663/641 448/672/650 458/673/651
f 453/666/644 438/661/639 450/660/638
f 464/680/658 457/681/659 456/682/660 465/683/661
f 466/684/662 448/672/650 457/685/659 467/686/663
f 458/673/651 448/672/650 466/684/662
f 472/692/669 463/693/670 462/694/671 473/695/672
f 474/696/673 456/682/660 463/693/670 475/697/674
f 467/686/663 457/685/659 464/698/658
f 465/683/661 456/682/660 474/696/673
f 480/704/680 471/705/681 470/706/682 481/707/683
f 471/705/681 482/708/684 483/709/685 484/710/686 485/711/687 462/694/671
f 475/697/674 463/693/670 472/692/669
f 473/695/672 462/694/671 485/711/687
f 490/717/693 479/718/694 478/719/695 491/720/696
f 492/721/697 470/706/682 479/718/694 493/722/698
f 482/708/684 471/705/681 480/704/680
f 481/707/683 470/706/682 492/721/697
f 498/728/704 489/729/705 488/730/706 499/731/707
f 491/720/696 478/719/695 489/729/705 500/732/708
f 501/733/709 479/718/694 490/717/693
f 493/722/698 479/718/694 501/733/709
f 506/739/715 497/740/716 496/741/717 507/742/718
f 499/731/707 488/730/706 497/740/716 508/743/719
f 509/744/720 489/729/705 498/728/704
f 500/732/708 489/729/705 509/744/720
f 514/750/726 505/751/727 504/752/728 515/753/729
f 507/742/718 496/741/717 505/751/727 516/754/730
f 517/755/731 497/740/716 506/739/715
f 508/743/719 497/740/716 517/755/731
f 523/762/738 513/763/739 512/764/740 524/765/741
f 525/766/742 504/752/728 513/763/739 526/767/743
f 516/754/730 505/751/727 514/750/726
f 515/753/729 504/752/728 525/766/742
f 532/776/750 522/777/751 521/778/752 533/779/753
f 534/780/754 512/764/740 522/777/751 535/781/755
f 526/767/743 513/763/739 523/762/738
f 524/765/741 512/764/740 534/780/754
f 540/787/761 531/788/762 530/789/763 539/790/764 541/791/765
f 531/788/762 542/792/766 543/793/767 544/794/768 521/778/752
f 535/781/755 522/777/751 532/776/750
f 533/779/753 521/778/752 544/794/768
f 539/790/764 538/795/769 537/796/770 536/797/771 545/798/772 541/791/765
f 542/792/766 531/788/762 540/787/761
s 18
f 546/800/774 547/801/775 548/802/776 549/803/777
f 552/806/782 553/807/783 547/801/775 546/800/774
f 965/808/784 916/809/785 554/810/786 555/811/787
f 549/803/777 548/802/776 556/812/788 557/813/789
f 1093/818/796 1060/819/797 553/807/783 552/806/782
f 547/820/775 553/821/783 564/822/798 565/823/799
f 554/810/786 916/809/785 917/824/800 566/825/801
f 915/826/802 866/827/803 567/828/804 568/829/805
f 557/813/789 556/812/788 572/836/814 573/837/815
f 921/850/830 1061/851/831 1062/852/832 582/853/833
f 920/854/834 921/850/830 582/853/833 583/855/835
f 567/828/804 866/827/803 867/860/840 586/861/841
f 567/868/804 589/869/850 590/870/851 568/871/805
f 961/876/860 962/875/861 592/874/862 593/877/863
f 573/837/815 572/836/814 594/878/864 595/879/865
f 605/897/884 871/898/885 1063/899/886 1064/900/887
f 870/901/888 871/898/885 605/897/884 607/902/889
f 605/897/884 567/828/804 586/861/841 607/902/889
f 605/918/884 612/919/910 589/869/850 567/868/804
f 568/871/805 590/870/851 615/922/915 610/923/916
f 616/925/921 911/926/922 912/924/923 610/915/916
f 960/927/924 961/876/860 593/877/863 617/928/925
f 594/929/864 572/930/814 618/931/926 619/932/927
f 1059/933/928 1026/934/929 620/935/930 621/936/931
f 1064/960/887 1065/961/957 612/919/910 605/918/884
f 610/923/916 615/922/915 639/978/976 616/979/921
f 910/980/977 911/926/922 616/925/921 640/981/978
f 643/986/983 956/987/984 957/988/985 644/989/986
f 955/994/991 1027/995/992 1028/996/993 646/997/994
f 616/979/921 639/978/976 664/1043/1042 665/1044/1043
f 616/925/921 665/1045/1043 666/1046/1044 640/981/978
f 665/1045/1043 906/1055/1053 907/1056/1054 666/1046/1044
f 905/1061/1059 1029/1062/1060 1030/1063/1061 669/1064/1062
f 1030/1113/1061 1031/1114/1112 688/1115/1113 669/1116/1062
f 867/860/840 866/827/803 554/810/786 566/825/801
f 582/853/833 871/898/885 870/901/888 583/855/835
f 1062/852/832 1063/899/886 871/898/885 582/853/833
f 646/997/994 1028/996/993 1029/1062/1060 905/1061/1059
f 907/1056/1054 906/1055/1053 643/986/983 644/989/986
f 593/877/863 911/926/922 910/980/977 617/928/925
f 912/924/923 911/926/922 593/877/863 592/874/862
f 555/811/787 554/810/786 866/827/803 915/826/802
f 917/824/800 916/809/785 547/820/775 565/823/799
f 553/821/783 921/850/830 920/854/834 564/822/798
f 1060/1882/797 1061/851/831 921/850/830 553/821/783
f 1026/1914/929 1027/995/992 955/994/991 620/1915/930
f 957/988/985 956/987/984 594/929/864 619/932/927
f 572/930/814 961/876/860 960/927/924 618/931/926
f 556/832/788 962/875/861 961/876/860 572/930/814
f 547/820/775 916/809/785 965/808/784 548/833/776
f 1128/1955/1989 1129/1956/1990 1130/1957/1991 1131/1958/1992
f 1132/1959/1993 1130/1957/1991 1129/1956/1990 1133/1960/1994
f 1134/1961/1995 1132/1959/1993 1133/1960/1994 1135/1962/1996
f 1136/1963/1997 1134/1961/1995 1135/1962/1996 1137/1964/1998
f 1137/1965/1998 1138/1966/1999 1139/1967/2000 1136/1968/1997
f 1195/2028/2063 1128/2029/1989 1131/2030/1992 1194/2027/2064
f 563/2031/2065 922/2032/2066 1061/851/831 1060/1882/797
f 1062/852/832 1061/851/831 922/2032/2066 581/2033/2067
f 872/2034/2068 1063/899/886 1062/852/832 581/2033/2067
f 1064/900/887 1063/899/886 872/2034/2068 606/2035/2069
f 606/2036/2069 633/2037/2070 1065/961/957 1064/960/887
f 562/2067/2102 563/2068/2065 1060/819/797 1093/818/796
f 594/929/864 956/987/984 1095/2069/2103 1094/2070/2104
f 1096/2071/2105 1095/2069/2103 956/987/984 643/986/983
f 1097/2072/2106 1096/2071/2105 643/986/983 906/1055/1053
f 1098/2073/2107 1097/2072/2106 906/1055/1053 665/1045/1043
f 665/1044/1043 664/1043/1042 1099/2074/2108 1098/2075/2107
f 595/879/865 594/878/864 1094/2111/2104 1127/2110/2145
f 1028/996/993 1027/995/992 1130/1957/1991 1132/1959/1993
f 1095/2069/2103 1096/2071/2105 1133/1960/1994 1129/1956/1990
f 1029/1062/1060 1028/996/993 1132/1959/1993 1134/1961/1995
f 1096/2071/2105 1097/2072/2106 1135/1962/1996 1133/1960/1994
s 19
f 550/804/778 551/805/779 546/800/780 549/803/781
f 558/814/790 550/804/778 549/803/781 557/813/791
f 829/815/792 830/816/793 551/805/779 550/804/778
f 546/800/780 551/805/779 561/817/794 552/806/795
f 573/837/816 574/838/817 558/814/790 557/813/791
f 828/839/818 829/815/792 550/804/778 558/814/790
f 855/840/819 856/841/820 560/842/821 559/843/822
f 551/805/779 830/816/793 831/844/823 561/817/794
f 552/806/795 561/817/794 1092/845/824 1093/818/825
f 595/879/866 596/880/867 574/838/817 573/837/816
f 574/838/817 827/881/868 828/839/818 558/814/790
f 854/882/869 855/840/819 559/843/822 575/883/870
f 599/884/871 576/885/872 577/886/873 600/887/874
f 856/841/820 857/888/875 578/889/876 560/842/821
f 561/817/794 831/844/823 1091/890/877 1092/845/824
f 622/937/932 1058/938/933 1059/933/934 621/936/935
f 596/880/867 826/939/936 827/881/868 574/838/817
f 853/940/937 854/882/869 575/883/870 597/941/938
f 600/887/874 577/886/873 598/942/939 625/943/940
f 979/944/941 980/945/942 599/884/871 600/887/874
f 628/946/943 601/947/944 576/885/872 599/884/871
f 857/888/875 1089/948/945 1090/949/946 578/889/876
f 825/1002/999 1057/1003/1000 1058/938/933 622/937/932
f 852/1004/1001 853/940/937 597/941/938 623/1005/1002
f 625/943/940 598/942/939 624/1006/1003 650/1007/1004
f 978/1008/1005 979/944/941 600/887/874 625/943/940
f 1005/1009/1006 1006/1010/1007 627/1011/1008 626/1012/1009
f 599/884/871 980/945/942 981/1013/1010 628/946/943
f 1087/1014/1011 1088/1015/1012 601/947/944 628/946/943
f 851/1071/1069 1055/1072/1070 1056/1073/1071 648/1074/1072
f 650/1007/1004 624/1006/1003 649/1075/1073 673/1076/1074
f 650/1007/1004 977/1077/1075 978/1008/1005 625/943/940
f 1004/1078/1076 1005/1009/1006 626/1012/1009 651/1079/1077
f 676/1080/1078 653/1081/1079 652/1082/1080 677/1083/1081
f 627/1011/1008 1006/1010/1007 1007/1084/1082 654/1085/1083
f 628/946/943 981/1013/1010 1086/1086/1084 1087/1014/1011
f 1053/1145/1142 1054/1146/1143 672/1147/1144 695/1148/1145
f 673/1076/1074 976/1149/1146 977/1077/1075 650/1007/1004
f 674/1150/1147 1003/1151/1148 1004/1078/1076 651/1079/1077
f 677/1083/1081 652/1082/1080 675/1152/1149 698/1153/1150
f 701/1156/1155 678/1157/1156 653/1081/1079 676/1080/1078
f 654/1085/1083 1007/1084/1082 1084/1158/1157 1085/1159/1158
f 975/1213/1214 1052/1214/1215 1053/1145/1142 695/1148/1145
f 696/1215/1216 1002/1216/1217 1003/1151/1148 674/1150/1147
f 698/1153/1150 675/1152/1149 697/1217/1218 720/1218/1219
f 1082/1225/1228 1083/1226/1229 678/1157/1156 701/1156/1155
f 1001/1288/1291 1050/1289/1292 1051/1290/1293 718/1291/1294
f 720/1218/1219 697/1217/1218 719/1292/1295 747/1293/1296
f 1048/1389/1394 1049/1390/1395 746/1391/1396 771/1392/1397
f 648/1074/1072 1056/1073/1071 1057/1003/1000 825/1002/999
f 827/881/868 826/939/936 623/1005/1002 597/941/938
f 828/839/818 827/881/868 597/941/938 575/883/870
f 575/883/870 559/843/822 829/815/792 828/839/818
f 559/843/822 560/842/821 830/816/793 829/815/792
f 831/844/823 830/816/793 560/842/821 578/889/876
f 1090/949/946 1091/890/877 831/844/823 578/889/876
f 1054/1146/1143 1055/1072/1070 851/1071/1069 672/1147/1144
f 624/1006/1003 853/940/937 852/1004/1001 649/1075/1073
f 598/942/939 854/882/869 853/940/937 624/1006/1003
f 577/886/873 855/840/819 854/882/869 598/942/939
f 576/885/872 856/841/820 855/840/819 577/886/873
f 601/947/944 857/888/875 856/841/820 576/885/872
f 1088/1015/1012 1089/948/945 857/888/875 601/947/944
f 718/1291/1294 1051/1290/1293 1052/1214/1215 975/1213/1214
f 977/1077/1075 976/1149/1146 696/1215/1216 674/1150/1147
f 978/1008/1005 977/1077/1075 674/1150/1147 651/1079/1077
f 651/1079/1077 626/1012/1009 979/944/941 978/1008/1005
f 626/1012/1009 627/1011/1008 980/945/942 979/944/941
f 981/1013/1010 980/945/942 627/1011/1008 654/1085/1083
f 1085/1159/1158 1086/1086/1084 981/1013/1010 654/1085/1083
f 746/1391/1396 1049/1390/1395 1050/1289/1292 1001/1288/1291
f 1003/1151/1148 1002/1216/1217 719/1292/1295 697/1217/1218
f 1004/1078/1076 1003/1151/1148 697/1217/1218 675/1152/1149
f 675/1152/1149 652/1082/1080 1005/1009/1006 1004/1078/1076
f 652/1082/1080 653/1081/1079 1006/1010/1007 1005/1009/1006
f 1007/1084/1082 1006/1010/1007 653/1081/1079 678/1157/1156
f 1083/1226/1229 1084/1158/1157 1007/1084/1082 678/1157/1156
f 1173/2006/2039 1174/2007/2040 1175/2008/2041 1172/2003/2042
f 1176/2009/2043 1175/2008/2041 1174/2007/2040 1177/2010/2044
f 1178/2011/2045 1176/2009/2043 1177/2010/2044 1179/2012/2046
f 1180/2013/2047 1178/2011/2045 1179/2012/2046 1181/2014/2048
f 1182/2015/2049 1180/2013/2047 1181/2014/2048 1183/2016/2050
f 1183/2016/2050 1184/2017/2051 1185/2018/2052 1182/2015/2049
f 1184/2017/2051 1186/2019/2053 1187/2020/2054 1185/2018/2052
f 1188/2021/2055 1187/2020/2054 1186/2019/2053 1189/2022/2056
f 1190/2023/2057 1188/2021/2055 1189/2022/2056 1191/2024/2058
f 1192/2025/2059 1190/2023/2057 1191/2024/2058 1193/2026/2060
f 1194/2027/2061 1192/2025/2059 1193/2026/2060 1195/2028/2062
f 725/2056/2090 702/2057/2091 1083/1226/1229 1082/1225/1228
f 1008/2058/2092 1084/1158/1157 1083/1226/1229 702/2057/2091
f 1085/1159/1158 1084/1158/1157 1008/2058/2092 679/2059/2093
f 982/2060/2094 1086/1086/1084 1085/1159/1158 679/2059/2093
f 1087/1014/1011 1086/1086/1084 982/2060/2094 655/2061/2095
f 655/2061/2095 629/2062/2096 1088/1015/1012 1087/1014/1011
f 629/2062/2096 858/2063/2097 1089/948/945 1088/1015/1012
f 1090/949/946 1089/948/945 858/2063/2097 602/2064/2098
f 832/2065/2099 1091/890/877 1090/949/946 602/2064/2098
f 1092/845/824 1091/890/877 832/2065/2099 579/2066/2100
f 1093/818/825 1092/845/824 579/2066/2100 562/2067/2101
f 747/1293/1296 719/1292/1295 1117/2100/2133 1116/2098/2134
f 1118/2101/2135 1117/2100/2133 719/1292/1295 1002/1216/1217
f 1119/2102/2136 1118/2101/2135 1002/1216/1217 696/1215/1216
f 1120/2103/2137 1119/2102/2136 696/1215/1216 976/1149/1146
f 1121/2104/2138 1120/2103/2137 976/1149/1146 673/1076/1074
f 673/1076/1074 649/1075/1073 1122/2105/2139 1121/2104/2138
f 649/1075/1073 852/1004/1001 1123/2106/2140 1122/2105/2139
f 1124/2107/2141 1123/2106/2140 852/1004/1001 623/1005/1002
f 1125/2108/2142 1124/2107/2141 623/1005/1002 826/939/936
f 1126/2109/2143 1125/2108/2142 826/939/936 596/880/867
f 1127/2110/2144 1126/2109/2143 596/880/867 595/879/866
f 1050/1289/1292 1049/1390/1395 1175/2008/2041 1176/2009/2043
f 1117/2100/2133 1118/2101/2135 1177/2010/2044 1174/2007/2040
f 1051/1290/1293 1050/1289/1292 1176/2009/2043 1178/2011/2045
f 1118/2101/2135 1119/2102/2136 1179/2012/2046 1177/2010/2044
f 1052/1214/1215 1051/1290/1293 1178/2011/2045 1180/2013/2047
f 1119/2102/2136 1120/2103/2137 1181/2014/2048 1179/2012/2046
f 1053/1145/1142 1052/1214/1215 1180/2013/2047 1182/2015/2049
f 1120/2103/2137 1121/2104/2138 1183/2016/2050 1181/2014/2048
f 1121/2104/2138 1122/2105/2139 1184/2017/2051 1183/2016/2050
f 1054/1146/1143 1053/1145/1142 1182/2015/2049 1185/2018/2052
f 1122/2105/2139 1123/2106/2140 1186/2019/2053 1184/2017/2051
f 1055/1072/1070 1054/1146/1143 1185/2018/2052 1187/2020/2054
f 1056/1073/1071 1055/1072/1070 1187/2020/2054 1188/2021/2055
f 1123/2106/2140 1124/2107/2141 1189/2022/2056 1186/2019/2053
f 1057/1003/1000 1056/1073/1071 1188/2021/2055 1190/2023/2057
f 1124/2107/2141 1125/2108/2142 1191/2024/2058 1189/2022/2056
f 1058/938/933 1057/1003/1000 1190/2023/2057 1192/2025/2059
f 1125/2108/2142 1126/2109/2143 1193/2026/2060 1191/2024/2058
s 20
f 964/830/806 965/808/807 555/811/808 569/831/809
f 914/866/846 915/826/847 568/829/848 588/867/849
f 555/811/808 915/826/847 914/866/846 569/831/809
f 548/833/1942 965/808/807 964/830/806 570/834/1943
s 21
f 556/832/810 548/833/811 570/834/812 571/835/813
s 22
f 579/846/826 580/847/827 563/848/828 562/849/829
f 832/891/878 833/892/879 580/847/827 579/846/826
f 922/893/880 923/894/881 604/895/882 581/896/883
f 858/950/947 859/951/948 603/952/949 602/953/950
f 923/894/881 924/954/951 834/955/952 604/895/882
f 872/956/953 873/957/954 632/958/955 606/959/956
f 655/1016/1013 656/1017/1014 630/1018/1015 629/1019/1016
f 925/1020/1017 926/1021/1018 860/1022/1019 631/1023/1020
f 873/957/954 874/1024/1021 835/1025/1022 632/958/955
f 632/958/955 659/1026/1023 633/1027/1024 606/959/956
f 982/1087/1085 983/1088/1086 656/1017/1014 655/1016/1013
f 927/1089/1087 928/1090/1088 681/1091/1089 657/1092/1090
f 658/1093/1091 875/1094/1092 876/1095/1093 861/1096/1094
f 835/1025/1022 836/1097/1095 659/1026/1023 632/958/955
f 1008/1160/1159 1009/1161/1160 680/1162/1161 679/1163/1162
f 928/1090/1088 984/1164/1163 985/1165/1164 681/1091/1089
f 877/1166/1165 878/1167/1166 705/1168/1167 682/1169/1168
f 861/1096/1094 862/1170/1169 683/1171/1170 658/1093/1091
f 725/1227/1230 726/1228/1231 703/1229/1232 702/1230/1233
f 929/1231/1234 1010/1232/1235 1011/1233/1236 704/1234/1237
f 878/1167/1166 986/1235/1238 987/1236/1239 705/1168/1167
f 705/1168/1167 729/1237/1240 706/1238/1241 682/1169/1168
f 930/1304/1309 931/1305/1310 753/1306/1311 727/1307/1312
f 728/1308/1313 879/1309/1314 1012/1310/1315 1013/1311/1316
f 987/1236/1239 988/1312/1317 729/1237/1240 705/1168/1167
f 880/1404/1410 881/1405/1411 776/1406/1412 754/1407/1413
f 1013/1311/1316 1014/1408/1414 755/1409/1415 728/1308/1313
f 776/1406/1412 794/1495/1503 777/1496/1504 754/1407/1413
f 602/953/950 603/952/949 833/892/879 832/891/878
f 924/954/951 925/1020/1017 631/1023/1020 834/955/952
f 835/1025/1022 874/1024/1021 875/1094/1092 658/1093/1091
f 658/1093/1091 683/1171/1170 836/1097/1095 835/1025/1022
f 629/1019/1016 630/1018/1015 859/951/948 858/950/947
f 926/1021/1018 927/1089/1087 657/1092/1090 860/1022/1019
f 861/1096/1094 876/1095/1093 877/1166/1165 682/1169/1168
f 682/1169/1168 706/1238/1241 862/1170/1169 861/1096/1094
f 581/896/883 604/895/882 873/957/954 872/956/953
f 604/895/882 834/955/952 874/1024/1021 873/957/954
f 875/1094/1092 874/1024/1021 834/955/952 631/1023/1020
f 876/1095/1093 875/1094/1092 631/1023/1020 860/1022/1019
f 877/1166/1165 876/1095/1093 860/1022/1019 657/1092/1090
f 657/1092/1090 681/1091/1089 878/1167/1166 877/1166/1165
f 681/1091/1089 985/1165/1164 986/1235/1238 878/1167/1166
f 1011/1233/1236 1012/1310/1315 879/1309/1314 704/1234/1237
f 727/1307/1312 753/1306/1311 881/1405/1411 880/1404/1410
f 580/847/827 923/894/881 922/893/880 563/848/828
f 833/892/879 924/954/951 923/894/881 580/847/827
f 603/952/949 925/1020/1017 924/954/951 833/892/879
f 859/951/948 926/1021/1018 925/1020/1017 603/952/949
f 630/1018/1015 927/1089/1087 926/1021/1018 859/951/948
f 656/1017/1014 928/1090/1088 927/1089/1087 630/1018/1015
f 983/1088/1086 984/1164/1163 928/1090/1088 656/1017/1014
f 1009/1161/1160 1010/1232/1235 929/1231/1234 680/1162/1161
f 726/1228/1231 931/1305/1310 930/1304/1309 703/1229/1232
f 679/1163/1162 680/1162/1161 983/1088/1086 982/1087/1085
f 680/1162/1161 929/1231/1234 984/1164/1163 983/1088/1086
f 985/1165/1164 984/1164/1163 929/1231/1234 704/1234/1237
f 986/1235/1238 985/1165/1164 704/1234/1237 879/1309/1314
f 987/1236/1239 986/1235/1238 879/1309/1314 728/1308/1313
f 728/1308/1313 755/1409/1415 988/1312/1317 987/1236/1239
f 702/1230/1233 703/1229/1232 1009/1161/1160 1008/1160/1159
f 703/1229/1232 930/1304/1309 1010/1232/1235 1009/1161/1160
f 1011/1233/1236 1010/1232/1235 930/1304/1309 727/1307/1312
f 880/1404/1410 1012/1310/1315 1011/1233/1236 727/1307/1312
f 1013/1311/1316 1012/1310/1315 880/1404/1410 754/1407/1413
f 754/1407/1413 777/1496/1504 1014/1408/1414 1013/1311/1316
s 23
f 565/856/836 564/857/837 584/858/838 585/859/839
s 24
f 566/862/842 917/863/843 918/864/844 587/865/845
f 586/911/898 867/912/899 868/913/900 609/914/901
f 868/913/900 867/912/899 566/862/842 587/865/845
f 918/864/844 917/863/843 565/1876/1904 585/1877/1905
s 25
f 963/872/852 964/830/853 569/831/854 591/873/855
f 913/917/906 914/866/907 588/867/908 611/916/909
f 591/873/855 569/831/854 914/866/907 913/917/906
f 570/834/1940 964/830/853 963/872/852 571/835/1941
s 26
f 592/874/856 962/875/857 963/872/858 591/873/859
f 610/915/917 912/924/918 913/917/919 611/916/920
f 913/917/919 912/924/918 592/874/856 591/873/859
f 963/872/858 962/875/857 556/832/1938 571/835/1939
s 27
f 919/903/890 920/904/891 583/905/892 608/906/893
f 869/962/958 870/963/959 607/964/960 634/965/961
f 583/905/892 870/963/959 869/962/958 608/906/893
f 564/1880/1908 920/904/891 919/903/890 584/1881/1909
s 28
f 918/907/894 919/908/895 608/909/896 587/910/897
f 609/966/962 868/967/963 869/968/964 634/969/965
f 869/968/964 868/967/963 587/910/897 608/909/896
f 584/1878/1906 919/908/895 918/907/894 585/1879/1907
s 29
f 568/829/902 610/915/903 611/916/904 588/867/905
s 30
f 589/869/911 613/920/912 614/921/913 590/870/914
f 612/919/970 635/974/971 613/920/912 589/869/911
f 614/921/913 613/920/912 838/975/972 839/976/973
f 590/870/914 614/921/913 638/977/974 615/922/975
f 1065/961/1025 1066/1028/1026 635/974/971 612/919/970
f 837/1029/1027 838/975/972 613/920/912 635/974/971
f 638/977/974 614/921/913 839/976/973 637/1030/1028 183/1031/1029 174/1032/1030 166/1033/1031 161/1034/1032 149/1035/1033 134/1036/1034 114/1037/1035 116/1038/1036
f 637/1030/1028 636/1039/1037 864/1040/1038 865/1041/1039
f 615/922/975 638/977/974 663/1042/1040 639/978/1041
f 1066/1028/1026 1067/1098/1096 837/1029/1027 635/974/971
f 863/1099/1097 864/1040/1038 636/1039/1037 660/1100/1098
f 66/1101/1099 663/1042/1040 638/977/974 116/1038/1036 98/1102/1100 83/1103/1101 63/1104/1102
f 183/1031/1029 637/1030/1028 865/1041/1039 662/1105/1103 197/1106/1104 190/1107/1105 181/1108/1106
f 661/1109/1107 685/1110/1108 686/1111/1109 662/1105/1103
f 639/978/1041 663/1042/1040 687/1112/1110 664/1043/1111
f 1068/1172/1171 1069/1173/1172 863/1099/1097 660/1100/1098
f 684/1174/1173 707/1175/1174 685/1110/1108 661/1109/1107
f 65/1176/1175 708/1177/1176 814/1178/1177 687/1112/1110 663/1042/1040 66/1101/1099
f 662/1105/1103 686/1111/1109 252/1179/1178 242/1180/1179 234/1181/1180 226/1182/1181 218/1183/1182 209/1184/1183 204/1185/1184 195/1186/1185 197/1106/1104
f 685/1110/1108 990/1187/1186 991/1188/1187 686/1111/1109
f 1031/1114/1188 1032/1189/1189 711/1190/1190 688/1115/1191
f 1070/1239/1242 1071/1240/1243 707/1175/1174 684/1174/1173
f 707/1175/1174 989/1241/1244 990/1187/1186 685/1110/1108
f 731/1242/1245 840/1243/1246 708/1177/1176 65/1176/1175 48/1244/1247 35/1245/1248 37/1246/1249
f 711/1190/1190 1032/1189/1189 1033/1247/1250 815/1248/1251
f 686/1111/1109 991/1188/1187 710/1249/1252 270/1250/1253 259/1251/1254 250/1252/1255 252/1179/1178
f 710/1249/1252 709/1253/1256 1016/1254/1257 1017/1255/1258
f 1071/1240/1243 1072/1313/1318 989/1241/1244 707/1175/1174
f 1015/1314/1319 1016/1254/1257 709/1253/1256 730/1315/1320
f 29/1316/1321 731/1242/1245 37/1246/1249 27/1317/1322
f 732/1318/1323 1034/1319/1324 1035/1320/1325 841/1321/1326
f 330/1322/1327 288/1323/1328 283/1324/1329 284/1325/1330 287/1326/1331 282/1327/1332 274/1328/1333 268/1329/1334 270/1250/1253 710/1249/1252 1017/1255/1258 734/1330/1335 758/1331/1336 423/1332/1337 417/1333/1338 407/1334/1339 394/1335/1340 378/1336/1341 362/1337/1342 346/1338/1343 328/1339/1344
f 734/1330/1335 733/1340/1345 759/1341/1346 760/1342/1347
f 1073/1410/1416 1074/1411/1417 1015/1314/1319 730/1315/1320
f 759/1341/1346 733/1340/1345 756/1412/1418 778/1413/1419
f 1036/1414/1420 1037/1415/1421 780/1416/1422 757/1417/1423
f 288/1323/1328 330/1322/1327 313/1418/1424 301/1419/1425 293/1420/1426 295/1421/1427 265/1422/1428 264/1423/1429 273/1424/1430 280/1425/1431 281/1426/1432 278/1427/1433 279/1428/1434 285/1429/1435 286/1430/1436
f 758/1331/1336 734/1330/1335 760/1342/1347 781/1431/1437
f 782/1432/1438 132/1433/1439 131/1434/1440 148/1435/1441 160/1436/1442 157/1437/1443 159/1438/1444 783/1439/1445 436/1440/1446 427/1441/1447 421/1442/1448 423/1332/1337 758/1331/1336
f 778/1413/1419 756/1412/1418 1075/1497/1505 1076/1498/1506
f 1037/1415/1421 1038/1503/1511 967/1504/1512 780/1416/1422
f 797/1541/1549 782/1432/1438 758/1331/1336 781/1431/1437
f 798/1542/1550 992/1543/1551 795/1544/1552 133/1545/1553 132/1433/1439 782/1432/1438
f 133/1545/1553 795/1544/1552 966/1593/1601 779/1500/1508 97/1499/1507 96/1594/1602 113/1595/1603
f 796/1596/1604 1039/1597/1605 1040/1598/1606 993/1599/1607
f 808/1625/1633 798/1542/1550 782/1432/1438 797/1541/1549
f 806/1660/1668 1041/1661/1669 1042/1662/1670 812/1663/1671
f 815/1248/1251 1033/1247/1250 1034/1319/1324 732/1318/1323
f 660/1100/1098 837/1029/1027 1067/1098/1096 1068/1172/1171
f 636/1039/1037 838/975/972 837/1029/1027 660/1100/1098
f 839/976/973 838/975/972 636/1039/1037 637/1030/1028
f 841/1321/1326 1035/1320/1325 1036/1414/1420 757/1417/1423
f 684/1174/1173 863/1099/1097 1069/1173/1172 1070/1239/1242
f 661/1109/1107 864/1040/1038 863/1099/1097 684/1174/1173
f 865/1041/1039 864/1040/1038 661/1109/1107 662/1105/1103
f 967/1504/1512 1038/1503/1511 1039/1597/1605 796/1596/1604
f 989/1241/1244 1072/1313/1318 1073/1410/1416 730/1315/1320
f 990/1187/1186 989/1241/1244 730/1315/1320 709/1253/1256
f 991/1188/1187 990/1187/1186 709/1253/1256 710/1249/1252
f 993/1599/1607 1040/1598/1606 1041/1661/1669 806/1660/1668
f 756/1412/1418 1015/1314/1319 1074/1411/1417 1075/1497/1505
f 733/1340/1345 1016/1254/1257 1015/1314/1319 756/1412/1418
f 1017/1255/1258 1016/1254/1257 733/1340/1345 734/1330/1335
f 1138/1966/2001 1140/1969/2002 1141/1970/2003 1139/1967/2004
f 1142/1971/2005 1141/1970/2003 1140/1969/2002 1143/1972/2006
f 1144/1973/2007 1142/1971/2005 1143/1972/2006 1145/1974/2008
f 1146/1975/2009 1144/1973/2007 1145/1974/2008 1147/1976/2010
f 1148/1977/2011 1146/1975/2009 1147/1976/2010 1149/1978/2012
f 1149/1978/2012 1150/1979/2013 1151/1980/2014 1148/1977/2011
f 1150/1979/2013 1152/1981/2015 1153/1982/2016 1151/1980/2014
f 1154/1983/2017 1153/1982/2016 1152/1981/2015 1155/1984/2018
f 1156/1985/2019 1154/1983/2017 1155/1984/2018 1157/1986/2020
f 1158/1987/2021 1156/1985/2019 1157/1986/2020 1159/1988/2022
f 1160/1989/2023 1158/1987/2021 1159/1988/2022 1161/1990/2024
f 633/2037/2071 659/2038/2072 1066/1028/1026 1065/961/1025
f 836/2039/2073 1067/1098/1096 1066/1028/1026 659/2038/2072
f 1068/1172/1171 1067/1098/1096 836/2039/2073 683/2040/2074
f 862/2041/2075 1069/1173/1172 1068/1172/1171 683/2040/2074
f 1070/1239/1242 1069/1173/1172 862/2041/2075 706/2042/2076
f 706/2042/2076 729/2043/2077 1071/1240/1243 1070/1239/1242
f 729/2043/2077 988/2044/2078 1072/1313/1318 1071/1240/1243
f 1073/1410/1416 1072/1313/1318 988/2044/2078 755/2045/2079
f 1014/2046/2080 1074/1411/1417 1073/1410/1416 755/2045/2079
f 1075/1497/1505 1074/1411/1417 1014/2046/2080 777/2047/2081
f 1076/1498/1506 1075/1497/1505 777/2047/2081 794/2048/2082
f 664/1043/1111 687/1112/1110 1100/2076/2109 1099/2074/2110
f 1101/2077/2111 1100/2076/2109 687/1112/1110 814/1178/1177
f 1102/2078/2112 1101/2077/2111 814/1178/1177 708/1177/1176
f 1103/2079/2113 1102/2078/2112 708/1177/1176 840/1243/1246
f 1104/2080/2114 1103/2079/2113 840/1243/1246 731/1242/1245
f 731/1242/1245 29/1316/1321 23/2081/2115 26/2082/2116 34/2083/2117 47/2084/2118 62/2085/2119 82/1501/1509 779/1500/1508 1105/2086/2120 1104/2080/2114
f 779/1500/1508 966/1593/1601 1106/2087/2121 1105/2086/2120
f 1107/2088/2122 1106/2087/2121 966/1593/1601 795/1544/1552
f 1108/2089/2123 1107/2088/2122 795/1544/1552 992/1543/1551
f 1109/2090/2124 1108/2089/2123 992/1543/1551 798/1542/1550
f 1110/2091/2125 1109/2090/2124 798/1542/1550 808/1625/1633
f 1033/1247/1250 1032/1189/1189 1141/1970/2003 1142/1971/2005
f 1100/2076/2109 1101/2077/2111 1143/1972/2006 1140/1969/2002
f 1034/1319/1324 1033/1247/1250 1142/1971/2005 1144/1973/2007
f 1101/2077/2111 1102/2078/2112 1145/1974/2008 1143/1972/2006
f 1035/1320/1325 1034/1319/1324 1144/1973/2007 1146/1975/2009
f 1102/2078/2112 1103/2079/2113 1147/1976/2010 1145/1974/2008
f 1036/1414/1420 1035/1320/1325 1146/1975/2009 1148/1977/2011
f 1103/2079/2113 1104/2080/2114 1149/1978/2012 1147/1976/2010
f 1104/2080/2114 1105/2086/2120 1150/1979/2013 1149/1978/2012
f 1037/1415/1421 1036/1414/1420 1148/1977/2011 1151/1980/2014
f 1105/2086/2120 1106/2087/2121 1152/1981/2015 1150/1979/2013
f 1038/1503/1511 1037/1415/1421 1151/1980/2014 1153/1982/2016
f 1039/1597/1605 1038/1503/1511 1153/1982/2016 1154/1983/2017
f 1106/2087/2121 1107/2088/2122 1155/1984/2018 1152/1981/2015
f 1040/1598/1606 1039/1597/1605 1154/1983/2017 1156/1985/2019
f 1107/2088/2122 1108/2089/2123 1157/1986/2020 1155/1984/2018
f 1041/1661/1669 1040/1598/1606 1156/1985/2019 1158/1987/2021
f 1108/2089/2123 1109/2090/2124 1159/1988/2022 1157/1986/2020
s 31
f 607/970/966 586/971/967 609/972/968 634/973/969
s 32
f 959/982/979 960/983/980 617/984/981 641/985/982
f 909/1047/1045 910/1048/1046 640/1049/1047 667/1050/1048
f 617/984/981 910/1048/1046 909/1047/1045 641/985/982
f 618/1920/1936 960/983/980 959/982/979 642/1921/1937
s 33
f 619/990/987 618/991/988 642/992/989 645/993/990
s 34
f 621/998/995 620/999/996 647/1000/997 622/1001/998
f 954/1065/1063 955/1066/1064 646/1067/1065 670/1068/1066
f 622/1001/998 647/1000/997 824/1069/1067 825/1070/1068
f 904/1129/1126 905/1130/1127 669/1131/1128 690/1132/1129
f 648/1141/1138 671/1142/1139 850/1143/1140 851/1144/1141
f 669/1131/1128 688/1191/1192 711/1192/1193 690/1132/1129
f 672/1209/1210 694/1210/1211 717/1211/1212 695/1212/1213
f 690/1132/1129 711/1192/1193 815/1256/1259 816/1257/1260
f 943/1282/1285 944/1283/1286 740/1284/1287 744/1285/1288
f 695/1212/1213 717/1211/1212 974/1286/1289 975/1287/1290
f 735/1343/1348 732/1344/1349 841/1345/1350 842/1346/1351
f 893/1373/1378 894/1374/1379 761/1375/1380 767/1376/1381
f 718/1385/1390 745/1386/1391 1000/1387/1392 1001/1388/1393
f 761/1375/1380 757/1443/1449 780/1444/1450 767/1376/1381
f 746/1481/1487 770/1482/1488 791/1483/1489 771/1484/1490
f 767/1376/1381 780/1444/1450 967/1551/1559 968/1552/1560
f 938/1581/1589 939/1582/1590 802/1583/1591 804/1584/1592
f 799/1635/1643 796/1636/1644 993/1637/1645 994/1638/1646
f 888/1651/1659 889/1652/1660 809/1653/1661 811/1654/1662
f 809/1653/1661 806/1761/1769 812/1762/1770 811/1654/1662
f 816/1257/1260 815/1256/1259 732/1344/1349 735/1343/1348
f 825/1070/1068 824/1069/1067 671/1142/1139 648/1141/1138
f 842/1346/1351 841/1345/1350 757/1443/1449 761/1375/1380
f 851/1144/1141 850/1143/1140 694/1210/1211 672/1209/1210
f 804/1584/1592 802/1583/1591 889/1652/1660 888/1651/1659
f 744/1285/1288 740/1284/1287 894/1374/1379 893/1373/1378
f 670/1068/1066 646/1067/1065 905/1130/1127 904/1129/1126
f 770/1482/1488 939/1582/1590 938/1581/1589 791/1483/1489
f 694/1210/1211 944/1283/1286 943/1282/1285 717/1211/1212
f 620/999/996 955/1066/1064 954/1065/1063 647/1000/997
f 968/1552/1560 967/1551/1559 796/1636/1644 799/1635/1643
f 975/1287/1290 974/1286/1289 745/1386/1391 718/1385/1390
f 994/1638/1646 993/1637/1645 806/1761/1769 809/1653/1661
f 1001/1388/1393 1000/1387/1392 770/1482/1488 746/1481/1487
s 35
f 958/1051/1049 959/1052/1050 641/1053/1051 668/1054/1052
f 689/1121/1118 908/1122/1119 909/1123/1120 667/1124/1121
f 909/1123/1120 908/1122/1119 668/1054/1052 641/1053/1051
f 642/1918/1934 959/1052/1050 958/1051/1049 645/1919/1935
s 36
f 644/1057/1055 957/1058/1056 958/1059/1057 668/1060/1058
f 666/1125/1122 907/1126/1123 908/1127/1124 689/1128/1125
f 908/1127/1124 907/1126/1123 644/1057/1055 668/1060/1058
f 958/1059/1057 957/1058/1056 619/1916/1932 645/1917/1933
s 37
f 640/1117/1114 666/1118/1115 689/1119/1116 667/1120/1117
s 38
f 1226/1133/1130 1227/1134/1131 1211/1135/1132 1196/1136/1133
f 1210/1912/1930 1211/1135/1132 1227/1134/1131 1212/1913/1931
f 647/2130/2247 954/2131/2248 1211/1135/1132 1210/1912/1930
f 1196/1136/1133 1211/1135/1132 954/2131/2248 670/2112/2249
f 953/2150/2271 1227/1134/1131 1226/1133/1130 691/2149/2272
f 1212/1913/1931 1227/1134/1131 953/2150/2271 692/2151/2273
s 39
f 1212/1137/1134 1213/1138/1135 1209/1139/1136 1210/1140/1137
f 1208/1204/1871 1209/1139/1136 1213/1138/1135 1214/1201/1872
f 671/2127/2244 824/2128/2245 1209/1139/1136 1208/1204/1871
f 1210/1140/1137 1209/1139/1136 824/2128/2245 647/2129/2246
f 823/2132/2250 1213/1138/1135 1212/1137/1134 692/2133/2251
f 1214/1201/1872 1213/1138/1135 823/2132/2250 693/2134/2252
s 40
f 677/1083/1151 699/1154/1152 700/1155/1153 676/1080/1154
f 698/1153/1220 721/1219/1221 699/1154/1152 677/1083/1151
f 933/1220/1222 934/1221/1223 722/1222/1224 723/1223/1225
f 676/1080/1154 700/1155/1153 724/1224/1226 701/1156/1227
f 720/1218/1297 748/1294/1298 721/1219/1221 698/1153/1220
f 934/1221/1223 935/1295/1299 749/1296/1300 722/1222/1224
f 750/1297/1301 883/1298/1302 884/1299/1303 751/1300/1304
f 932/1301/1305 933/1220/1222 723/1223/1225 752/1302/1306
f 701/1156/1227 724/1224/1226 1081/1303/1307 1082/1225/1308
f 747/1293/1398 772/1393/1399 748/1294/1298 720/1218/1297
f 935/1295/1299 936/1394/1400 773/1395/1401 749/1296/1300
f 884/1299/1303 885/1396/1402 774/1397/1403 751/1300/1304
f 751/1398/1304 760/1342/1404 759/1341/1405 750/1399/1301
f 775/1400/1406 882/1401/1407 883/1298/1302 750/1297/1301
f 1079/1402/1408 1080/1403/1409 932/1301/1305 752/1302/1306
f 771/1392/1491 791/1485/1492 1047/1486/1493 1048/1389/1494
f 936/1394/1400 937/1487/1495 792/1488/1496 773/1395/1401
f 885/1396/1402 886/1489/1497 793/1490/1498 774/1397/1403
f 774/1491/1403 781/1431/1499 760/1342/1404 751/1398/1304
f 750/1399/1301 759/1341/1405 778/1413/1500 775/1492/1406
f 1077/1493/1501 1078/1494/1502 882/1401/1407 775/1400/1406
f 1045/1585/1593 1046/1586/1594 938/1587/1595 804/1588/1596
f 793/1490/1498 886/1489/1497 887/1589/1597 805/1590/1598
f 793/1591/1498 797/1541/1599 781/1431/1499 774/1491/1403
f 775/1492/1406 778/1413/1500 1076/1498/1600 1077/1592/1501
f 1043/1655/1663 1044/1656/1664 888/1657/1665 811/1658/1666
f 805/1659/1598 808/1625/1667 797/1541/1599 793/1591/1498
f 811/1763/1666 812/1663/1771 1042/1662/1772 1043/1764/1663
f 1078/1494/1502 1079/1402/1408 752/1302/1306 882/1401/1407
f 883/1298/1302 882/1401/1407 752/1302/1306 723/1223/1225
f 884/1299/1303 883/1298/1302 723/1223/1225 722/1222/1224
f 722/1222/1224 749/1296/1300 885/1396/1402 884/1299/1303
f 749/1296/1300 773/1395/1401 886/1489/1497 885/1396/1402
f 887/1589/1597 886/1489/1497 773/1395/1401 792/1488/1496
f 888/1657/1665 1044/1656/1664 1045/1585/1593 804/1588/1596
f 724/1883/1226 932/1301/1305 1080/1403/1409 1081/1884/1307
f 700/1885/1153 933/1220/1222 932/1301/1305 724/1883/1226
f 699/1886/1152 934/1221/1223 933/1220/1222 700/1885/1153
f 721/1887/1221 935/1295/1299 934/1221/1223 699/1886/1152
f 748/1888/1298 936/1394/1400 935/1295/1299 721/1887/1221
f 772/1889/1399 937/1487/1495 936/1394/1400 748/1888/1298
f 791/1890/1492 938/1587/1595 1046/1586/1594 1047/1891/1493
f 1162/1991/2025 1160/1989/2026 1161/1990/2027 1163/1992/2028
f 1163/1993/2028 1164/1994/2029 1165/1995/2030 1162/1996/2025
f 1166/1997/2031 1165/1995/2030 1164/1994/2029 1167/1998/2032
f 1167/1998/2032 1168/1999/2033 1169/2000/2034 1166/1997/2031
f 1170/2001/2035 1169/2000/2034 1168/1999/2033 1171/2002/2036
f 1172/2003/2037 1170/2004/2035 1171/2005/2036 1173/2006/2038
f 1077/1592/1501 1076/1498/1600 794/2048/2083 776/2049/2084
f 881/2050/2085 1078/1494/1502 1077/1493/1501 776/2051/2084
f 753/2052/2086 1079/1402/1408 1078/1494/1502 881/2050/2085
f 931/2053/2087 1080/1403/1409 1079/1402/1408 753/2052/2086
f 1081/1884/1307 1080/1403/1409 931/2053/2087 726/2054/2088
f 1082/1225/1308 1081/1303/1307 726/2055/2088 725/2056/2089
f 1111/2092/2126 1110/2091/2127 808/1625/1667 805/1659/1598
f 805/1590/1598 887/1589/1597 1112/2093/2128 1111/2094/2126
f 1113/2095/2129 1112/2093/2128 887/1589/1597 792/1488/1496
f 937/1487/1495 1114/2096/2130 1113/2095/2129 792/1488/1496
f 1115/2097/2131 1114/2096/2130 937/1487/1495 772/1889/1399
f 1116/2098/2132 1115/2099/2131 772/1393/1399 747/1293/1398
f 1045/1585/1593 1044/1656/1664 1165/1995/2030 1166/1997/2031
f 1112/2093/2128 1113/2095/2129 1167/1998/2032 1164/1994/2029
f 1113/2095/2129 1114/2096/2130 1168/1999/2033 1167/1998/2032
f 1046/1586/1594 1045/1585/1593 1166/1997/2031 1169/2000/2034
s 41
f 1224/1193/1194 1225/1194/1195 1197/1195/1196 1198/1196/1197
f 1196/1136/1902 1197/1195/1196 1225/1194/1195 1226/1133/1903
f 670/2112/2226 904/2113/2227 1197/1195/1196 1196/1136/1902
f 1198/1196/1197 1197/1195/1196 904/2113/2227 690/2114/2228
f 903/2147/2268 1225/1194/1195 1224/1193/1194 712/2148/2269
f 1226/1133/1903 1225/1194/1195 903/2147/2268 691/2149/2270
s 42
f 952/1197/1198 953/1198/1199 691/1199/1200 713/1200/1201
f 822/1205/1206 823/1206/1207 692/1207/1208 714/1208/1209
f 902/1262/1265 903/1263/1266 712/1264/1267 737/1265/1268
f 848/1274/1277 849/1275/1278 693/1276/1279 716/1277/1280
f 712/1264/1267 817/1351/1356 818/1352/1357 737/1265/1268
f 741/1365/1370 945/1366/1371 946/1367/1372 765/1368/1373
f 736/1445/1451 843/1446/1452 844/1447/1453 763/1448/1454
f 762/1461/1467 895/1462/1468 896/1463/1469 784/1464/1470
f 818/1352/1357 817/1351/1356 736/1445/1451 763/1448/1454
f 693/1276/1279 823/1206/1207 822/1205/1206 716/1277/1280
f 844/1447/1453 843/1446/1452 762/1461/1467 784/1464/1470
f 715/1869/1885 849/1275/1278 848/1274/1277 742/1870/1886
f 896/1463/1469 895/1462/1468 741/1365/1370 765/1368/1373
f 691/1199/1200 903/1263/1266 902/1262/1265 713/1200/1201
f 946/1367/1372 945/1366/1371 715/1869/1885 742/1870/1886
f 692/1207/1208 953/1198/1199 952/1197/1198 714/1208/1209
s 43
f 1214/1201/1202 1215/1202/1203 1207/1203/1204 1208/1204/1205
f 1206/1871/1887 1207/1203/1204 1215/1202/1203 1216/1872/1888
f 694/2125/2241 850/2126/2242 1207/1203/1204 1206/1871/1887
f 1208/1204/1205 1207/1203/1204 850/2126/2242 671/2127/2243
f 849/2135/2253 1215/1202/1203 1214/1201/1202 693/2134/2254
f 1216/1872/1888 1215/1202/1203 849/2135/2253 715/2136/2255
s 44
f 1198/1258/1261 1199/1259/1262 1223/1260/1263 1224/1261/1264
f 1222/1350/1863 1223/1260/1263 1199/1259/1262 1200/1347/1864
f 690/2115/2229 816/2116/2230 1199/1259/1262 1198/1258/1261
f 1200/1347/1864 1199/1259/1262 816/2116/2230 735/2117/2231
f 817/2145/2265 1223/1260/1263 1222/1350/1863 736/2144/2266
f 1224/1261/1264 1223/1260/1263 817/2145/2265 712/2146/2267
s 45
f 951/1266/1269 952/1267/1270 713/1268/1271 738/1269/1272
f 714/1910/1928 952/1267/1270 951/1266/1269 739/1911/1929
s 46
f 1204/1270/1273 1205/1271/1274 1217/1272/1275 1218/1273/1276
f 1216/1900/1918 1217/1272/1275 1205/1271/1274 1206/1901/1919
f 740/2122/2238 944/2123/2239 1205/1271/1274 1204/1270/1273
f 1206/1901/1919 1205/1271/1274 944/2123/2239 694/2124/2240
f 945/2137/2256 1217/1272/1275 1216/1900/1918 715/2138/2257
f 1218/1273/1276 1217/1272/1275 945/2137/2256 741/2139/2258
s 47
f 821/1278/1281 822/1279/1282 714/1280/1283 739/1281/1284
f 716/1371/1869 822/1279/1282 821/1278/1281 743/1372/1870
s 48
f 1200/1347/1352 1201/1348/1353 1221/1349/1354 1222/1350/1355
f 1220/1857/1873 1221/1349/1354 1201/1348/1353 1202/1858/1874
f 735/2117/2232 842/2118/2233 1201/1348/1353 1200/1347/1352
f 1202/1858/1874 1201/1348/1353 842/2118/2233 761/2119/2234
f 843/2142/2262 1221/1349/1354 1220/1857/1873 762/2143/2263
f 1222/1350/1355 1221/1349/1354 843/2142/2262 736/2144/2264
s 49
f 901/1353/1358 902/1354/1359 737/1355/1360 764/1356/1361
f 713/1268/1900 902/1354/1359 901/1353/1358 738/1269/1901
s 50
f 950/1357/1362 951/1358/1363 738/1359/1364 820/1360/1365
f 819/1453/1459 900/1454/1460 901/1455/1461 764/1456/1462
f 845/1557/1565 898/1558/1566 899/1559/1567 785/1560/1568
f 785/1560/1568 899/1559/1567 900/1454/1460 819/1453/1459
f 897/1861/1877 898/1558/1566 845/1557/1565 800/1862/1878
f 947/1863/1879 948/1864/1880 846/1865/1881 786/1866/1882
f 786/1866/1882 846/1865/1881 898/1558/1566 897/1861/1877
f 901/1455/1461 900/1454/1460 820/1360/1365 738/1359/1364
f 847/1904/1922 948/1864/1880 947/1863/1879 766/1905/1923
f 743/1906/1924 949/1907/1925 948/1864/1880 847/1904/1922
f 821/1908/1926 950/1357/1362 949/1907/1925 743/1906/1924
f 739/1909/1927 951/1358/1363 950/1357/1362 821/1908/1926
s 51
f 1202/1361/1366 1203/1362/1367 1219/1363/1368 1220/1364/1369
f 1203/1362/1367 1204/1270/1893 1218/1273/1894 1219/1363/1368
f 894/2120/2235 1203/1362/1367 1202/1361/1366 761/2121/2236
f 740/2122/2237 1204/1270/1893 1203/1362/1367 894/2120/2235
f 1219/1363/1368 1218/1273/1894 741/2139/2259 895/2140/2260
f 1220/1364/1369 1219/1363/1368 895/2140/2260 762/2141/2261
s 52
f 847/1369/1374 848/1370/1375 716/1371/1376 743/1372/1377
f 742/1867/1883 848/1370/1375 847/1369/1374 766/1868/1884
s 53
f 942/1377/1382 943/1378/1383 744/1379/1384 788/1380/1385
f 768/1898/1916 717/1899/1917 943/1378/1383 942/1377/1382
s 54
f 973/1381/1386 974/1382/1387 717/1383/1388 768/1384/1389
f 745/1475/1946 974/1382/1387 973/1381/1386 769/1476/1947
s 55
f 764/1449/1455 737/1450/1456 818/1451/1457 819/1452/1458
f 819/1452/1458 818/1451/1457 763/1553/1865 785/1556/1866
s 56
f 1236/1457/1463 1237/1458/1464 1238/1459/1465 1239/1460/1466
f 1237/1458/1464 1240/1855/1867 1241/1856/1868 1238/1459/1465
f 1243/1873/1897 1242/1874/1898 1239/1460/1466 1238/1459/1465
f 1244/1875/1899 1243/1873/1897 1238/1459/1465 1241/1856/1868
s 57
f 786/1465/1471 765/1466/1472 946/1467/1473 947/1468/1474
f 947/1468/1474 946/1467/1473 742/1902/1920 766/1903/1921
s 58
f 892/1469/1475 893/1470/1476 767/1471/1477 787/1472/1478
f 744/1379/1891 893/1470/1476 892/1469/1475 788/1380/1892
s 59
f 999/1473/1479 1000/1474/1480 745/1475/1481 769/1476/1482
f 770/1929/1955 1000/1474/1480 999/1473/1479 789/1930/1956
s 60
f 971/1477/1483 972/1478/1484 942/1479/1485 788/1480/1486
f 969/1569/1577 970/1570/1578 892/1571/1579 787/1572/1580
f 997/1577/1585 998/1578/1586 941/1579/1587 790/1580/1588
f 995/1643/1651 996/1644/1652 891/1645/1653 801/1646/1654
f 996/1644/1652 997/1577/1585 790/1580/1588 891/1645/1653
f 892/1571/1579 970/1570/1578 971/1477/1483 788/1480/1486
f 769/1894/1912 941/1579/1587 998/1578/1586 999/1895/1913
f 768/1896/1914 942/1479/1485 972/1478/1484 973/1897/1915
f 801/1646/1654 891/1645/1653 970/1570/1578 969/1569/1577
f 971/1477/1483 970/1570/1578 891/1645/1653 790/1580/1588
f 941/1579/1587 972/1478/1484 971/1477/1483 790/1580/1588
f 973/1897/1915 972/1478/1484 941/1579/1587 769/1894/1912
f 890/1924/1950 996/1644/1652 995/1643/1651 810/1925/1951
f 803/1926/1952 997/1577/1585 996/1644/1652 890/1924/1950
f 940/1927/1953 998/1578/1586 997/1577/1585 803/1926/1952
f 999/1895/1913 998/1578/1586 940/1927/1953 789/1928/1954
s 61
f 97/1499/1507 779/1500/1508 82/1501/1509 81/1502/1510
s 62
f 265/1422/1428 295/1421/1427 289/1505/1513 292/1506/1514 300/1507/1515 312/1508/1516 327/1509/1517 345/1510/1518 361/1511/1519 377/1512/1520 393/1513/1521 216/1514/1522 215/1515/1523 213/1516/1524 214/1517/1525 224/1518/1526 225/1519/1527 222/1520/1528 223/1521/1529 232/1522/1530 233/1523/1531 241/1524/1532 230/1525/1533 231/1526/1534 240/1527/1535 249/1528/1536 238/1529/1537 239/1530/1538 248/1531/1539 258/1532/1540 246/1533/1541 247/1534/1542 257/1535/1543 255/1536/1544 256/1537/1545 266/1538/1546 267/1539/1547 263/1540/1548
f 156/1546/1554 783/1439/1445 159/1438/1444 158/1547/1555 154/1548/1556
f 436/1440/1446 783/1439/1445 447/1549/1557 434/1550/1558
f 165/1600/1608 172/1601/1609 171/1602/1610 180/1603/1611 178/1604/1612 179/1605/1613 188/1606/1614 189/1607/1615 186/1608/1616 187/1609/1617 194/1610/1618 202/1611/1619 203/1612/1620 200/1613/1621 201/1614/1622 208/1615/1623 217/1616/1624 216/1514/1522 393/1513/1521 392/1617/1625 406/1618/1626 416/1619/1627 807/1620/1628 140/1621/1629 139/1622/1630 152/1623/1631 153/1624/1632
f 447/1549/1557 783/1439/1445 156/1546/1554 155/1626/1634 145/1627/1635 146/1628/1636 128/1629/1637 125/1630/1638 127/1631/1639 461/1632/1640 454/1633/1641 445/1634/1642
f 172/1601/1609 165/1600/1608 164/1664/1672 173/1665/1673 170/1666/1674
f 337/1667/1675 15/1668/1676 11/1669/1677 5/1670/1678 7/1671/1679 807/1620/1628 416/1619/1627 414/1672/1680 415/1673/1681 403/1674/1682 404/1675/1683 401/1676/1684 402/1677/1685 388/1678/1686 389/1679/1687 386/1680/1688 387/1681/1689 373/1682/1690 374/1683/1691 390/1684/1692 372/1685/1693 357/1686/1694 358/1687/1695 375/1688/1696 356/1689/1697 341/1690/1698 342/1691/1699 359/1692/1700 340/1693/1701 323/1694/1702 324/1695/1703 343/1696/1704 322/1697/1705 309/1698/1706 310/1699/1707 325/1700/1708 307/1701/1709 308/1702/1710 319/1703/1711 317/1704/1712 318/1705/1713
f 813/1706/1714 88/1707/1715 87/1708/1716 104/1709/1717 105/1710/1718 102/1711/1719 103/1712/1720 121/1713/1721 122/1714/1722 119/1715/1723 120/1716/1724 141/1717/1725 142/1718/1726 138/1719/1727 140/1621/1629 807/1620/1628 545/1720/1728 536/1721/1729 527/1722/1730 529/1723/1731
f 813/1706/1714 520/1724/1732 510/1725/1733 502/1726/1734 494/1727/1735 486/1728/1736 476/1729/1737 468/1730/1738 459/1731/1739 461/1632/1640 127/1631/1639 126/1732/1740 109/1733/1741 110/1734/1742 129/1735/1743 108/1736/1744 92/1737/1745 93/1738/1746 111/1739/1747 91/1740/1748 77/1741/1749 78/1742/1750 94/1743/1751 76/1744/1752 58/1745/1753 59/1746/1754 79/1747/1755 57/1748/1756 44/1749/1757 45/1750/1758 60/1751/1759 42/1752/1760 43/1753/1761 54/1754/1762 52/1755/1763 53/1756/1764 72/1757/1765 73/1758/1766 69/1759/1767 71/1760/1768
f 383/1765/1773 442/1766/1774 441/1767/1775 16/1768/1776 15/1668/1676 337/1667/1675 335/1769/1777 336/1770/1778 333/1771/1779 334/1772/1780 352/1773/1781 353/1774/1782 350/1775/1783 351/1776/1784 368/1777/1785 369/1778/1786 366/1779/1787 367/1780/1788
f 807/1620/1628 7/1671/1679 1/1781/1789 4/1782/1790 10/1783/1791 21/1784/1792 20/1785/1793 22/1786/1794 484/1787/1795 483/1788/1796 543/1789/1797 542/1790/1798 540/1791/1799 541/1792/1800 545/1720/1728
f 520/1724/1732 813/1706/1714 529/1723/1731 518/1793/1801
f 88/1707/1715 813/1706/1714 71/1760/1768 70/1794/1802
f 442/1766/1774 383/1765/1773 382/1795/1803 398/1796/1804 412/1797/1805 413/1798/1806 410/1799/1807 411/1800/1808 420/1801/1809 426/1802/1810 433/1803/1811 431/1804/1812 432/1805/1813 443/1806/1814 444/1807/1815 439/1808/1816
f 16/1768/1776 441/1767/1775 440/1809/1817 452/1810/1818 453/1811/1819 450/1812/1820 451/1813/1821 458/1814/1822 466/1815/1823 467/1816/1824 464/1817/1825 465/1818/1826 474/1819/1827 475/1820/1828 472/1821/1829 473/1822/1830 485/1823/1831 484/1787/1795 22/1786/1794 17/1824/1832
f 21/1784/1792 10/1783/1791 9/1825/1833 14/1826/1834
f 543/1789/1797 483/1788/1796 482/1827/1835 480/1828/1836 481/1829/1837 492/1830/1838 493/1831/1839 501/1832/1840 490/1833/1841 491/1834/1842 500/1835/1843 509/1836/1844 498/1837/1845 499/1838/1846 508/1839/1847 517/1840/1848 506/1841/1849 507/1842/1850 516/1843/1851 514/1844/1852 515/1845/1853 525/1846/1854 526/1847/1855 523/1848/1856 524/1849/1857 534/1850/1858 535/1851/1859 532/1852/1860 533/1853/1861 544/1854/1862
s 63
f 763/1553/1561 844/1554/1562 845/1555/1563 785/1556/1564
f 845/1555/1563 844/1554/1562 784/1859/1875 800/1860/1876
s 64
f 784/1561/1569 896/1562/1570 897/1563/1571 800/1564/1572
f 897/1563/1571 896/1562/1570 765/1466/1895 786/1465/1896
s 65
f 767/1565/1573 968/1566/1574 969/1567/1575 787/1568/1576
f 969/1567/1575 968/1566/1574 799/1639/1944 801/1642/1945
s 66
f 802/1573/1581 939/1574/1582 940/1575/1583 803/1576/1584
f 940/1575/1583 939/1574/1582 770/1892/1910 789/1893/1911
s 67
f 799/1639/1647 994/1640/1648 995/1641/1649 801/1642/1650
f 995/1641/1649 994/1640/1648 809/1922/1948 810/1923/1949
s 68
f 809/1647/1655 889/1648/1656 890/1649/1657 810/1650/1658
f 890/1649/1657 889/1648/1656 802/1573/1889 803/1576/1890
s 69
f 948/1931/1957 949/1932/1958 1019/1933/1959 1018/1934/1960
s 70
f 846/1935/1961 948/1936/1962 1018/1937/1963 1020/1938/1964
s 71
f 949/1932/1965 950/1939/1966 1021/1940/1967 1019/1933/1968
s 72
f 950/1941/1969 820/1942/1970 1022/1943/1971 1021/1944/1972
s 73
f 899/1945/1973 898/1946/1974 1023/1947/1975 1024/1948/1976
s 74
f 898/1949/1977 846/1935/1978 1020/1938/1979 1023/1950/1980
s 75
f 900/1951/1981 899/1945/1982 1024/1948/1983 1025/1952/1984
s 76
f 820/1942/1985 900/1953/1986 1025/1954/1987 1022/1943/1988
s 77
f 1094/2070/2146 1095/2069/2147 1129/1956/2148 1128/1955/2149
s 78
f 1027/995/2150 1026/1914/2151 1131/1958/2152 1130/1957/2153
s 79
f 1030/1063/2154 1029/1062/2155 1134/1961/2156 1136/1963/2157
s 80
f 1097/2072/2158 1098/2073/2159 1137/1964/2160 1135/1962/2161
s 81
f 1098/2075/2162 1099/2074/2163 1138/1966/2164 1137/1965/2165
f 1099/2074/2163 1100/2076/2170 1140/1969/2171 1138/1966/2164
s 82
f 1031/1114/2166 1030/1113/2167 1136/1968/2168 1139/1967/2169
f 1032/1189/2172 1031/1114/2166 1139/1967/2169 1141/1970/2173
s 83
f 1042/1662/2174 1041/1661/2175 1158/1987/2176 1160/1989/2177
f 1043/1764/2182 1042/1662/2174 1160/1989/2177 1162/1991/2183
s 84
f 1109/2090/2178 1110/2091/2179 1161/1990/2180 1159/1988/2181
f 1110/2091/2179 1111/2092/2184 1163/1992/2185 1161/1990/2180
s 85
f 1111/2094/2186 1112/2093/2187 1164/1994/2188 1163/1993/2189
s 86
f 1044/1656/2190 1043/1655/2191 1162/1996/2192 1165/1995/2193
s 87
f 1047/1891/2194 1046/1586/2195 1169/2000/2196 1170/2001/2197
s 88
f 1114/2096/2198 1115/2097/2199 1171/2002/2200 1168/1999/2201
s 89
f 1048/1389/2202 1047/1486/2203 1170/2004/2204 1172/2003/2205
f 1049/1390/2212 1048/1389/2202 1172/2003/2205 1175/2008/2213
s 90
f 1115/2099/2206 1116/2098/2207 1173/2006/2208 1171/2005/2209
f 1116/2098/2207 1117/2100/2210 1174/2007/2211 1173/2006/2208
s 91
f 1059/933/2214 1058/938/2215 1192/2025/2216 1194/2027/2217
f 1026/934/2224 1059/933/2214 1194/2027/2217 1131/2030/2225
s 92
f 1126/2109/2218 1127/2110/2219 1195/2028/2220 1193/2026/2221
f 1127/2110/2219 1094/2111/2222 1128/2029/2223 1195/2028/2220
s 93
f 1018/2152/2274 1019/2153/2275 1229/2154/2276 1228/2155/2277
f 1020/2156/2278 1018/2152/2274 1228/2155/2277 1230/2157/2279
f 1019/2153/2275 1021/2158/2280 1231/2159/2281 1229/2154/2276
f 1021/2158/2280 1022/2160/2282 1232/2161/2283 1231/2159/2281
f 1024/2162/2284 1023/2163/2285 1233/2164/2286 1234/2165/2287
f 1023/2163/2285 1020/2156/2278 1230/2157/2279 1233/2164/2286
f 1025/2166/2288 1024/2162/2284 1234/2165/2287 1235/2167/2289
f 1022/2160/2282 1025/2166/2288 1235/2167/2289 1232/2161/2283
s 94
f 1228/2168/2290 1229/2169/2291 1237/2170/2292 1236/2171/2293
s 95
f 1230/2172/2294 1228/2173/2295 1236/2174/2296 1239/2175/2297
s 96
f 1229/2169/2298 1231/2176/2299 1240/2177/2300 1237/2170/2301
s 97
f 1231/2178/2302 1232/2179/2303 1241/2180/2304 1240/2181/2305
s 98
f 1234/2182/2306 1233/2183/2307 1242/2184/2308 1243/2185/2309
s 99
f 1233/2186/2310 1230/2172/2311 1239/2175/2312 1242/2187/2313
s 100
f 1235/2188/2314 1234/2182/2315 1243/2185/2316 1244/2189/2317
s 101
f 1232/2179/2318 1235/2190/2319 1244/2191/2320 1241/2180/2321

# 1078 faces
